2026-06-02 18:59:05,135 [INFO] AI Hızlandırıcı Durumu: Active
2026-06-02 19:00:35,698 [INFO] AI Hızlandırıcı Durumu: Active
2026-06-02 19:02:22,637 [INFO] AI Hızlandırıcı Durumu: Active
2026-06-02 19:20:12,373 [INFO] AI Hızlandırıcı Durumu: Active
2026-06-02 19:21:10,827 [INFO] AI Hızlandırıcı Durumu: Active
2026-06-02 19:22:01,648 [INFO] AI Hızlandırıcı Durumu: Active
2026-06-02 19:22:38,650 [INFO] AI Hızlandırıcı Durumu: Active
2026-06-02 19:29:20,398 [INFO] AI Hızlandırıcı Durumu: Active
2026-06-02 19:29:21,110 [INFO] ✅ SRWM custom OpenCL phase kernel aktif
2026-06-02 19:29:32,529 [INFO] AI Hızlandırıcı Durumu: Active
2026-06-02 19:29:33,092 [INFO] ✅ SRWM custom OpenCL phase kernel aktif
2026-06-02 19:29:46,886 [INFO] AI Hızlandırıcı Durumu: Active
2026-06-02 19:29:47,489 [INFO] ✅ SRWM custom OpenCL phase kernel aktif
2026-06-02 19:30:12,539 [INFO] AI Hızlandırıcı Durumu: Active
2026-06-02 19:30:13,196 [INFO] ✅ SRWM custom OpenCL phase kernel aktif
2026-06-02 19:41:32,613 [INFO] AI Hızlandırıcı Durumu: Active
2026-06-02 19:41:33,327 [INFO] ✅ SRWM custom OpenCL phase kernel aktif
2026-06-02 19:43:29,066 [INFO] AI Hızlandırıcı Durumu: Active
2026-06-02 19:43:29,820 [INFO] ✅ SRWM custom OpenCL phase kernel aktif
2026-06-02 19:44:11,047 [INFO] AI Hızlandırıcı Durumu: Active
2026-06-02 19:44:11,806 [INFO] ✅ SRWM custom OpenCL phase kernel aktif
2026-06-02 19:45:16,667 [INFO] AI Hızlandırıcı Durumu: Active
2026-06-02 19:45:17,330 [WARNING] Veri dosyası bulunamadı: ['custom_data.txt']. Dummy metin kullanılıyor.
2026-06-02 19:45:17,334 [INFO] Streaming dataset hazır: custom_data.tokens.bin (45001 token, prefetch=4, EFT=False, batch_size=2)
2026-06-02 19:45:53,996 [INFO] AI Hızlandırıcı Durumu: Active
2026-06-02 19:45:54,566 [INFO] Streaming dataset hazır: test_text.txt.tokens.bin (941 token, prefetch=4, EFT=False, batch_size=2)
2026-06-02 19:45:54,671 [INFO] ✅ SRWM custom OpenCL phase kernel aktif
2026-06-02 19:46:22,702 [INFO] AI Hızlandırıcı Durumu: Active
2026-06-02 19:46:23,348 [INFO] Streaming dataset hazır: test_text.txt.tokens.bin (941 token, prefetch=4, EFT=False, batch_size=2)
2026-06-02 19:46:23,442 [INFO] ✅ SRWM custom OpenCL phase kernel aktif
2026-06-02 19:49:23,850 [INFO] AI Hızlandırıcı Durumu: Active
2026-06-02 19:49:52,292 [INFO] Streaming dataset hazır: C:\Users\Administrator\Desktop\OTOYA\data_archive\eita_dataset.tokens.bin (78721298 token, prefetch=8, EFT=True, batch_size=32)
2026-06-02 19:49:52,456 [INFO] ✅ Vulkan tespit edildi - AI hızlandırıcılar için doğrudan erişim aktif
2026-06-02 19:49:53,105 [INFO] Backend hazır: CL
2026-06-02 19:49:53,105 [INFO] AI Hızlandırıcılar: Vulkan (Direct) - Active
2026-06-02 19:49:53,105 [INFO] ✅ Doğrudan AI hızlandırıcı erişimi aktif (128 hızlandırıcı)
2026-06-02 19:49:53,203 [INFO] ✅ SRWM custom OpenCL phase kernel aktif
2026-06-02 19:49:53,300 [INFO] ✅ JIT mevcut ve model küçük (10.1M < 50M) — tam entegre hızlı eğitim aktif.
2026-06-02 19:49:53,300 [INFO] Kernel'lar ısınıyor...
2026-06-02 19:50:48,149 [ERROR] Eğitim başarısız: cannot access tensor data during JIT capture, the value will be baked in
Traceback (most recent call last):
  File "C:\Users\Administrator\Desktop\OTOYA\eita.py", line 937, in run
    self._run()
    ~~~~~~~~~^^
  File "C:\Users\Administrator\Desktop\OTOYA\eita.py", line 1052, in _run
    jit_step(x, y, 0.0, high_t, med_t, low_t)
    ~~~~~~~~^^^^^^^^^^^^^^^^^^^^^^^^^^^^^^^^^
  File "C:\Users\Administrator\AppData\Local\Python\pythoncore-3.14-64\Lib\site-packages\tinygrad\engine\jit.py", line 272, in __call__
    ret = self.fxn(*args, **kwargs)
  File "C:\Users\Administrator\Desktop\OTOYA\eita.py", line 1001, in _step
    _, lm_loss, stats = mdl(x, y, phase_val, s_t,
                        ~~~^^^^^^^^^^^^^^^^^^^^^^
                            high_feat=high_f, med_feat=med_f, low_feat=low_f)
                            ^^^^^^^^^^^^^^^^^^^^^^^^^^^^^^^^^^^^^^^^^^^^^^^^^
  File "C:\Users\Administrator\Desktop\OTOYA\eita.py", line 850, in __call__
    x, st = l(x, phase, strength, use_cache=use_cache, start_pos=start_pos)
            ~^^^^^^^^^^^^^^^^^^^^^^^^^^^^^^^^^^^^^^^^^^^^^^^^^^^^^^^^^^^^^^
  File "C:\Users\Administrator\Desktop\OTOYA\eita.py", line 802, in __call__
    extra, ys2, ya2, pst = self.phase(ys, ya, strength)
                           ~~~~~~~~~~^^^^^^^^^^^^^^^^^^
  File "C:\Users\Administrator\Desktop\OTOYA\eita.py", line 578, in __call__
    extra, s_out, a_out, mixer_stats = self.mixer(y_ssm, y_attn, strength)
                                       ~~~~~~~~~~^^^^^^^^^^^^^^^^^^^^^^^^^
  File "C:\Users\Administrator\Desktop\OTOYA\helix_phase_bridge.py", line 115, in __call__
    y_state_np = y_state.numpy().astype(np.float32, copy=False)
                 ~~~~~~~~~~~~~^^
  File "C:\Users\Administrator\AppData\Local\Python\pythoncore-3.14-64\Lib\site-packages\tinygrad\tensor.py", line 1574, in _wrapper
    ret = fn(*args, **kwargs)
  File "C:\Users\Administrator\AppData\Local\Python\pythoncore-3.14-64\Lib\site-packages\tinygrad\tensor.py", line 354, in numpy
    return self._buffer().numpy().reshape(self.shape)
           ~~~~~~~~~~~~^^
  File "C:\Users\Administrator\AppData\Local\Python\pythoncore-3.14-64\Lib\site-packages\tinygrad\tensor.py", line 1548, in _wrapper
    if TRACEMETA < 1 or _METADATA.get() is not None: return fn(*args, **kwargs)
                                                            ~~^^^^^^^^^^^^^^^^^
  File "C:\Users\Administrator\AppData\Local\Python\pythoncore-3.14-64\Lib\site-packages\tinygrad\tensor.py", line 289, in _buffer
    raise JitError("cannot access tensor data during JIT capture, the value will be baked in")
tinygrad.engine.jit.JitError: cannot access tensor data during JIT capture, the value will be baked in

2026-06-02 19:51:04,738 [INFO] Streaming dataset hazır: C:\Users\Administrator\Desktop\OTOYA\data_archive\eita_dataset.tokens.bin (78721298 token, prefetch=8, EFT=True, batch_size=32)
2026-06-02 19:51:04,899 [INFO] ✅ Vulkan tespit edildi - AI hızlandırıcılar için doğrudan erişim aktif
2026-06-02 19:51:04,899 [INFO] Backend hazır: CL
2026-06-02 19:51:04,899 [INFO] AI Hızlandırıcılar: Vulkan (Direct) - Active
2026-06-02 19:51:04,899 [INFO] ✅ Doğrudan AI hızlandırıcı erişimi aktif (128 hızlandırıcı)
2026-06-02 19:51:04,989 [INFO] ✅ SRWM custom OpenCL phase kernel aktif
2026-06-02 19:51:05,090 [INFO] ✅ JIT mevcut ve model küçük (10.1M < 50M) — tam entegre hızlı eğitim aktif.
2026-06-02 19:51:05,090 [INFO] Kernel'lar ısınıyor...
2026-06-02 19:51:05,325 [INFO] Eğitim durduruldu, GPU belleği temizleniyor...
2026-06-02 19:51:05,505 [INFO] GPU belleği temizlendi.
2026-06-02 19:51:06,273 [INFO] Eğitim durduruldu, GPU belleği temizleniyor...
2026-06-02 19:51:06,508 [INFO] GPU belleği temizlendi.
2026-06-02 19:51:06,933 [INFO] Eğitim durduruldu, GPU belleği temizleniyor...
2026-06-02 19:51:07,175 [INFO] GPU belleği temizlendi.
2026-06-02 19:51:07,182 [INFO] Eğitim durduruldu, GPU belleği temizleniyor...
2026-06-02 19:51:07,419 [INFO] GPU belleği temizlendi.
2026-06-02 19:51:07,427 [INFO] Eğitim durduruldu, GPU belleği temizleniyor...
2026-06-02 19:51:07,654 [INFO] GPU belleği temizlendi.
2026-06-02 19:51:32,929 [INFO] AI Hızlandırıcı Durumu: Active
2026-06-02 19:51:47,991 [INFO] Streaming dataset hazır: C:\Users\Administrator\Desktop\OTOYA\data_archive\eita_dataset.tokens.bin (78721298 token, prefetch=8, EFT=True, batch_size=32)
2026-06-02 19:51:48,163 [INFO] ✅ Vulkan tespit edildi - AI hızlandırıcılar için doğrudan erişim aktif
2026-06-02 19:51:48,799 [INFO] Backend hazır: CL
2026-06-02 19:51:48,799 [INFO] AI Hızlandırıcılar: Vulkan (Direct) - Active
2026-06-02 19:51:48,799 [INFO] ✅ Doğrudan AI hızlandırıcı erişimi aktif (128 hızlandırıcı)
2026-06-02 19:51:48,897 [INFO] ✅ SRWM custom OpenCL phase kernel aktif
2026-06-02 19:51:49,038 [INFO] ✅ SRWM custom OpenCL phase kernel aktif
2026-06-02 19:51:49,176 [INFO] ✅ SRWM custom OpenCL phase kernel aktif
2026-06-02 19:51:49,273 [INFO] ✅ JIT mevcut ve model küçük (7.0M < 50M) — tam entegre hızlı eğitim aktif.
2026-06-02 19:51:49,273 [INFO] Kernel'lar ısınıyor...
2026-06-02 19:58:23,443 [INFO] AI Hızlandırıcı Durumu: Active
2026-06-02 19:58:24,316 [INFO] Streaming dataset hazır: test_text.txt.tokens.bin (941 token, prefetch=4, EFT=False, batch_size=2)
2026-06-02 19:58:24,419 [INFO] ✅ SRWM zero-copy (tinygrad) mixer aktif
2026-06-02 20:01:19,461 [INFO] AI Hızlandırıcı Durumu: Active
2026-06-02 20:01:40,929 [INFO] AI Hızlandırıcı Durumu: Active
2026-06-02 20:01:41,677 [INFO] Backend hazır: CL
2026-06-02 20:01:41,677 [INFO] AI Hızlandırıcılar: Vulkan (Direct) - Active
2026-06-02 20:01:41,677 [INFO] ✅ Doğrudan AI hızlandırıcı erişimi aktif (128 hızlandırıcı)
2026-06-02 20:01:41,773 [INFO] ✅ SRWM zero-copy (tinygrad) mixer aktif
2026-06-02 20:01:41,845 [INFO] ✅ JIT mevcut ve model küçük (0.1M < 50M) — tam entegre hızlı eğitim aktif.
2026-06-02 20:01:41,845 [INFO] Kernel'lar ısınıyor...
2026-06-02 20:02:34,159 [INFO] AI Hızlandırıcı Durumu: Active
2026-06-02 20:02:34,907 [INFO] Backend hazır: CL
2026-06-02 20:02:34,908 [INFO] AI Hızlandırıcılar: Vulkan (Direct) - Active
2026-06-02 20:02:34,908 [INFO] ✅ Doğrudan AI hızlandırıcı erişimi aktif (128 hızlandırıcı)
2026-06-02 20:02:35,004 [INFO] ✅ SRWM zero-copy (tinygrad) mixer aktif
2026-06-02 20:02:35,076 [INFO] ✅ JIT mevcut ve model küçük (0.1M < 50M) — tam entegre hızlı eğitim aktif.
2026-06-02 20:02:35,076 [INFO] Kernel'lar ısınıyor...
2026-06-02 20:04:00,355 [INFO] AI Hızlandırıcı Durumu: Active
2026-06-02 20:04:01,099 [INFO] Backend hazır: CL
2026-06-02 20:04:01,099 [INFO] AI Hızlandırıcılar: Vulkan (Direct) - Active
2026-06-02 20:04:01,099 [INFO] ✅ Doğrudan AI hızlandırıcı erişimi aktif (128 hızlandırıcı)
2026-06-02 20:04:01,196 [INFO] ✅ SRWM zero-copy (tinygrad) mixer aktif
2026-06-02 20:04:01,268 [INFO] ✅ JIT mevcut ve model küçük (0.1M < 50M) — tam entegre hızlı eğitim aktif.
2026-06-02 20:04:01,268 [INFO] Kernel'lar ısınıyor...
2026-06-02 20:05:37,091 [INFO] AI Hızlandırıcı Durumu: Active
2026-06-02 20:05:37,802 [INFO] Backend hazır: CL
2026-06-02 20:05:37,802 [INFO] AI Hızlandırıcılar: Vulkan (Direct) - Active
2026-06-02 20:05:37,803 [INFO] ✅ Doğrudan AI hızlandırıcı erişimi aktif (128 hızlandırıcı)
2026-06-02 20:05:37,904 [INFO] ✅ SRWM zero-copy (tinygrad) mixer aktif
2026-06-02 20:05:37,971 [INFO] ✅ JIT mevcut ve model küçük (0.1M < 50M) — tam entegre hızlı eğitim aktif.
2026-06-02 20:05:37,971 [INFO] Kernel'lar ısınıyor...
2026-06-02 20:09:33,912 [INFO] AI Hızlandırıcı Durumu: Active
2026-06-02 20:09:34,647 [INFO] Backend hazır: CL
2026-06-02 20:09:34,647 [INFO] AI Hızlandırıcılar: Vulkan (Direct) - Active
2026-06-02 20:09:34,648 [INFO] ✅ Doğrudan AI hızlandırıcı erişimi aktif (128 hızlandırıcı)
2026-06-02 20:09:34,750 [INFO] ✅ SRWM zero-copy (tinygrad) mixer aktif
2026-06-02 20:09:34,817 [INFO] ✅ JIT mevcut ve model küçük (0.1M < 50M) — tam entegre hızlı eğitim aktif.
2026-06-02 20:09:34,817 [INFO] Kernel'lar ısınıyor...
2026-06-02 20:09:34,931 [ERROR] Eğitim başarısız: cannot access free variable 'BATCH_SIZE' where it is not associated with a value in enclosing scope
Traceback (most recent call last):
  File "C:\Users\Administrator\Desktop\OTOYA\eita.py", line 916, in run
    self._run()
    ~~~~~~~~~^^
  File "C:\Users\Administrator\Desktop\OTOYA\eita.py", line 1029, in _run
    jit_step = make_train_step(model, opt, phase, self.cfg.use_eft)
  File "C:\Users\Administrator\Desktop\OTOYA\eita.py", line 968, in make_train_step
    x_t = Tensor.empty(BATCH_SIZE, self.cfg.context_length, dtype=dtypes.int32)
                       ^^^^^^^^^^
NameError: cannot access free variable 'BATCH_SIZE' where it is not associated with a value in enclosing scope

2026-06-02 20:10:28,393 [INFO] AI Hızlandırıcı Durumu: Active
2026-06-02 20:10:39,627 [INFO] Streaming dataset hazır: C:\Users\Administrator\Desktop\OTOYA\data_archive\eita_dataset.tokens.bin (78721298 token, prefetch=8, EFT=True, batch_size=64)
2026-06-02 20:10:39,786 [INFO] ✅ Vulkan tespit edildi - AI hızlandırıcılar için doğrudan erişim aktif
2026-06-02 20:10:40,435 [INFO] Backend hazır: CL
2026-06-02 20:10:40,436 [INFO] AI Hızlandırıcılar: Vulkan (Direct) - Active
2026-06-02 20:10:40,436 [INFO] ✅ Doğrudan AI hızlandırıcı erişimi aktif (128 hızlandırıcı)
2026-06-02 20:10:40,532 [INFO] ✅ SRWM zero-copy (tinygrad) mixer aktif
2026-06-02 20:10:40,670 [INFO] ✅ SRWM zero-copy (tinygrad) mixer aktif
2026-06-02 20:10:40,807 [INFO] ✅ SRWM zero-copy (tinygrad) mixer aktif
2026-06-02 20:10:40,901 [INFO] ✅ JIT mevcut ve model küçük (7.0M < 50M) — tam entegre hızlı eğitim aktif.
2026-06-02 20:10:40,901 [INFO] Kernel'lar ısınıyor...
2026-06-02 20:10:41,228 [ERROR] Eğitim başarısız: cannot access free variable 'BATCH_SIZE' where it is not associated with a value in enclosing scope
Traceback (most recent call last):
  File "C:\Users\Administrator\Desktop\OTOYA\eita.py", line 916, in run
    self._run()
    ~~~~~~~~~^^
  File "C:\Users\Administrator\Desktop\OTOYA\eita.py", line 1029, in _run
    jit_step = make_train_step(model, opt, phase, self.cfg.use_eft)
  File "C:\Users\Administrator\Desktop\OTOYA\eita.py", line 968, in make_train_step
    x_t = Tensor.empty(BATCH_SIZE, self.cfg.context_length, dtype=dtypes.int32)
                       ^^^^^^^^^^
NameError: cannot access free variable 'BATCH_SIZE' where it is not associated with a value in enclosing scope

2026-06-02 20:16:11,101 [INFO] AI Hızlandırıcı Durumu: Active
2026-06-02 20:16:36,126 [INFO] Streaming dataset hazır: C:\Users\Administrator\Desktop\OTOYA\data_archive\eita_dataset.tokens.bin (78721298 token, prefetch=8, EFT=True, batch_size=64)
2026-06-02 20:16:36,282 [INFO] ✅ Vulkan tespit edildi - AI hızlandırıcılar için doğrudan erişim aktif
2026-06-02 20:16:36,930 [INFO] Backend hazır: CL
2026-06-02 20:16:36,930 [INFO] AI Hızlandırıcılar: Vulkan (Direct) - Active
2026-06-02 20:16:36,930 [INFO] ✅ Doğrudan AI hızlandırıcı erişimi aktif (128 hızlandırıcı)
2026-06-02 20:16:37,029 [INFO] ✅ SRWM zero-copy (tinygrad) mixer aktif
2026-06-02 20:16:37,168 [INFO] ✅ SRWM zero-copy (tinygrad) mixer aktif
2026-06-02 20:16:37,306 [INFO] ✅ SRWM zero-copy (tinygrad) mixer aktif
2026-06-02 20:16:37,401 [INFO] ℹ️ Stabil GPU modu aktif — JIT kapatıldı, derleme takılmaları azaltıldı.
2026-06-02 20:16:37,401 [INFO] Cekirdek hazirlaniyor...
2026-06-02 20:16:51,840 [INFO] Warmup tamamlandı.
2026-06-02 20:16:51,840 [INFO] 🔄 Faz geçişi: -1 -> 1
2026-06-02 20:16:51,995 [INFO] Faz 1 — strength=0.000 [EFT]
2026-06-02 20:18:08,260 [INFO] step=1 loss=12.1178 lm=12.1178 tps=161
2026-06-02 20:18:08,260 [WARNING] ⚠️ Step 1 çok yavaş: 76.42s
2026-06-02 20:19:23,728 [INFO] step=2 loss=10.4479 lm=10.4479 tps=162
2026-06-02 20:19:23,728 [WARNING] ⚠️ Step 2 çok yavaş: 75.47s
2026-06-02 20:19:57,052 [INFO] step=3 loss=8.7841 lm=8.7841 tps=199
2026-06-02 20:19:57,052 [WARNING] ⚠️ Step 3 çok yavaş: 33.32s
2026-06-02 20:20:30,535 [INFO] step=4 loss=7.3853 lm=7.3853 tps=225
2026-06-02 20:20:30,535 [WARNING] ⚠️ Step 4 çok yavaş: 33.48s
2026-06-02 20:20:44,404 [INFO] Eğitim durduruldu, GPU belleği temizleniyor...
2026-06-02 20:20:44,868 [INFO] GPU belleği temizlendi.
2026-06-02 20:27:39,681 [INFO] AI Hızlandırıcı Durumu: Active
2026-06-02 20:28:01,155 [INFO] Streaming dataset hazır: C:\Users\Administrator\Desktop\OTOYA\data_archive\eita_dataset.tokens.bin (78721298 token, prefetch=8, EFT=True, batch_size=32)
2026-06-02 20:28:01,305 [INFO] ✅ Vulkan tespit edildi - AI hızlandırıcılar için doğrudan erişim aktif
2026-06-02 20:28:01,946 [INFO] Backend hazır: CL
2026-06-02 20:28:01,946 [INFO] AI Hızlandırıcılar: Vulkan (Direct) - Active
2026-06-02 20:28:01,946 [INFO] ✅ Doğrudan AI hızlandırıcı erişimi aktif (128 hızlandırıcı)
2026-06-02 20:28:02,027 [INFO] ✅ TURBO mixer aktif (light/ultra yerine throughput odakli)
2026-06-02 20:28:02,315 [INFO] ℹ️ Stabil GPU modu aktif — JIT kapatıldı, derleme takılmaları azaltıldı.
2026-06-02 20:28:02,315 [INFO] Cekirdek hazirlaniyor...
2026-06-02 20:28:02,315 [INFO] EFT erken fazlarda pasif: ilk hiz icin faz 3'e kadar holografik yol kapali.
2026-06-02 20:28:07,354 [INFO] Warmup tamamlandı.
2026-06-02 20:28:07,354 [INFO] 🔄 Faz geçişi: -1 -> 1
2026-06-02 20:28:07,468 [INFO] Faz 1 — strength=0.000 [TURBO]
2026-06-02 20:28:45,853 [INFO] step=1 loss=12.7726 lm=12.7726 tps=160
2026-06-02 20:28:45,854 [WARNING] ⚠️ Step 1 çok yavaş: 38.50s
2026-06-02 20:29:20,738 [INFO] step=2 loss=11.2345 lm=11.2345 tps=167
2026-06-02 20:29:39,232 [INFO] step=3 loss=9.8248 lm=9.8248 tps=201
2026-06-02 20:29:57,591 [INFO] step=4 loss=8.6832 lm=8.6832 tps=223
2026-06-02 20:30:16,444 [INFO] step=5 loss=7.6159 lm=7.6159 tps=238
2026-06-02 20:30:20,377 [INFO] Eğitim durduruldu, GPU belleği temizleniyor...
2026-06-02 20:30:20,657 [INFO] GPU belleği temizlendi.
2026-06-02 20:30:21,788 [INFO] Eğitim durduruldu, GPU belleği temizleniyor...
2026-06-02 20:30:22,140 [INFO] GPU belleği temizlendi.
2026-06-02 20:40:53,436 [INFO] AI Hızlandırıcı Durumu: Active
2026-06-02 20:41:24,159 [INFO] Streaming dataset hazır: tiny_stories.tokens.bin (355860481 token, prefetch=8, EFT=False, batch_size=32)
2026-06-02 20:41:24,301 [INFO] ✅ Vulkan tespit edildi - AI hızlandırıcılar için doğrudan erişim aktif
2026-06-02 20:41:24,945 [INFO] Backend hazır: CL
2026-06-02 20:41:24,946 [INFO] AI Hızlandırıcılar: Vulkan (Direct) - Active
2026-06-02 20:41:24,946 [INFO] ✅ Doğrudan AI hızlandırıcı erişimi aktif (128 hızlandırıcı)
2026-06-02 20:41:25,034 [INFO] ✅ TURBO mixer aktif (light/ultra yerine throughput odakli)
2026-06-02 20:41:25,299 [INFO] ℹ️ Stabil GPU modu aktif — JIT kapatıldı, derleme takılmaları azaltıldı.
2026-06-02 20:41:25,299 [INFO] Cekirdek hazirlaniyor...
2026-06-02 20:41:36,627 [INFO] Warmup tamamlandı.
2026-06-02 20:41:36,627 [INFO] 🔄 Faz geçişi: -1 -> 1
2026-06-02 20:41:36,788 [INFO] Faz 1 — strength=0.000 [TURBO]
2026-06-02 20:43:31,237 [INFO] step=1 loss=12.8263 lm=12.8263 tps=54
2026-06-02 20:43:31,237 [WARNING] ⚠️ Step 1 çok yavaş: 114.61s
2026-06-02 20:44:05,781 [INFO] step=2 loss=11.3986 lm=11.3986 tps=82
2026-06-02 20:44:29,320 [INFO] step=3 loss=9.9515 lm=9.9515 tps=107
2026-06-02 20:44:52,787 [INFO] step=4 loss=8.6864 lm=8.6864 tps=125
2026-06-02 20:44:59,236 [INFO] Eğitim durduruldu, GPU belleği temizleniyor...
2026-06-02 20:44:59,909 [INFO] GPU belleği temizlendi.
2026-06-02 20:50:22,565 [INFO] AI Hızlandırıcı Durumu: Active
2026-06-02 20:50:39,992 [INFO] Streaming dataset hazır: C:\Users\Administrator\Desktop\OTOYA\data_archive\eita_dataset.tokens.bin (78721298 token, prefetch=8, EFT=False, batch_size=32)
2026-06-02 20:50:40,168 [INFO] ✅ Vulkan tespit edildi - AI hızlandırıcılar için doğrudan erişim aktif
2026-06-02 20:50:40,798 [INFO] Backend hazır: CL
2026-06-02 20:50:40,798 [INFO] AI Hızlandırıcılar: Vulkan (Direct) - Active
2026-06-02 20:50:40,798 [INFO] ✅ Doğrudan AI hızlandırıcı erişimi aktif (128 hızlandırıcı)
2026-06-02 20:50:40,893 [INFO] ✅ LightWNN tekrar aktif (tinygrad, dusuk maliyetli)
2026-06-02 20:50:41,173 [INFO] ℹ️ Stabil GPU modu aktif — JIT kapatıldı, derleme takılmaları azaltıldı.
2026-06-02 20:50:41,173 [INFO] Cekirdek hazirlaniyor...
2026-06-02 20:50:51,710 [INFO] Warmup tamamlandı.
2026-06-02 20:50:51,711 [INFO] 🔄 Faz geçişi: -1 -> 1
2026-06-02 20:50:51,885 [INFO] Faz 1 — strength=0.000 [LIGHT_WNN]
2026-06-02 20:52:13,392 [INFO] step=1 loss=12.7544 lm=12.7544 tps=75
2026-06-02 20:52:13,392 [WARNING] ⚠️ Step 1 çok yavaş: 81.68s
2026-06-02 20:52:52,256 [INFO] Eğitim durduruldu, GPU belleği temizleniyor...
2026-06-02 20:52:52,883 [INFO] GPU belleği temizlendi.
2026-06-02 20:53:09,202 [INFO] step=2 loss=11.3912 lm=11.3912 tps=89
2026-06-02 20:53:16,391 [INFO] Streaming dataset hazır: C:\Users\Administrator\Desktop\OTOYA\data_archive\eita_dataset.tokens.bin (78721298 token, prefetch=8, EFT=False, batch_size=32)
2026-06-02 20:53:16,466 [INFO] ✅ Vulkan tespit edildi - AI hızlandırıcılar için doğrudan erişim aktif
2026-06-02 20:53:16,466 [INFO] Backend hazır: CL
2026-06-02 20:53:16,466 [INFO] AI Hızlandırıcılar: Vulkan (Direct) - Active
2026-06-02 20:53:16,466 [INFO] ✅ Doğrudan AI hızlandırıcı erişimi aktif (128 hızlandırıcı)
2026-06-02 20:53:16,544 [INFO] ✅ UltraWNN tekrar aktif (tinygrad, maksimum hiz modu)
2026-06-02 20:53:16,805 [INFO] ℹ️ Stabil GPU modu aktif — JIT kapatıldı, derleme takılmaları azaltıldı.
2026-06-02 20:53:16,805 [INFO] Cekirdek hazirlaniyor...
2026-06-02 20:53:19,597 [INFO] Warmup tamamlandı.
2026-06-02 20:53:19,597 [INFO] 🔄 Faz geçişi: -1 -> 1
2026-06-02 20:53:20,579 [INFO] Faz 1 — strength=0.000 [ULTRA_WNN]
2026-06-02 20:53:53,932 [INFO] step=1 loss=12.5480 lm=12.5480 tps=179
2026-06-02 20:53:53,933 [WARNING] ⚠️ Step 1 çok yavaş: 34.34s
2026-06-02 20:54:30,596 [INFO] step=2 loss=11.4275 lm=11.4275 tps=173
2026-06-02 20:54:52,973 [INFO] step=3 loss=10.0554 lm=10.0554 tps=197
2026-06-02 20:55:13,887 [INFO] Eğitim durduruldu, GPU belleği temizleniyor...
2026-06-02 20:55:14,969 [INFO] GPU belleği temizlendi.
2026-06-02 20:55:14,977 [INFO] Eğitim durduruldu, GPU belleği temizleniyor...
2026-06-02 20:55:16,149 [INFO] GPU belleği temizlendi.
2026-06-02 21:00:15,072 [INFO] AI Hızlandırıcı Durumu: Active
2026-06-02 21:00:34,418 [INFO] Streaming dataset hazır: C:\Users\Administrator\Desktop\OTOYA\data_archive\eita_dataset.tokens.bin (78721298 token, prefetch=8, EFT=False, batch_size=32)
2026-06-02 21:00:34,592 [INFO] ✅ Vulkan tespit edildi - AI hızlandırıcılar için doğrudan erişim aktif
2026-06-02 21:00:35,232 [INFO] Backend hazır: CL
2026-06-02 21:00:35,232 [INFO] AI Hızlandırıcılar: Vulkan (Direct) - Active
2026-06-02 21:00:35,232 [INFO] ✅ Doğrudan AI hızlandırıcı erişimi aktif (128 hızlandırıcı)
2026-06-02 21:00:35,315 [INFO] ✅ UltraWNN tekrar aktif (tinygrad, maksimum hiz modu)
2026-06-02 21:00:35,597 [INFO] ℹ️ Stabil GPU modu aktif — JIT kapatıldı, derleme takılmaları azaltıldı.
2026-06-02 21:00:35,597 [INFO] Cekirdek hazirlaniyor...
2026-06-02 21:00:43,552 [INFO] Warmup tamamlandı.
2026-06-02 21:00:43,553 [INFO] 🔄 Faz geçişi: -1 -> 1
2026-06-02 21:00:43,702 [INFO] Faz 1 — strength=0.000 [ULTRA_WNN]
2026-06-02 21:01:29,353 [INFO] step=1 loss=12.6374 lm=12.6374 tps=134
2026-06-02 21:01:29,354 [WARNING] ⚠️ Step 1 çok yavaş: 45.80s
2026-06-02 21:03:12,699 [INFO] step=10 loss=4.0236 lm=4.0236 tps=412
2026-06-02 21:03:12,699 [WARNING] ⚠️ Step 10 çok yavaş: 10.68s
2026-06-02 21:04:05,180 [INFO] Eğitim durduruldu, GPU belleği temizleniyor...
2026-06-02 21:04:05,901 [INFO] GPU belleği temizlendi.
2026-06-02 21:04:06,144 [INFO] Eğitim durduruldu, GPU belleği temizleniyor...
2026-06-02 21:04:06,908 [INFO] GPU belleği temizlendi.
2026-06-02 21:04:06,915 [INFO] Eğitim durduruldu, GPU belleği temizleniyor...
2026-06-02 21:04:07,678 [INFO] GPU belleği temizlendi.
2026-06-02 21:04:07,686 [INFO] Eğitim durduruldu, GPU belleği temizleniyor...
2026-06-02 21:04:08,447 [INFO] GPU belleği temizlendi.
2026-06-02 21:04:09,123 [INFO] Eğitim durduruldu, GPU belleği temizleniyor...
2026-06-02 21:04:09,807 [INFO] GPU belleği temizlendi.
2026-06-02 21:04:12,484 [INFO] Eğitim durduruldu, GPU belleği temizleniyor...
2026-06-02 21:04:13,175 [INFO] GPU belleği temizlendi.
2026-06-02 21:04:19,386 [INFO] Streaming dataset hazır: C:\Users\Administrator\Desktop\OTOYA\data_archive\eita_dataset.tokens.bin (78721298 token, prefetch=8, EFT=False, batch_size=32)
2026-06-02 21:04:19,462 [INFO] ✅ Vulkan tespit edildi - AI hızlandırıcılar için doğrudan erişim aktif
2026-06-02 21:04:19,463 [INFO] Backend hazır: CL
2026-06-02 21:04:19,463 [INFO] AI Hızlandırıcılar: Vulkan (Direct) - Active
2026-06-02 21:04:19,463 [INFO] ✅ Doğrudan AI hızlandırıcı erişimi aktif (128 hızlandırıcı)
2026-06-02 21:04:19,804 [INFO] ℹ️ Stabil GPU modu aktif — JIT kapatıldı, derleme takılmaları azaltıldı.
2026-06-02 21:04:19,805 [INFO] Cekirdek hazirlaniyor...
2026-06-02 21:04:20,532 [INFO] Warmup tamamlandı.
2026-06-02 21:04:20,532 [INFO] 🔄 Faz geçişi: -1 -> 1
2026-06-02 21:04:21,363 [INFO] Faz 1 — strength=0.000 [ULTRA_WNN]
2026-06-02 21:04:22,972 [INFO] step=1 loss=12.6902 lm=12.6902 tps=2518
2026-06-02 21:04:34,552 [INFO] step=10 loss=4.0273 lm=4.0273 tps=4382
2026-06-02 21:05:21,637 [INFO] step=20 loss=3.0857 lm=3.0857 tps=2011
2026-06-02 21:05:37,732 [INFO] Eğitim durduruldu, GPU belleği temizleniyor...
2026-06-02 21:05:38,452 [INFO] GPU belleği temizlendi.
2026-06-02 21:05:39,332 [INFO] Eğitim durduruldu, GPU belleği temizleniyor...
2026-06-02 21:05:40,302 [INFO] GPU belleği temizlendi.
2026-06-02 21:10:27,763 [INFO] AI Hızlandırıcı Durumu: Active
2026-06-02 21:10:39,115 [INFO] Streaming dataset hazır: C:\Users\Administrator\Desktop\OTOYA\data_archive\eita_dataset.tokens.bin (78721298 token, prefetch=8, EFT=False, batch_size=32)
2026-06-02 21:10:39,283 [INFO] ✅ Vulkan tespit edildi - AI hızlandırıcılar için doğrudan erişim aktif
2026-06-02 21:10:39,918 [INFO] Backend hazır: CL
2026-06-02 21:10:39,918 [INFO] AI Hızlandırıcılar: Vulkan (Direct) - Active
2026-06-02 21:10:39,918 [INFO] ✅ Doğrudan AI hızlandırıcı erişimi aktif (128 hızlandırıcı)
2026-06-02 21:10:40,001 [INFO] ✅ TURBO mixer aktif (light/ultra yerine throughput odakli)
2026-06-02 21:10:40,273 [INFO] ℹ️ Stabil GPU modu aktif — JIT kapatıldı, derleme takılmaları azaltıldı.
2026-06-02 21:10:40,273 [INFO] Cekirdek hazirlaniyor...
2026-06-02 21:10:48,078 [INFO] Warmup tamamlandı.
2026-06-02 21:10:48,078 [INFO] 🔄 Faz geçişi: -1 -> 1
2026-06-02 21:10:48,233 [INFO] Faz 1 — strength=0.000 [TURBO]
2026-06-02 21:11:27,548 [INFO] step=1 loss=12.6656 lm=12.6656 tps=156
2026-06-02 21:11:27,548 [WARNING] ⚠️ Step 1 çok yavaş: 39.47s
2026-06-02 21:12:27,070 [INFO] Eğitim durduruldu, GPU belleği temizleniyor...
2026-06-02 21:12:27,567 [INFO] GPU belleği temizlendi.
2026-06-02 21:12:27,574 [INFO] Eğitim durduruldu, GPU belleği temizleniyor...
2026-06-02 21:12:28,204 [INFO] GPU belleği temizlendi.
2026-06-02 21:12:28,534 [INFO] Eğitim durduruldu, GPU belleği temizleniyor...
2026-06-02 21:12:29,164 [INFO] GPU belleği temizlendi.
2026-06-02 21:12:29,784 [INFO] Eğitim durduruldu, GPU belleği temizleniyor...
2026-06-02 21:12:30,603 [INFO] GPU belleği temizlendi.
2026-06-02 21:12:30,946 [INFO] Eğitim durduruldu, GPU belleği temizleniyor...
2026-06-02 21:12:31,708 [INFO] GPU belleği temizlendi.
2026-06-02 21:58:49,227 [INFO] AI Hızlandırıcı Durumu: Active
2026-06-02 22:09:54,027 [INFO] AI Hızlandırıcı Durumu: Active
2026-06-02 22:10:10,695 [INFO] Streaming dataset hazır: C:\Users\Administrator\Desktop\OTOYA\data_archive\eita_dataset.tokens.bin (78721298 token, prefetch=8, EFT=False, batch_size=32)
2026-06-02 22:10:11,106 [INFO] ✅ Vulkan tespit edildi - AI hızlandırıcılar için doğrudan erişim aktif
2026-06-02 22:10:12,103 [INFO] Backend hazır: CL
2026-06-02 22:10:12,103 [INFO] AI Hızlandırıcılar: Vulkan (Direct) - Active
2026-06-02 22:10:12,103 [INFO] ✅ Doğrudan AI hızlandırıcı erişimi aktif (128 hızlandırıcı)
2026-06-02 22:10:12,189 [INFO] ✅ UltraWNN tekrar aktif (tinygrad, maksimum hiz modu)
2026-06-02 22:10:12,451 [INFO] ℹ️ Stabil GPU modu aktif — JIT kapatıldı, derleme takılmaları azaltıldı.
2026-06-02 22:10:12,451 [INFO] Cekirdek hazirlaniyor...
2026-06-02 22:10:20,644 [INFO] Warmup tamamlandı.
2026-06-02 22:10:20,644 [INFO] 🔄 Faz geçişi: -1 -> 1
2026-06-02 22:10:20,808 [INFO] Faz 1 — strength=0.000 [ULTRA_WNN]
2026-06-02 22:11:01,717 [INFO] step=1 loss=12.6598 lm=12.6598 tps=150
2026-06-02 22:11:01,717 [WARNING] ⚠️ Step 1 çok yavaş: 41.07s
2026-06-02 22:11:39,796 [INFO] step=10 loss=4.3592 lm=4.3592 tps=776
2026-06-02 22:11:53,507 [INFO] step=20 loss=3.1167 lm=3.1167 tps=1323
2026-06-02 22:12:07,550 [INFO] step=30 loss=2.9262 lm=2.9262 tps=1724
2026-06-02 22:12:13,967 [INFO] Eğitim durduruldu, GPU belleği temizleniyor...
2026-06-02 22:12:14,596 [INFO] GPU belleği temizlendi.
2026-06-02 22:12:17,058 [INFO] Streaming dataset hazır: C:\Users\Administrator\Desktop\OTOYA\data_archive\eita_dataset.tokens.bin (78721298 token, prefetch=8, EFT=False, batch_size=32)
2026-06-02 22:12:17,217 [INFO] ✅ Vulkan tespit edildi - AI hızlandırıcılar için doğrudan erişim aktif
2026-06-02 22:12:17,217 [INFO] Backend hazır: CL
2026-06-02 22:12:17,217 [INFO] AI Hızlandırıcılar: Vulkan (Direct) - Active
2026-06-02 22:12:17,217 [INFO] ✅ Doğrudan AI hızlandırıcı erişimi aktif (128 hızlandırıcı)
2026-06-02 22:12:17,307 [INFO] ✅ LightWNN tekrar aktif (tinygrad, dusuk maliyetli)
2026-06-02 22:12:17,597 [INFO] ℹ️ Stabil GPU modu aktif — JIT kapatıldı, derleme takılmaları azaltıldı.
2026-06-02 22:12:17,597 [INFO] Cekirdek hazirlaniyor...
2026-06-02 22:12:23,310 [INFO] Warmup tamamlandı.
2026-06-02 22:12:23,310 [INFO] 🔄 Faz geçişi: -1 -> 1
2026-06-02 22:12:24,175 [INFO] Faz 1 — strength=0.000 [LIGHT_WNN]
2026-06-02 22:13:04,116 [INFO] step=1 loss=12.7542 lm=12.7542 tps=151
2026-06-02 22:13:04,116 [WARNING] ⚠️ Step 1 çok yavaş: 40.81s
2026-06-02 22:13:11,582 [INFO] Eğitim durduruldu, GPU belleği temizleniyor...
2026-06-02 22:13:12,448 [INFO] GPU belleği temizlendi.
2026-06-02 22:50:30,860 [INFO] AI Hızlandırıcı Durumu: Active
2026-06-02 22:50:49,043 [INFO] Streaming dataset hazır: C:\Users\Administrator\Desktop\OTOYA\data_archive\eita_dataset.tokens.bin (78721298 token, prefetch=8, EFT=False, batch_size=64)
2026-06-02 22:50:49,876 [INFO] Backend hazır: CL
2026-06-02 22:50:49,876 [INFO] AI Hızlandırıcılar: Vulkan (Direct) - Active
2026-06-02 22:50:49,876 [INFO] ✅ Doğrudan AI hızlandırıcı erişimi aktif (128 hızlandırıcı)
2026-06-02 22:50:49,962 [INFO] ✅ UltraWNN tekrar aktif (tinygrad, maksimum hiz modu)
2026-06-02 22:50:50,225 [INFO] ✅ JIT aktif (7.0M) — throughput odakli hizli egitim modu kullaniliyor.
2026-06-02 22:50:50,225 [INFO] Cekirdek hazirlaniyor...
2026-06-02 22:50:52,591 [INFO] Eğitim durduruldu, GPU belleği temizleniyor...
2026-06-02 22:50:52,684 [INFO] GPU belleği temizlendi.
2026-06-02 22:50:53,516 [INFO] Eğitim durduruldu, GPU belleği temizleniyor...
2026-06-02 22:50:53,627 [INFO] GPU belleği temizlendi.
2026-06-02 22:51:04,679 [INFO] Eğitim durduruldu, GPU belleği temizleniyor...
2026-06-02 22:51:04,800 [INFO] GPU belleği temizlendi.
2026-06-02 22:51:21,123 [INFO] AI Hızlandırıcı Durumu: Active
2026-06-02 22:51:35,354 [INFO] Streaming dataset hazır: C:\Users\Administrator\Desktop\OTOYA\data_archive\eita_dataset.tokens.bin (78721298 token, prefetch=8, EFT=False, batch_size=32)
2026-06-02 22:51:36,115 [INFO] Backend hazır: CL
2026-06-02 22:51:36,115 [INFO] AI Hızlandırıcılar: Vulkan (Direct) - Active
2026-06-02 22:51:36,116 [INFO] ✅ Doğrudan AI hızlandırıcı erişimi aktif (128 hızlandırıcı)
2026-06-02 22:51:36,201 [INFO] ✅ UltraWNN tekrar aktif (tinygrad, maksimum hiz modu)
2026-06-02 22:51:36,249 [INFO] ✅ JIT aktif (10.1M) — throughput odakli hizli egitim modu kullaniliyor.
2026-06-02 22:51:36,249 [INFO] Cekirdek hazirlaniyor...
2026-06-02 22:52:17,533 [INFO] Warmup tamamlandı.
2026-06-02 22:52:17,534 [INFO] 🔄 Faz geçişi: -1 -> 1
2026-06-02 22:52:17,701 [INFO] Faz 1 — strength=0.000 [ULTRA_WNN JIT]
2026-06-02 22:52:20,492 [INFO] step=1 loss=21.4836 lm=21.4836 tps=1385
2026-06-02 22:52:22,343 [INFO] step=10 loss=6.4694 lm=6.4694 tps=8517
2026-06-02 22:52:24,268 [INFO] step=20 loss=3.5877 lm=3.5877 tps=12163
2026-06-02 22:52:26,197 [INFO] step=30 loss=2.9716 lm=2.9716 tps=14183
2026-06-02 22:52:28,123 [INFO] step=40 loss=2.7902 lm=2.7902 tps=15471
2026-06-02 22:52:30,074 [INFO] step=50 loss=2.6650 lm=2.6650 tps=16331
2026-06-02 22:52:32,043 [INFO] step=60 loss=2.6360 lm=2.6360 tps=16937
2026-06-02 22:52:34,017 [INFO] step=70 loss=2.6280 lm=2.6280 tps=17395
2026-06-02 22:52:35,999 [INFO] step=80 loss=2.4577 lm=2.4577 tps=17746
2026-06-02 22:52:37,967 [INFO] step=90 loss=2.4333 lm=2.4333 tps=18041
2026-06-02 22:52:39,957 [INFO] step=100 loss=2.3305 lm=2.3305 tps=18267
2026-06-02 22:52:41,980 [INFO] step=110 loss=2.4290 lm=2.4290 tps=18431
2026-06-02 22:52:43,949 [INFO] step=120 loss=2.2723 lm=2.2723 tps=18607
2026-06-02 22:52:45,913 [INFO] step=130 loss=2.3232 lm=2.3232 tps=18763
2026-06-02 22:52:47,877 [INFO] step=140 loss=2.1759 lm=2.1759 tps=18898
2026-06-02 22:52:49,841 [INFO] step=150 loss=2.2220 lm=2.2220 tps=19017
2026-06-02 22:52:49,842 [INFO] 🔄 Faz geçişi: 1 -> 2
2026-06-02 22:52:50,057 [INFO] Faz 2 — strength=0.008 [ULTRA_WNN JIT]
2026-06-02 22:53:08,707 [INFO] step=160 loss=2.1248 lm=2.1248 tps=12807
2026-06-02 22:53:10,952 [INFO] step=170 loss=2.1792 lm=2.1792 tps=13035
2026-06-02 22:53:13,193 [INFO] step=180 loss=2.3178 lm=2.3178 tps=13246
2026-06-02 22:53:15,425 [INFO] step=190 loss=2.1799 lm=2.1799 tps=13443
2026-06-02 22:53:17,652 [INFO] step=200 loss=2.2006 lm=2.2006 tps=13626
2026-06-02 22:53:17,652 [INFO] 🧹 GPU belleği temizleniyor (step 200)...
2026-06-02 22:53:17,872 [INFO] ✅ GPU belleği temizlendi
2026-06-02 22:53:20,189 [INFO] step=210 loss=2.2259 lm=2.2258 tps=13728
2026-06-02 22:53:22,422 [INFO] step=220 loss=2.0964 lm=2.0965 tps=13887
2026-06-02 22:53:24,664 [INFO] step=230 loss=2.0408 lm=2.0409 tps=14034
2026-06-02 22:53:26,905 [INFO] step=240 loss=2.0575 lm=2.0575 tps=14171
2026-06-02 22:53:29,147 [INFO] step=250 loss=1.9776 lm=1.9776 tps=14299
2026-06-02 22:53:31,390 [INFO] step=260 loss=1.9368 lm=1.9368 tps=14419
2026-06-02 22:53:33,654 [INFO] step=270 loss=2.0778 lm=2.0778 tps=14529
2026-06-02 22:53:35,928 [INFO] step=280 loss=1.9868 lm=1.9868 tps=14630
2026-06-02 22:53:38,168 [INFO] step=290 loss=2.0591 lm=2.0591 tps=14731
2026-06-02 22:53:40,406 [INFO] step=300 loss=1.9672 lm=1.9672 tps=14828
2026-06-02 22:53:42,639 [INFO] step=310 loss=1.9120 lm=1.9120 tps=14920
2026-06-02 22:53:44,877 [INFO] step=320 loss=1.7936 lm=1.7936 tps=15006
2026-06-02 22:53:47,126 [INFO] step=330 loss=1.9391 lm=1.9391 tps=15087
2026-06-02 22:53:49,363 [INFO] step=340 loss=2.1012 lm=2.1012 tps=15165
2026-06-02 22:53:51,673 [INFO] step=350 loss=1.9331 lm=1.9331 tps=15228
2026-06-02 22:53:51,673 [INFO] 🔄 Faz geçişi: 2 -> 3
2026-06-02 22:53:51,674 [INFO] 🧹 Faz geçişi öncesi GPU belleği temizleniyor...
2026-06-02 22:53:52,109 [INFO] ✅ GPU belleği temizlendi
2026-06-02 22:53:52,443 [INFO] Faz 3 — strength=1.000 [ULTRA_WNN JIT]
2026-06-02 22:54:16,669 [INFO] step=360 loss=2.0310 lm=2.0310 tps=12377
2026-06-02 22:54:20,386 [INFO] step=370 loss=2.0821 lm=2.0821 tps=12336
2026-06-02 22:54:24,104 [INFO] step=380 loss=2.2695 lm=2.2695 tps=12297
2026-06-02 22:54:27,822 [INFO] step=390 loss=1.8106 lm=1.8106 tps=12261
2026-06-02 22:54:31,613 [INFO] step=400 loss=1.9165 lm=1.9165 tps=12220
2026-06-02 22:54:31,613 [INFO] 🧹 GPU belleği temizleniyor (step 400)...
2026-06-02 22:54:31,873 [INFO] ✅ GPU belleği temizlendi
2026-06-02 22:54:35,711 [INFO] step=410 loss=1.9377 lm=1.9377 tps=12154
2026-06-02 22:54:39,464 [INFO] step=420 loss=1.8878 lm=1.8878 tps=12121
2026-06-02 22:54:43,234 [INFO] step=430 loss=1.9845 lm=1.9844 tps=12088
2026-06-02 22:54:46,968 [INFO] step=440 loss=1.9500 lm=1.9500 tps=12060
2026-06-02 22:54:50,706 [INFO] step=450 loss=1.9532 lm=1.9532 tps=12033
2026-06-02 22:54:50,707 [INFO] 🔄 Faz geçişi: 3 -> 4
2026-06-02 22:54:50,707 [INFO] 🧹 Faz geçişi öncesi GPU belleği temizleniyor...
2026-06-02 22:54:51,298 [INFO] ✅ GPU belleği temizlendi
2026-06-02 22:54:51,740 [INFO] Faz 4 — strength=1.000 [ULTRA_WNN JIT]
2026-06-02 22:54:58,687 [INFO] step=460 loss=1.9062 lm=1.9061 tps=11692
2026-06-02 22:55:02,420 [INFO] step=470 loss=1.9206 lm=1.9205 tps=11675
2026-06-02 22:55:06,149 [INFO] step=480 loss=1.9576 lm=1.9576 tps=11660
2026-06-02 22:55:09,885 [INFO] step=490 loss=1.9086 lm=1.9086 tps=11645
2026-06-02 22:55:13,621 [ERROR] Eğitim başarısız: type object 'Tensor' has no attribute 'no_grad'
Traceback (most recent call last):
  File "C:\Users\Administrator\Desktop\OTOYA\eita.py", line 1129, in run
    self._run()
    ~~~~~~~~~^^
  File "C:\Users\Administrator\Desktop\OTOYA\eita.py", line 1387, in _run
    with Tensor.no_grad():
         ^^^^^^^^^^^^^^
AttributeError: type object 'Tensor' has no attribute 'no_grad'

2026-06-02 23:05:32,235 [INFO] AI Hızlandırıcı Durumu: Active
2026-06-02 23:05:48,166 [INFO] Streaming dataset hazır: C:\Users\Administrator\Desktop\OTOYA\data_archive\eita_dataset.tokens.bin (78721298 token, prefetch=8, EFT=False, batch_size=64)
2026-06-02 23:05:48,913 [INFO] Backend hazır: CL
2026-06-02 23:05:48,913 [INFO] Backend tuning: CACHELEVEL=3 fast_math=on
2026-06-02 23:05:48,913 [INFO] AI Hızlandırıcılar: Vulkan (Direct) - Active
2026-06-02 23:05:48,913 [INFO] ✅ Doğrudan AI hızlandırıcı erişimi aktif (128 hızlandırıcı)
2026-06-02 23:05:48,996 [INFO] ✅ UltraWNN tekrar aktif (tinygrad, maksimum hiz modu)
2026-06-02 23:05:49,045 [INFO] ✅ JIT aktif (10.1M) — throughput odakli hizli egitim modu kullaniliyor.
2026-06-02 23:05:49,045 [INFO] Cekirdek hazirlaniyor...
2026-06-02 23:06:24,198 [INFO] Warmup tamamlandı.
2026-06-02 23:06:24,198 [INFO] 🔄 Faz geçişi: -1 -> 1
2026-06-02 23:06:24,367 [INFO] Faz 1 — strength=0.000 [ULTRA_WNN JIT]
2026-06-02 23:06:26,087 [INFO] step=1 loss=21.5428 lm=21.5428 tps=4338
2026-06-02 23:06:28,459 [INFO] step=10 loss=6.2832 lm=6.2832 tps=19228
2026-06-02 23:06:30,949 [INFO] step=20 loss=3.4350 lm=3.4350 tps=24271
2026-06-02 23:06:33,444 [INFO] step=30 loss=2.8626 lm=2.8626 tps=26582
2026-06-02 23:06:35,943 [INFO] step=40 loss=2.7754 lm=2.7754 tps=27901
2026-06-02 23:06:38,437 [INFO] step=50 loss=2.6319 lm=2.6319 tps=28767
2026-06-02 23:06:40,936 [INFO] step=60 loss=2.5753 lm=2.5753 tps=29365
2026-06-02 23:06:43,444 [INFO] step=70 loss=2.5589 lm=2.5589 tps=29795
2026-06-02 23:06:45,947 [INFO] step=80 loss=2.4328 lm=2.4328 tps=30133
2026-06-02 23:06:48,456 [INFO] step=90 loss=2.3746 lm=2.3746 tps=30394
2026-06-02 23:06:50,962 [INFO] step=100 loss=2.4162 lm=2.4162 tps=30609
2026-06-02 23:06:53,509 [INFO] step=110 loss=2.3494 lm=2.3494 tps=30743
2026-06-02 23:06:56,094 [INFO] step=120 loss=2.1965 lm=2.1965 tps=30821
2026-06-02 23:06:58,599 [INFO] step=130 loss=2.1249 lm=2.1249 tps=30957
2026-06-02 23:07:01,117 [INFO] step=140 loss=2.1855 lm=2.1855 tps=31065
2026-06-02 23:07:03,657 [INFO] step=150 loss=2.1934 lm=2.1934 tps=31141
2026-06-02 23:07:03,658 [INFO] 🔄 Faz geçişi: 1 -> 2
2026-06-02 23:07:03,880 [INFO] Faz 2 — strength=0.008 [ULTRA_WNN JIT]
2026-06-02 23:07:24,110 [INFO] step=160 loss=2.1123 lm=2.1124 tps=21878
2026-06-02 23:07:26,749 [INFO] step=170 loss=2.1413 lm=2.1409 tps=22264
2026-06-02 23:07:29,398 [INFO] step=180 loss=2.1731 lm=2.1730 tps=22616
2026-06-02 23:07:32,059 [INFO] step=190 loss=2.2318 lm=2.2318 tps=22937
2026-06-02 23:07:34,764 [INFO] step=200 loss=2.1079 lm=2.1079 tps=23218
2026-06-02 23:07:34,764 [INFO] 🧹 GPU belleği temizleniyor (step 200)...
2026-06-02 23:07:34,984 [INFO] ✅ GPU belleği temizlendi
2026-06-02 23:07:37,765 [INFO] step=210 loss=2.0687 lm=2.0688 tps=23384
2026-06-02 23:07:40,428 [INFO] step=220 loss=2.0634 lm=2.0633 tps=23642
2026-06-02 23:07:43,093 [INFO] step=230 loss=2.0535 lm=2.0536 tps=23882
2026-06-02 23:07:45,839 [INFO] step=240 loss=2.0849 lm=2.0849 tps=24082
2026-06-02 23:07:48,537 [INFO] step=250 loss=2.0266 lm=2.0266 tps=24283
2026-06-02 23:07:51,230 [INFO] step=260 loss=2.0491 lm=2.0491 tps=24473
2026-06-02 23:07:53,943 [INFO] step=270 loss=2.1329 lm=2.1329 tps=24646
2026-06-02 23:07:56,840 [INFO] step=280 loss=2.3151 lm=2.3150 tps=24759
2026-06-02 23:07:59,615 [INFO] step=290 loss=2.4623 lm=2.4622 tps=24898
2026-06-02 23:08:02,316 [INFO] step=300 loss=2.4383 lm=2.4381 tps=25048
2026-06-02 23:08:04,984 [INFO] step=310 loss=2.4665 lm=2.4660 tps=25197
2026-06-02 23:08:07,662 [INFO] step=320 loss=2.2647 lm=2.2643 tps=25337
2026-06-02 23:08:10,534 [INFO] step=330 loss=2.2841 lm=2.2839 tps=25423
2026-06-02 23:08:13,393 [INFO] step=340 loss=2.1996 lm=2.1996 tps=25507
2026-06-02 23:08:16,115 [INFO] step=350 loss=2.2480 lm=2.2479 tps=25619
2026-06-02 23:08:16,115 [INFO] 🔄 Faz geçişi: 2 -> 3
2026-06-02 23:08:16,115 [INFO] 🧹 Faz geçişi öncesi GPU belleği temizleniyor...
2026-06-02 23:08:16,575 [INFO] ✅ GPU belleği temizlendi
2026-06-02 23:08:16,913 [INFO] Faz 3 — strength=1.000 [ULTRA_WNN JIT]
2026-06-02 23:08:43,335 [INFO] step=360 loss=2.0561 lm=2.0560 tps=21196
2026-06-02 23:08:50,067 [INFO] step=370 loss=2.0371 lm=2.0370 tps=20779
2026-06-02 23:08:56,835 [INFO] step=380 loss=2.0667 lm=2.0666 tps=20395
2026-06-02 23:09:03,752 [INFO] step=390 loss=2.0535 lm=2.0534 tps=20024
2026-06-02 23:09:10,549 [INFO] step=400 loss=2.0352 lm=2.0351 tps=19698
2026-06-02 23:09:10,549 [INFO] 🧹 GPU belleği temizleniyor (step 400)...
2026-06-02 23:09:10,819 [INFO] ✅ GPU belleği temizlendi
2026-06-02 23:09:17,432 [INFO] step=410 loss=2.0031 lm=2.0030 tps=19388
2026-06-02 23:09:24,305 [INFO] step=420 loss=2.0491 lm=2.0490 tps=19103
2026-06-02 23:09:31,290 [INFO] step=430 loss=2.0691 lm=2.0690 tps=18828
2026-06-02 23:09:38,217 [INFO] step=440 loss=1.9776 lm=1.9775 tps=18578
2026-06-02 23:09:44,987 [INFO] step=450 loss=1.9783 lm=1.9782 tps=18360
2026-06-02 23:09:44,987 [INFO] 🔄 Faz geçişi: 3 -> 4
2026-06-02 23:09:44,987 [INFO] 🧹 Faz geçişi öncesi GPU belleği temizleniyor...
2026-06-02 23:09:45,653 [INFO] ✅ GPU belleği temizlendi
2026-06-02 23:09:46,148 [INFO] Faz 4 — strength=1.000 [ULTRA_WNN JIT]
2026-06-02 23:09:55,149 [INFO] step=460 loss=2.0033 lm=2.0032 tps=17864
2026-06-02 23:10:01,913 [INFO] step=470 loss=1.9819 lm=1.9818 tps=17685
2026-06-02 23:10:08,905 [INFO] step=480 loss=1.9325 lm=1.9324 tps=17499
2026-06-02 23:10:15,721 [INFO] step=490 loss=2.0354 lm=2.0353 tps=17338
2026-06-02 23:10:23,323 [INFO] step=500 loss=2.0007 lm=2.0006 tps=17191
2026-06-02 23:10:23,733 [INFO] GPU belleği temizleniyor...
2026-06-02 23:10:24,064 [INFO] GPU belleği başarıyla temizlendi.
2026-06-02 23:10:43,297 [INFO] AI Hızlandırıcı Durumu: Active
2026-06-02 23:10:53,668 [INFO] ✅ UltraWNN tekrar aktif (tinygrad, maksimum hiz modu)
2026-06-02 23:13:10,556 [INFO] AI Hızlandırıcı Durumu: Active
2026-06-02 23:13:14,190 [INFO] ✅ UltraWNN tekrar aktif (tinygrad, maksimum hiz modu)
2026-06-02 23:24:18,559 [INFO] AI Hızlandırıcı Durumu: Active
2026-06-02 23:24:46,008 [INFO] JSONL dosyası yüklendi: 100066 kayıt, 100066 chat kaydı, 0 atlandı
2026-06-02 23:24:50,645 [INFO] Streaming dataset hazır: C:\Users\Administrator\Desktop\OTOYA\data_archive\eita_dataset.chatml.tokens.bin (87614005 token, prefetch=8, EFT=False, batch_size=64)
2026-06-02 23:24:51,380 [INFO] Backend hazır: CL
2026-06-02 23:24:51,380 [INFO] Backend tuning: CACHELEVEL=3 fast_math=on
2026-06-02 23:24:51,380 [INFO] AI Hızlandırıcılar: Vulkan (Direct) - Active
2026-06-02 23:24:51,380 [INFO] ✅ Doğrudan AI hızlandırıcı erişimi aktif (128 hızlandırıcı)
2026-06-02 23:24:51,463 [INFO] ✅ UltraWNN tekrar aktif (tinygrad, maksimum hiz modu)
2026-06-02 23:24:51,464 [INFO] ✅ UltraHybrid aktif (UltraWNN + hafif global memory izi)
2026-06-02 23:24:51,512 [INFO] ✅ JIT aktif (10.1M) — throughput odakli hizli egitim modu kullaniliyor.
2026-06-02 23:24:51,512 [INFO] Cekirdek hazirlaniyor...
2026-06-02 23:25:09,410 [INFO] Warmup tamamlandı.
2026-06-02 23:25:09,410 [INFO] 🔄 Faz geçişi: -1 -> 1
2026-06-02 23:25:09,610 [INFO] Faz 1 — strength=0.000 [ULTRA_HYBRID JIT]
2026-06-02 23:25:11,352 [INFO] step=1 loss=21.6372 lm=21.6372 tps=4218
2026-06-02 23:25:13,736 [INFO] step=10 loss=6.4829 lm=6.4829 tps=18938
2026-06-02 23:25:16,206 [INFO] step=20 loss=3.5067 lm=3.5067 tps=24109
2026-06-02 23:25:18,673 [INFO] step=30 loss=2.8871 lm=2.8871 tps=26532
2026-06-02 23:25:21,143 [INFO] step=40 loss=2.6388 lm=2.6388 tps=27928
2026-06-02 23:25:23,617 [INFO] step=50 loss=2.4418 lm=2.4418 tps=28832
2026-06-02 23:25:26,099 [INFO] step=60 loss=2.4568 lm=2.4568 tps=29452
2026-06-02 23:25:28,573 [INFO] step=70 loss=2.2592 lm=2.2592 tps=29924
2026-06-02 23:25:31,044 [INFO] step=80 loss=2.0537 lm=2.0537 tps=30294
2026-06-02 23:25:33,527 [INFO] step=90 loss=2.1070 lm=2.1070 tps=30572
2026-06-02 23:25:36,010 [INFO] step=100 loss=2.0903 lm=2.0903 tps=30797
2026-06-02 23:25:38,538 [INFO] step=110 loss=2.1523 lm=2.1523 tps=30937
2026-06-02 23:25:41,023 [INFO] step=120 loss=1.9611 lm=1.9611 tps=31096
2026-06-02 23:25:43,506 [INFO] step=130 loss=1.9909 lm=1.9909 tps=31234
2026-06-02 23:25:46,033 [INFO] step=140 loss=1.9793 lm=1.9793 tps=31316
2026-06-02 23:25:48,530 [INFO] step=150 loss=1.9570 lm=1.9570 tps=31411
2026-06-02 23:25:48,531 [INFO] 🔄 Faz geçişi: 1 -> 2
2026-06-02 23:25:48,798 [INFO] Faz 2 — strength=0.008 [ULTRA_HYBRID JIT]
2026-06-02 23:25:57,630 [INFO] step=160 loss=2.0818 lm=2.0818 tps=27182
2026-06-02 23:26:00,238 [INFO] step=170 loss=2.0546 lm=2.0543 tps=27399
2026-06-02 23:26:02,861 [INFO] step=180 loss=1.9609 lm=1.9605 tps=27587
2026-06-02 23:26:05,478 [INFO] step=190 loss=2.4065 lm=2.4054 tps=27760
2026-06-02 23:26:08,098 [INFO] step=200 loss=2.3082 lm=2.3073 tps=27917
2026-06-02 23:26:08,098 [INFO] 🧹 GPU belleği temizleniyor (step 200)...
2026-06-02 23:26:08,318 [INFO] ✅ GPU belleği temizlendi
2026-06-02 23:26:11,018 [INFO] step=210 loss=2.1447 lm=2.1440 tps=27924
2026-06-02 23:26:13,642 [INFO] step=220 loss=2.1733 lm=2.1732 tps=28058
2026-06-02 23:26:16,270 [INFO] step=230 loss=1.9589 lm=1.9589 tps=28181
2026-06-02 23:26:18,906 [INFO] step=240 loss=2.0904 lm=2.0900 tps=28291
2026-06-02 23:26:21,535 [INFO] step=250 loss=2.0860 lm=2.0848 tps=28395
2026-06-02 23:26:24,165 [INFO] step=260 loss=2.0123 lm=2.0108 tps=28492
2026-06-02 23:26:26,847 [INFO] step=270 loss=2.0780 lm=2.0768 tps=28563
2026-06-02 23:26:29,479 [INFO] step=280 loss=1.8444 lm=1.8434 tps=28647
2026-06-02 23:26:32,117 [INFO] step=290 loss=1.8804 lm=1.8794 tps=28724
2026-06-02 23:26:34,752 [INFO] step=300 loss=2.0121 lm=2.0112 tps=28797
2026-06-02 23:26:37,382 [INFO] step=310 loss=1.9528 lm=1.9519 tps=28867
2026-06-02 23:26:40,023 [INFO] step=320 loss=1.8938 lm=1.8930 tps=28930
2026-06-02 23:26:42,653 [INFO] step=330 loss=1.9388 lm=1.9380 tps=28993
2026-06-02 23:26:45,287 [INFO] step=340 loss=1.9357 lm=1.9349 tps=29051
2026-06-02 23:26:47,957 [INFO] step=350 loss=1.8090 lm=1.8082 tps=29095
2026-06-02 23:26:47,957 [INFO] 🔄 Faz geçişi: 2 -> 3
2026-06-02 23:26:47,957 [INFO] 🧹 Faz geçişi öncesi GPU belleği temizleniyor...
2026-06-02 23:26:48,392 [INFO] ✅ GPU belleği temizlendi
2026-06-02 23:26:48,726 [INFO] Faz 3 — strength=1.000 [ULTRA_HYBRID JIT]
2026-06-02 23:27:18,660 [INFO] step=360 loss=2.0315 lm=2.0309 tps=22817
2026-06-02 23:27:24,297 [INFO] step=370 loss=1.9685 lm=1.9679 tps=22471
2026-06-02 23:27:29,937 [INFO] step=380 loss=1.8627 lm=1.8622 tps=22152
2026-06-02 23:27:35,684 [INFO] step=390 loss=1.9924 lm=1.9918 tps=21842
2026-06-02 23:27:41,255 [INFO] step=400 loss=1.8186 lm=1.8180 tps=21580
2026-06-02 23:27:41,255 [INFO] 🧹 GPU belleği temizleniyor (step 400)...
2026-06-02 23:27:41,529 [INFO] ✅ GPU belleği temizlendi
2026-06-02 23:27:47,112 [INFO] step=410 loss=1.8156 lm=1.8151 tps=21298
2026-06-02 23:27:52,828 [INFO] step=420 loss=1.9307 lm=1.9301 tps=21054
2026-06-02 23:27:58,501 [INFO] step=430 loss=1.9006 lm=1.9000 tps=20832
2026-06-02 23:28:04,170 [INFO] step=440 loss=1.8070 lm=1.8065 tps=20625
2026-06-02 23:28:09,846 [INFO] step=450 loss=1.9667 lm=1.9661 tps=20431
2026-06-02 23:28:09,846 [INFO] 🔄 Faz geçişi: 3 -> 4
2026-06-02 23:28:09,846 [INFO] 🧹 Faz geçişi öncesi GPU belleği temizleniyor...
2026-06-02 23:28:10,523 [INFO] ✅ GPU belleği temizlendi
2026-06-02 23:28:11,038 [INFO] Faz 4 — strength=1.000 [ULTRA_HYBRID JIT]
2026-06-02 23:28:19,518 [INFO] step=460 loss=1.8815 lm=1.8809 tps=19822
2026-06-02 23:28:25,172 [INFO] step=470 loss=1.9448 lm=1.9442 tps=19668
2026-06-02 23:28:30,837 [INFO] step=480 loss=1.9932 lm=1.9927 tps=19521
2026-06-02 23:28:36,508 [INFO] step=490 loss=1.6774 lm=1.6768 tps=19382
2026-06-02 23:28:42,899 [INFO] step=500 loss=1.8473 lm=1.8468 tps=19252
2026-06-02 23:28:43,311 [INFO] GPU belleği temizleniyor...
2026-06-02 23:28:43,659 [INFO] GPU belleği başarıyla temizlendi.
2026-06-02 23:33:26,901 [INFO] AI Hızlandırıcı Durumu: Active
2026-06-02 23:33:43,737 [INFO] Streaming dataset hazır: C:\Users\Administrator\Desktop\OTOYA\data_archive\eita_dataset.chatml.tokens.bin (87614005 token, prefetch=8, EFT=False, batch_size=64)
2026-06-02 23:33:44,467 [INFO] Backend hazır: CL
2026-06-02 23:33:44,467 [INFO] Backend tuning: CACHELEVEL=3 fast_math=on
2026-06-02 23:33:44,467 [INFO] AI Hızlandırıcılar: Vulkan (Direct) - Active
2026-06-02 23:33:44,467 [INFO] ✅ Doğrudan AI hızlandırıcı erişimi aktif (128 hızlandırıcı)
2026-06-02 23:33:44,552 [INFO] ✅ UltraWNN tekrar aktif (tinygrad, maksimum hiz modu)
2026-06-02 23:33:44,552 [INFO] ✅ UltraHybrid aktif (UltraWNN + hafif global memory izi)
2026-06-02 23:33:44,602 [INFO] ✅ JIT aktif (10.1M) — throughput odakli hizli egitim modu kullaniliyor.
2026-06-02 23:33:44,602 [INFO] Cekirdek hazirlaniyor...
2026-06-02 23:33:59,725 [INFO] Warmup tamamlandı.
2026-06-02 23:33:59,725 [INFO] 🔄 Faz geçişi: -1 -> 1
2026-06-02 23:33:59,901 [INFO] Faz 1 — strength=0.000 [ULTRA_HYBRID JIT]
2026-06-02 23:34:01,627 [INFO] step=1 loss=21.5251 lm=21.5251 tps=4308
2026-06-02 23:34:04,068 [INFO] step=10 loss=6.5063 lm=6.5063 tps=18862
2026-06-02 23:34:06,537 [INFO] step=20 loss=3.5103 lm=3.5103 tps=24052
2026-06-02 23:34:09,018 [INFO] step=30 loss=2.8824 lm=2.8824 tps=26445
2026-06-02 23:34:11,492 [INFO] step=40 loss=2.6363 lm=2.6363 tps=27848
2026-06-02 23:34:13,970 [INFO] step=50 loss=2.4402 lm=2.4402 tps=28754
2026-06-02 23:34:16,451 [INFO] step=60 loss=2.4584 lm=2.4584 tps=29387
2026-06-02 23:34:18,930 [INFO] step=70 loss=2.2595 lm=2.2595 tps=29860
2026-06-02 23:34:21,417 [INFO] step=80 loss=2.0526 lm=2.0526 tps=30212
2026-06-02 23:34:23,901 [INFO] step=90 loss=2.1051 lm=2.1051 tps=30497
2026-06-02 23:34:26,385 [INFO] step=100 loss=2.0899 lm=2.0899 tps=30728
2026-06-02 23:34:28,909 [INFO] step=110 loss=2.1562 lm=2.1562 tps=30878
2026-06-02 23:34:31,396 [INFO] step=120 loss=1.9607 lm=1.9607 tps=31040
2026-06-02 23:34:33,889 [INFO] step=130 loss=1.9950 lm=1.9950 tps=31173
2026-06-02 23:34:36,383 [INFO] step=140 loss=1.9857 lm=1.9857 tps=31286
2026-06-02 23:34:38,876 [INFO] step=150 loss=1.9794 lm=1.9794 tps=31386
2026-06-02 23:34:38,876 [INFO] 🔄 Faz geçişi: 1 -> 2
2026-06-02 23:34:39,093 [INFO] Faz 2 — strength=0.008 [ULTRA_HYBRID JIT]
2026-06-02 23:34:47,899 [INFO] step=160 loss=2.0760 lm=2.0756 tps=27208
2026-06-02 23:34:50,520 [INFO] step=170 loss=2.0206 lm=2.0207 tps=27417
2026-06-02 23:34:53,137 [INFO] step=180 loss=1.9173 lm=1.9173 tps=27607
2026-06-02 23:34:55,757 [INFO] step=190 loss=1.9817 lm=1.9815 tps=27779
2026-06-02 23:34:58,384 [INFO] step=200 loss=1.9162 lm=1.9160 tps=27931
2026-06-02 23:34:58,384 [INFO] 🧹 GPU belleği temizleniyor (step 200)...
2026-06-02 23:34:58,599 [INFO] ✅ GPU belleği temizlendi
2026-06-02 23:35:01,308 [INFO] step=210 loss=1.9634 lm=1.9633 tps=27935
2026-06-02 23:35:03,932 [INFO] step=220 loss=1.9365 lm=1.9365 tps=28069
2026-06-02 23:35:06,558 [INFO] step=230 loss=1.7366 lm=1.7366 tps=28192
2026-06-02 23:35:09,185 [INFO] step=240 loss=1.8898 lm=1.8898 tps=28305
2026-06-02 23:35:11,817 [INFO] step=250 loss=1.8739 lm=1.8739 tps=28408
2026-06-02 23:35:14,441 [INFO] step=260 loss=1.7921 lm=1.7921 tps=28507
2026-06-02 23:35:17,072 [INFO] step=270 loss=1.8671 lm=1.8669 tps=28596
2026-06-02 23:35:19,705 [INFO] step=280 loss=1.6331 lm=1.6329 tps=28679
2026-06-02 23:35:22,344 [INFO] step=290 loss=1.6881 lm=1.6880 tps=28755
2026-06-02 23:35:24,980 [INFO] step=300 loss=1.8310 lm=1.8310 tps=28827
2026-06-02 23:35:27,616 [INFO] step=310 loss=1.7539 lm=1.7539 tps=28894
2026-06-02 23:35:30,246 [INFO] step=320 loss=1.7457 lm=1.7456 tps=28959
2026-06-02 23:35:32,951 [INFO] step=330 loss=1.8126 lm=1.8126 tps=28998
2026-06-02 23:35:35,579 [INFO] step=340 loss=1.8058 lm=1.8058 tps=29057
2026-06-02 23:35:38,254 [INFO] step=350 loss=1.6482 lm=1.6481 tps=29100
2026-06-02 23:35:38,254 [INFO] 🔄 Faz geçişi: 2 -> 3
2026-06-02 23:35:38,254 [INFO] 🧹 Faz geçişi öncesi GPU belleği temizleniyor...
2026-06-02 23:35:38,695 [INFO] ✅ GPU belleği temizlendi
2026-06-02 23:35:39,037 [INFO] Faz 3 — strength=1.000 [ULTRA_HYBRID JIT]
2026-06-02 23:35:54,435 [INFO] step=360 loss=1.8246 lm=1.8246 tps=25709
2026-06-02 23:36:00,084 [INFO] step=370 loss=1.8108 lm=1.8108 tps=25183
2026-06-02 23:36:05,739 [INFO] step=380 loss=1.6825 lm=1.6825 tps=24703
2026-06-02 23:36:11,484 [INFO] step=390 loss=1.8449 lm=1.8448 tps=24248
2026-06-02 23:36:17,076 [INFO] step=400 loss=1.6826 lm=1.6826 tps=23857
2026-06-02 23:36:17,076 [INFO] 🧹 GPU belleği temizleniyor (step 400)...
2026-06-02 23:36:17,392 [INFO] ✅ GPU belleği temizlendi
2026-06-02 23:36:22,982 [INFO] step=410 loss=1.6785 lm=1.6784 tps=23445
2026-06-02 23:36:28,650 [INFO] step=420 loss=1.7864 lm=1.7864 tps=23103
2026-06-02 23:36:34,319 [INFO] step=430 loss=1.7824 lm=1.7824 tps=22786
2026-06-02 23:36:39,973 [INFO] step=440 loss=1.6655 lm=1.6655 tps=22493
2026-06-02 23:36:45,644 [INFO] step=450 loss=1.8302 lm=1.8302 tps=22218
2026-06-02 23:36:45,645 [INFO] 🔄 Faz geçişi: 3 -> 4
2026-06-02 23:36:45,645 [INFO] 🧹 Faz geçişi öncesi GPU belleği temizleniyor...
2026-06-02 23:36:46,309 [INFO] ✅ GPU belleği temizlendi
2026-06-02 23:36:46,827 [INFO] Faz 4 — strength=1.000 [ULTRA_HYBRID JIT]
2026-06-02 23:36:55,372 [INFO] step=460 loss=1.7330 lm=1.7329 tps=21454
2026-06-02 23:37:01,058 [INFO] step=470 loss=1.7893 lm=1.7892 tps=21233
2026-06-02 23:37:06,723 [INFO] step=480 loss=1.8548 lm=1.8547 tps=21028
2026-06-02 23:37:12,381 [INFO] step=490 loss=1.5550 lm=1.5550 tps=20836
2026-06-02 23:37:18,769 [INFO] step=500 loss=1.7371 lm=1.7371 tps=20653
2026-06-02 23:37:19,179 [INFO] GPU belleği temizleniyor...
2026-06-02 23:37:19,537 [INFO] GPU belleği başarıyla temizlendi.
2026-06-02 23:37:42,667 [INFO] AI Hızlandırıcı Durumu: Active
2026-06-02 23:37:48,569 [INFO] ✅ UltraWNN tekrar aktif (tinygrad, maksimum hiz modu)
2026-06-02 23:37:48,569 [INFO] ✅ UltraHybrid aktif (UltraWNN + hafif global memory izi)
2026-06-02 23:41:56,072 [INFO] AI Hızlandırıcı Durumu: Active
2026-06-02 23:41:58,479 [INFO] ✅ UltraWNN tekrar aktif (tinygrad, maksimum hiz modu)
2026-06-02 23:41:58,479 [INFO] ✅ UltraHybrid aktif (UltraWNN + hafif global memory izi)
2026-06-02 23:43:17,700 [INFO] AI Hızlandırıcı Durumu: Active
2026-06-02 23:43:27,785 [INFO] ✅ UltraWNN tekrar aktif (tinygrad, maksimum hiz modu)
2026-06-02 23:43:27,786 [INFO] ✅ UltraHybrid aktif (UltraWNN + hafif global memory izi)
2026-06-02 23:44:27,555 [INFO] AI Hızlandırıcı Durumu: Active
2026-06-02 23:44:38,999 [INFO] ✅ UltraWNN tekrar aktif (tinygrad, maksimum hiz modu)
2026-06-02 23:44:39,000 [INFO] ✅ UltraHybrid aktif (UltraWNN + hafif global memory izi)
2026-06-02 23:51:06,462 [INFO] AI Hızlandırıcı Durumu: Active
2026-06-02 23:53:34,121 [INFO] Streaming dataset hazır: C:\Users\Administrator\Desktop\OTOYA\data_archive\eita_dataset.chatml.tokens.bin (87614005 token, prefetch=8, EFT=False, batch_size=16)
2026-06-02 23:53:34,853 [INFO] Backend hazır: CL
2026-06-02 23:53:34,853 [INFO] Backend tuning: CACHELEVEL=3 fast_math=on
2026-06-02 23:53:34,853 [INFO] AI Hızlandırıcılar: Vulkan (Direct) - Active
2026-06-02 23:53:34,853 [INFO] ✅ Doğrudan AI hızlandırıcı erişimi aktif (128 hızlandırıcı)
2026-06-02 23:53:34,932 [INFO] ✅ UltraWNN tekrar aktif (tinygrad, maksimum hiz modu)
2026-06-02 23:53:34,932 [INFO] ✅ UltraHybrid aktif (UltraWNN + hafif global memory izi)
2026-06-02 23:53:36,395 [INFO] ℹ️ Model buyuk (352.1M >= 96M) — JIT yerine stabil yol kullaniliyor.
2026-06-02 23:53:36,395 [INFO] Cekirdek hazirlaniyor...
2026-06-02 23:53:56,920 [INFO] Warmup tamamlandı.
2026-06-02 23:53:56,920 [INFO] 🔄 Faz geçişi: -1 -> 1
2026-06-02 23:53:57,420 [INFO] Faz 1 — strength=0.000 [ULTRA_HYBRID]
2026-06-02 23:56:54,105 [INFO] step=1 loss=14.9471 lm=14.9471 tps=35
2026-06-02 23:56:54,106 [WARNING] ⚠️ Step 1 çok yavaş: 177.19s
2026-06-02 23:57:57,053 [INFO] Eğitim durduruldu, GPU belleği temizleniyor...
2026-06-02 23:57:58,843 [INFO] GPU belleği temizlendi.
2026-06-02 23:57:59,634 [INFO] Eğitim durduruldu, GPU belleği temizleniyor...
2026-06-02 23:58:01,461 [INFO] GPU belleği temizlendi.
2026-06-03 00:01:05,287 [INFO] AI Hızlandırıcı Durumu: Active
2026-06-03 00:02:35,267 [INFO] Streaming dataset hazır: C:\Users\Administrator\Desktop\OTOYA\data_archive\eita_dataset.chatml.tokens.bin (87614005 token, prefetch=8, EFT=False, batch_size=32)
2026-06-03 00:02:36,022 [INFO] Backend hazır: CL
2026-06-03 00:02:36,022 [INFO] Backend tuning: CACHELEVEL=3 fast_math=on
2026-06-03 00:02:36,022 [INFO] AI Hızlandırıcılar: Vulkan (Direct) - Active
2026-06-03 00:02:36,022 [INFO] ✅ Doğrudan AI hızlandırıcı erişimi aktif (128 hızlandırıcı)
2026-06-03 00:02:36,103 [INFO] ✅ UltraWNN tekrar aktif (tinygrad, maksimum hiz modu)
2026-06-03 00:02:36,104 [INFO] ✅ UltraHybrid aktif (UltraWNN + hafif global memory izi)
2026-06-03 00:02:37,116 [INFO] ℹ️ Model buyuk (123.8M >= 96M) — JIT yerine stabil yol kullaniliyor.
2026-06-03 00:02:37,116 [INFO] Cekirdek hazirlaniyor...
2026-06-03 00:02:53,513 [INFO] Warmup tamamlandı.
2026-06-03 00:02:53,513 [INFO] 🔄 Faz geçişi: -1 -> 1
2026-06-03 00:02:53,884 [INFO] Faz 1 — strength=0.000 [ULTRA_HYBRID]
2026-06-03 00:04:35,877 [INFO] step=1 loss=15.0505 lm=15.0505 tps=160
2026-06-03 00:04:35,878 [WARNING] ⚠️ Step 1 çok yavaş: 102.36s
2026-06-03 00:07:04,716 [INFO] Eğitim durduruldu, GPU belleği temizleniyor...
2026-06-03 00:07:06,005 [INFO] GPU belleği temizlendi.
2026-06-03 00:07:06,008 [INFO] Eğitim durduruldu, GPU belleği temizleniyor...
2026-06-03 00:07:07,424 [INFO] GPU belleği temizlendi.
2026-06-03 00:07:20,905 [INFO] AI Hızlandırıcı Durumu: Active
2026-06-03 00:07:41,249 [INFO] Streaming dataset hazır: C:\Users\Administrator\Desktop\OTOYA\data_archive\eita_dataset.chatml.tokens.bin (87614005 token, prefetch=8, EFT=False, batch_size=32)
2026-06-03 00:07:41,993 [INFO] Backend hazır: CL
2026-06-03 00:07:41,993 [INFO] Backend tuning: CACHELEVEL=3 fast_math=on
2026-06-03 00:07:41,993 [INFO] AI Hızlandırıcılar: Vulkan (Direct) - Active
2026-06-03 00:07:41,993 [INFO] ✅ Doğrudan AI hızlandırıcı erişimi aktif (128 hızlandırıcı)
2026-06-03 00:07:42,076 [INFO] ✅ UltraWNN tekrar aktif (tinygrad, maksimum hiz modu)
2026-06-03 00:07:42,077 [INFO] ✅ UltraHybrid aktif (UltraWNN + hafif global memory izi)
2026-06-03 00:07:43,084 [INFO] ✅ Force JIT aktif (123.8M) — stabil koruma elle asildi, throughput odakli test modu kullaniliyor.
2026-06-03 00:07:43,084 [INFO] Cekirdek hazirlaniyor...
2026-06-03 00:10:40,781 [INFO] Warmup tamamlandı.
2026-06-03 00:10:40,781 [INFO] 🔄 Faz geçişi: -1 -> 1
2026-06-03 00:10:42,840 [INFO] Faz 1 — strength=0.000 [ULTRA_HYBRID JIT]
2026-06-03 00:11:37,497 [INFO] step=1 loss=0.0000 lm=0.0000 tps=289
2026-06-03 00:11:37,497 [WARNING] ⚠️ Step 1 çok yavaş: 56.72s
2026-06-03 00:11:47,962 [INFO] Eğitim durduruldu, GPU belleği temizleniyor...
2026-06-03 00:11:49,550 [INFO] GPU belleği temizlendi.
2026-06-03 00:11:59,873 [INFO] Streaming dataset hazır: C:\Users\Administrator\Desktop\OTOYA\data_archive\eita_dataset.chatml.tokens.bin (87614005 token, prefetch=8, EFT=False, batch_size=64)
2026-06-03 00:11:59,887 [INFO] Backend hazır: CL
2026-06-03 00:11:59,887 [INFO] Backend tuning: CACHELEVEL=3 fast_math=on
2026-06-03 00:11:59,887 [INFO] AI Hızlandırıcılar: Vulkan (Direct) - Active
2026-06-03 00:11:59,887 [INFO] ✅ Doğrudan AI hızlandırıcı erişimi aktif (128 hızlandırıcı)
2026-06-03 00:12:01,037 [INFO] ✅ JIT aktif (90.9M) — throughput odakli hizli egitim modu kullaniliyor.
2026-06-03 00:12:01,037 [INFO] Cekirdek hazirlaniyor...
2026-06-03 00:12:29,756 [ERROR] Eğitim başarısız: Allocation of 48.00 MB failed on CL. Used: 9.45 GB
Traceback (most recent call last):
  File "C:\Users\Administrator\AppData\Local\Python\pythoncore-3.14-64\Lib\site-packages\tinygrad\device.py", line 232, in alloc
    try: return self._alloc(size, options if options is not None else self.default_buffer_spec)
                ~~~~~~~~~~~^^^^^^^^^^^^^^^^^^^^^^^^^^^^^^^^^^^^^^^^^^^^^^^^^^^^^^^^^^^^^^^^^^^^
  File "C:\Users\Administrator\AppData\Local\Python\pythoncore-3.14-64\Lib\site-packages\tinygrad\runtime\ops_cl.py", line 82, in _alloc
    return checked(cl.clCreateBuffer(self.dev.context, cl.CL_MEM_READ_WRITE, size, None, status := ctypes.c_int32()), status)
  File "C:\Users\Administrator\AppData\Local\Python\pythoncore-3.14-64\Lib\site-packages\tinygrad\runtime\ops_cl.py", line 20, in checked
    def checked(ret, status): return (check(status.value), ret)[1]
                                      ~~~~~^^^^^^^^^^^^^^
  File "C:\Users\Administrator\AppData\Local\Python\pythoncore-3.14-64\Lib\site-packages\tinygrad\runtime\ops_cl.py", line 19, in check
    if status != 0: raise RuntimeError(f"OpenCL Error {status}: {cl_errors.get(status, 'Unknown error')}")
                    ^^^^^^^^^^^^^^^^^^^^^^^^^^^^^^^^^^^^^^^^^^^^^^^^^^^^^^^^^^^^^^^^^^^^^^^^^^^^^^^^^^^^^^
RuntimeError: OpenCL Error -4: CL_MEM_OBJECT_ALLOCATION_FAILURE

The above exception was the direct cause of the following exception:

Traceback (most recent call last):
  File "C:\Users\Administrator\AppData\Local\Python\pythoncore-3.14-64\Lib\site-packages\tinygrad\device.py", line 260, in alloc
    try: return super().alloc(size, options)
                ~~~~~~~~~~~~~^^^^^^^^^^^^^^^
  File "C:\Users\Administrator\AppData\Local\Python\pythoncore-3.14-64\Lib\site-packages\tinygrad\device.py", line 233, in alloc
    except (RuntimeError, MemoryError) as e: raise MemoryError(f"Allocation of {size_to_str(size)} failed on {self.dev.device}. "
                                             ^^^^^^^^^^^^^^^^^^^^^^^^^^^^^^^^^^^^^^^^^^^^^^^^^^^^^^^^^^^^^^^^^^^^^^^^^^^^^^^^^^^^
                                                               f"Used: {size_to_str(GlobalCounters.mem_used_per_device[self.dev.device])}") from e
                                                               ^^^^^^^^^^^^^^^^^^^^^^^^^^^^^^^^^^^^^^^^^^^^^^^^^^^^^^^^^^^^^^^^^^^^^^^^^^^^^^^^^^^
MemoryError: Allocation of 48.00 MB failed on CL. Used: 9.45 GB

During handling of the above exception, another exception occurred:

Traceback (most recent call last):
  File "C:\Users\Administrator\AppData\Local\Python\pythoncore-3.14-64\Lib\site-packages\tinygrad\device.py", line 232, in alloc
    try: return self._alloc(size, options if options is not None else self.default_buffer_spec)
                ~~~~~~~~~~~^^^^^^^^^^^^^^^^^^^^^^^^^^^^^^^^^^^^^^^^^^^^^^^^^^^^^^^^^^^^^^^^^^^^
  File "C:\Users\Administrator\AppData\Local\Python\pythoncore-3.14-64\Lib\site-packages\tinygrad\runtime\ops_cl.py", line 82, in _alloc
    return checked(cl.clCreateBuffer(self.dev.context, cl.CL_MEM_READ_WRITE, size, None, status := ctypes.c_int32()), status)
  File "C:\Users\Administrator\AppData\Local\Python\pythoncore-3.14-64\Lib\site-packages\tinygrad\runtime\ops_cl.py", line 20, in checked
    def checked(ret, status): return (check(status.value), ret)[1]
                                      ~~~~~^^^^^^^^^^^^^^
  File "C:\Users\Administrator\AppData\Local\Python\pythoncore-3.14-64\Lib\site-packages\tinygrad\runtime\ops_cl.py", line 19, in check
    if status != 0: raise RuntimeError(f"OpenCL Error {status}: {cl_errors.get(status, 'Unknown error')}")
                    ^^^^^^^^^^^^^^^^^^^^^^^^^^^^^^^^^^^^^^^^^^^^^^^^^^^^^^^^^^^^^^^^^^^^^^^^^^^^^^^^^^^^^^
RuntimeError: OpenCL Error -4: CL_MEM_OBJECT_ALLOCATION_FAILURE

The above exception was the direct cause of the following exception:

Traceback (most recent call last):
  File "C:\Users\Administrator\Desktop\OTOYA\eita.py", line 1270, in run
    self._run()
    ~~~~~~~~~^^
  File "C:\Users\Administrator\Desktop\OTOYA\eita.py", line 1419, in _run
    jit_step(x, y, 0.0)
    ~~~~~~~~^^^^^^^^^^^
  File "C:\Users\Administrator\Desktop\OTOYA\eita.py", line 1381, in _step
    optimizer.step()
    ~~~~~~~~~~~~~~^^
  File "C:\Users\Administrator\Desktop\OTOYA\eita.py", line 261, in step
    Tensor.realize(*chunk_tensors)
    ~~~~~~~~~~~~~~^^^^^^^^^^^^^^^^
  File "C:\Users\Administrator\AppData\Local\Python\pythoncore-3.14-64\Lib\site-packages\tinygrad\tensor.py", line 1574, in _wrapper
    ret = fn(*args, **kwargs)
  File "C:\Users\Administrator\AppData\Local\Python\pythoncore-3.14-64\Lib\contextlib.py", line 85, in inner
    return func(*args, **kwds)
  File "C:\Users\Administrator\AppData\Local\Python\pythoncore-3.14-64\Lib\site-packages\tinygrad\tensor.py", line 244, in realize
    run_linear(*Tensor.linear_with_vars(*to_realize), update_stats=do_update_stats)
    ~~~~~~~~~~^^^^^^^^^^^^^^^^^^^^^^^^^^^^^^^^^^^^^^^^^^^^^^^^^^^^^^^^^^^^^^^^^^^^^
  File "C:\Users\Administrator\AppData\Local\Python\pythoncore-3.14-64\Lib\site-packages\tinygrad\engine\realize.py", line 255, in run_linear
    for call in linear.src: pm_exec.rewrite(call, ctx)
                            ~~~~~~~~~~~~~~~^^^^^^^^^^^
  File "C:\Users\Administrator\AppData\Local\Python\pythoncore-3.14-64\Lib\site-packages\tinygrad\uop\ops.py", line 1322, in rewrite
    if (ret:=match(uop, ctx)) is not None and ret is not uop: return ret
             ~~~~~^^^^^^^^^^
  File "<string>", line 3, in compiled_match
  File "C:\Users\Administrator\AppData\Local\Python\pythoncore-3.14-64\Lib\site-packages\tinygrad\engine\realize.py", line 174, in exec_kernel
    prg_bufs = [bufs[i].ensure_allocated() for i in ast.arg.globals]
                ~~~~~~~~~~~~~~~~~~~~~~~~^^
  File "C:\Users\Administrator\AppData\Local\Python\pythoncore-3.14-64\Lib\site-packages\tinygrad\device.py", line 141, in ensure_allocated
    def ensure_allocated(self) -> Buffer: return self.allocate() if not self.is_initialized() else self
                                                 ~~~~~~~~~~~~~^^
  File "C:\Users\Administrator\AppData\Local\Python\pythoncore-3.14-64\Lib\site-packages\tinygrad\device.py", line 156, in allocate
    self._bufs[self.device] = opaque if opaque is not None else self.allocator.alloc(self.nbytes, self.options)
                                                                ~~~~~~~~~~~~~~~~~~~~^^^^^^^^^^^^^^^^^^^^^^^^^^^
  File "C:\Users\Administrator\AppData\Local\Python\pythoncore-3.14-64\Lib\site-packages\tinygrad\device.py", line 263, in alloc
    return super().alloc(size, options)
           ~~~~~~~~~~~~~^^^^^^^^^^^^^^^
  File "C:\Users\Administrator\AppData\Local\Python\pythoncore-3.14-64\Lib\site-packages\tinygrad\device.py", line 233, in alloc
    except (RuntimeError, MemoryError) as e: raise MemoryError(f"Allocation of {size_to_str(size)} failed on {self.dev.device}. "
                                             ^^^^^^^^^^^^^^^^^^^^^^^^^^^^^^^^^^^^^^^^^^^^^^^^^^^^^^^^^^^^^^^^^^^^^^^^^^^^^^^^^^^^
                                                               f"Used: {size_to_str(GlobalCounters.mem_used_per_device[self.dev.device])}") from e
                                                               ^^^^^^^^^^^^^^^^^^^^^^^^^^^^^^^^^^^^^^^^^^^^^^^^^^^^^^^^^^^^^^^^^^^^^^^^^^^^^^^^^^^
MemoryError: Allocation of 48.00 MB failed on CL. Used: 9.45 GB

2026-06-03 10:04:43,639 [INFO] AI Hızlandırıcı Durumu: Active
2026-06-03 10:04:53,577 [INFO] ✅ UltraWNN tekrar aktif (tinygrad, maksimum hiz modu)
2026-06-03 10:04:53,578 [INFO] ✅ UltraHybrid aktif (UltraWNN + hafif global memory izi)
2026-06-03 10:11:46,766 [INFO] AI Hızlandırıcı Durumu: Active
2026-06-03 10:12:41,626 [INFO] AI Hızlandırıcı Durumu: Active
2026-06-03 10:13:07,876 [INFO] Streaming dataset hazır: C:\Users\Administrator\Desktop\OTOYA\data_archive\eita_dataset.chatml.tokens.bin (87614005 token, prefetch=8, EFT=False, batch_size=64)
2026-06-03 10:13:08,615 [INFO] Backend hazır: CL
2026-06-03 10:13:08,615 [INFO] Backend tuning: CACHELEVEL=3 fast_math=on
2026-06-03 10:13:08,615 [INFO] AI Hızlandırıcılar: Vulkan (Direct) - Active
2026-06-03 10:13:08,615 [INFO] ✅ Doğrudan AI hızlandırıcı erişimi aktif (128 hızlandırıcı)
2026-06-03 10:13:08,699 [INFO] ✅ UltraWNN tekrar aktif (tinygrad, maksimum hiz modu)
2026-06-03 10:13:08,700 [INFO] ✅ UltraHybrid aktif (UltraWNN + hafif global memory izi)
2026-06-03 10:13:09,065 [INFO] ✅ JIT aktif (49.9M) — throughput odakli hizli egitim modu kullaniliyor.
2026-06-03 10:13:09,065 [INFO] Cekirdek hazirlaniyor...
2026-06-03 10:14:21,700 [INFO] Warmup tamamlandı.
2026-06-03 10:14:21,700 [INFO] 🔄 Faz geçişi: -1 -> 1
2026-06-03 10:14:22,065 [INFO] Faz 1 — strength=0.000 [ULTRA_HYBRID JIT]
2026-06-03 10:14:25,172 [INFO] step=1 loss=0.0000 lm=0.0000 tps=9438
2026-06-03 10:14:29,123 [INFO] step=10 loss=0.0000 lm=0.0000 tps=44142
2026-06-03 10:14:33,026 [INFO] step=20 loss=0.0000 lm=0.0000 tps=57863
2026-06-03 10:14:36,913 [INFO] step=30 loss=0.0000 lm=0.0000 tps=64619
2026-06-03 10:14:40,877 [INFO] step=40 loss=0.0000 lm=0.0000 tps=68347
2026-06-03 10:14:44,788 [INFO] step=50 loss=0.0000 lm=0.0000 tps=70961
2026-06-03 10:14:48,717 [INFO] step=60 loss=0.0000 lm=0.0000 tps=72770
2026-06-03 10:14:52,690 [INFO] step=70 loss=0.0000 lm=0.0000 tps=74016
2026-06-03 10:14:56,583 [INFO] step=80 loss=0.0000 lm=0.0000 tps=75148
2026-06-03 10:15:00,472 [INFO] step=90 loss=0.0000 lm=0.0000 tps=76063
2026-06-03 10:15:01,905 [INFO] Eğitim durduruldu, GPU belleği temizleniyor...
2026-06-03 10:15:02,106 [INFO] GPU belleği temizlendi.
2026-06-03 10:17:19,187 [INFO] AI Hızlandırıcı Durumu: Active
2026-06-03 10:17:48,401 [INFO] Streaming dataset hazır: C:\Users\Administrator\Desktop\OTOYA\data_archive\eita_dataset.chatml.tokens.bin (87614005 token, prefetch=8, EFT=False, batch_size=64)
2026-06-03 10:17:49,128 [INFO] Backend hazır: CL
2026-06-03 10:17:49,128 [INFO] Backend tuning: CACHELEVEL=3 fast_math=on
2026-06-03 10:17:49,128 [INFO] AI Hızlandırıcılar: Vulkan (Direct) - Active
2026-06-03 10:17:49,128 [INFO] ✅ Doğrudan AI hızlandırıcı erişimi aktif (128 hızlandırıcı)
2026-06-03 10:17:49,213 [INFO] ✅ UltraWNN tekrar aktif (tinygrad, maksimum hiz modu)
2026-06-03 10:17:49,214 [INFO] ✅ UltraHybrid aktif (UltraWNN + hafif global memory izi)
2026-06-03 10:17:49,576 [INFO] ✅ JIT aktif (49.9M) — throughput odakli hizli egitim modu kullaniliyor.
2026-06-03 10:17:49,576 [INFO] Cekirdek hazirlaniyor...
2026-06-03 10:18:14,122 [INFO] Warmup tamamlandı.
2026-06-03 10:18:14,122 [INFO] 🔄 Faz geçişi: -1 -> 1
2026-06-03 10:18:14,480 [INFO] Faz 1 — strength=0.000 [ULTRA_HYBRID JIT]
2026-06-03 10:18:16,598 [INFO] step=1 loss=0.0000 lm=0.0000 tps=13232
2026-06-03 10:18:21,394 [INFO] step=10 loss=0.0000 lm=0.0000 tps=45063
2026-06-03 10:18:25,440 [INFO] step=20 loss=0.0000 lm=0.0000 tps=57904
2026-06-03 10:18:29,463 [INFO] step=30 loss=0.0000 lm=0.0000 tps=64078
2026-06-03 10:18:33,562 [INFO] step=40 loss=0.0000 lm=0.0000 tps=67424
2026-06-03 10:18:37,577 [INFO] step=50 loss=0.0000 lm=0.0000 tps=69854
2026-06-03 10:18:41,603 [INFO] step=60 loss=0.0000 lm=0.0000 tps=71542
2026-06-03 10:18:41,766 [INFO] Eğitim durduruldu, GPU belleği temizleniyor...
2026-06-03 10:18:41,964 [INFO] GPU belleği temizlendi.
2026-06-03 11:39:43,808 [INFO] AI Hızlandırıcı Durumu: Active
2026-06-03 11:40:07,877 [INFO] Streaming dataset hazır: C:\Users\Administrator\Desktop\OTOYA\data_archive\eita_dataset.chatml.tokens.bin (87614005 token, prefetch=8, EFT=False, batch_size=64)
2026-06-03 11:40:08,672 [INFO] Backend hazır: CL
2026-06-03 11:40:08,672 [INFO] Backend tuning: CACHELEVEL=3 fast_math=on
2026-06-03 11:40:08,672 [INFO] AI Hızlandırıcılar: Vulkan (Direct) - Active
2026-06-03 11:40:08,672 [INFO] ✅ Doğrudan AI hızlandırıcı erişimi aktif (128 hızlandırıcı)
2026-06-03 11:40:08,755 [INFO] ✅ UltraWNN tekrar aktif (tinygrad, maksimum hiz modu)
2026-06-03 11:40:08,756 [INFO] ✅ UltraHybrid aktif (UltraWNN + hafif global memory izi)
2026-06-03 11:40:09,642 [INFO] ✅ JIT aktif (81.9M) — throughput odakli hizli egitim modu kullaniliyor.
2026-06-03 11:40:09,642 [INFO] Cekirdek hazirlaniyor...
2026-06-03 11:41:14,483 [INFO] Warmup tamamlandı.
2026-06-03 11:41:14,483 [INFO] 🔄 Faz geçişi: -1 -> 1
2026-06-03 11:41:15,138 [INFO] Faz 1 — strength=0.000 [ULTRA_HYBRID JIT]
2026-06-03 11:41:21,774 [WARNING] step=1 — loss ve lm_loss sifira cok yakin. Ornek target tokenlari: [112, 113, 116, 34, 101, 113, 111, 114, 113, 117, 107, 118]
2026-06-03 11:41:21,774 [INFO] step=1 loss=0.0000 lm=0.0000 tps=2247
2026-06-03 11:41:32,391 [WARNING] step=10 — loss ve lm_loss sifira cok yakin. Ornek target tokenlari: [118, 107, 111, 103, 46, 34, 116, 103, 101, 103, 107, 120]
2026-06-03 11:41:32,391 [INFO] step=10 loss=0.0000 lm=0.0000 tps=9149
2026-06-03 11:41:42,228 [WARNING] step=20 — loss ve lm_loss sifira cok yakin. Ornek target tokenlari: [112, 101, 107, 99, 110, 34, 116, 103, 117, 113, 119, 116]
2026-06-03 11:41:42,228 [INFO] step=20 loss=0.0000 lm=0.0000 tps=11810
2026-06-03 11:41:52,002 [WARNING] step=30 — loss ve lm_loss sifira cok yakin. Ornek target tokenlari: [112, 117, 107, 117, 101, 113, 34, 99, 112, 102, 34, 78]
2026-06-03 11:41:52,002 [INFO] step=30 loss=0.0000 lm=0.0000 tps=13101
2026-06-03 11:42:01,840 [WARNING] step=40 — loss ve lm_loss sifira cok yakin. Ornek target tokenlari: [114, 116, 113, 105, 116, 103, 117, 117, 107, 120, 103, 110]
2026-06-03 11:42:01,840 [INFO] step=40 loss=0.0000 lm=0.0000 tps=13839
2026-06-03 11:42:11,581 [WARNING] step=50 — loss ve lm_loss sifira cok yakin. Ornek target tokenlari: [34, 51, 59, 51, 53, 34, 118, 113, 34, 51, 59, 52]
2026-06-03 11:42:11,581 [INFO] step=50 loss=0.0000 lm=0.0000 tps=14347
2026-06-03 11:42:18,299 [INFO] Eğitim durduruldu, GPU belleği temizleniyor...
2026-06-03 11:42:18,588 [INFO] GPU belleği temizlendi.
2026-06-03 11:44:27,887 [INFO] AI Hızlandırıcı Durumu: Active
2026-06-03 11:44:27,889 [INFO] Streaming dataset hazır: c:\Users\Administrator\Desktop\OTOYA\data_archive\eita_dataset.chatml.tokens.bin (87614005 token, prefetch=8, EFT=False, batch_size=2)
2026-06-03 11:45:06,144 [INFO] AI Hızlandırıcı Durumu: Active
2026-06-03 11:45:06,379 [INFO] AI Hızlandırıcı Durumu: Active
2026-06-03 11:45:06,821 [INFO] Streaming dataset hazır: c:\Users\Administrator\Desktop\OTOYA\data_archive\eita_dataset.chatml.tokens.bin (87614005 token, prefetch=8, EFT=False, batch_size=2)
2026-06-03 11:45:06,910 [INFO] ✅ UltraWNN tekrar aktif (tinygrad, maksimum hiz modu)
2026-06-03 11:45:06,911 [INFO] ✅ UltraHybrid aktif (UltraWNN + hafif global memory izi)
2026-06-03 11:45:07,125 [INFO] Streaming dataset hazır: c:\Users\Administrator\Desktop\OTOYA\data_archive\eita_dataset.chatml.tokens.bin (87614005 token, prefetch=8, EFT=False, batch_size=2)
2026-06-03 11:45:07,219 [INFO] ✅ UltraWNN tekrar aktif (tinygrad, maksimum hiz modu)
2026-06-03 11:45:07,220 [INFO] ✅ UltraHybrid aktif (UltraWNN + hafif global memory izi)
2026-06-03 11:47:06,852 [INFO] AI Hızlandırıcı Durumu: Active
2026-06-03 11:48:21,995 [INFO] Streaming dataset hazır: C:\Users\Administrator\Desktop\OTOYA\data_archive\eita_dataset.chatml.tokens.bin (87614005 token, prefetch=8, EFT=False, batch_size=64)
2026-06-03 11:48:22,716 [INFO] Backend hazır: CL
2026-06-03 11:48:22,716 [INFO] Backend tuning: CACHELEVEL=3 fast_math=on
2026-06-03 11:48:22,716 [INFO] AI Hızlandırıcılar: Vulkan (Direct) - Active
2026-06-03 11:48:22,716 [INFO] ✅ Doğrudan AI hızlandırıcı erişimi aktif (128 hızlandırıcı)
2026-06-03 11:48:22,799 [INFO] ✅ UltraWNN tekrar aktif (tinygrad, maksimum hiz modu)
2026-06-03 11:48:22,799 [INFO] ✅ UltraHybrid aktif (UltraWNN + hafif global memory izi)
2026-06-03 11:48:23,163 [INFO] ✅ JIT aktif (49.9M) — throughput odakli hizli egitim modu kullaniliyor.
2026-06-03 11:48:23,163 [INFO] Cekirdek hazirlaniyor...
2026-06-03 11:48:45,582 [INFO] Warmup tamamlandı.
2026-06-03 11:48:45,582 [INFO] 🔄 Faz geçişi: -1 -> 1
2026-06-03 11:48:45,921 [INFO] Faz 1 — strength=0.000 [ULTRA_HYBRID JIT]
2026-06-03 11:48:47,819 [WARNING] step=1 — loss ve lm_loss sifira cok yakin. Ornek target tokenlari: [106, 103, 34, 74, 113, 110, 110, 123, 121, 113, 113, 102]
2026-06-03 11:48:47,819 [INFO] step=1 loss=0.0000 lm=0.0000 tps=14644
2026-06-03 11:48:51,653 [WARNING] step=10 — loss ve lm_loss sifira cok yakin. Ornek target tokenlari: [118, 107, 111, 103, 46, 34, 116, 103, 101, 103, 107, 120]
2026-06-03 11:48:51,653 [INFO] step=10 loss=0.0000 lm=0.0000 tps=53972
2026-06-03 11:48:55,481 [WARNING] step=20 — loss ve lm_loss sifira cok yakin. Ornek target tokenlari: [112, 101, 107, 99, 110, 34, 116, 103, 117, 113, 119, 116]
2026-06-03 11:48:55,481 [INFO] step=20 loss=0.0000 lm=0.0000 tps=66205
2026-06-03 11:48:59,318 [WARNING] step=30 — loss ve lm_loss sifira cok yakin. Ornek target tokenlari: [112, 117, 107, 117, 101, 113, 34, 99, 112, 102, 34, 78]
2026-06-03 11:48:59,318 [INFO] step=30 loss=0.0000 lm=0.0000 tps=71564
2026-06-03 11:49:03,239 [WARNING] step=40 — loss ve lm_loss sifira cok yakin. Ornek target tokenlari: [114, 116, 113, 105, 116, 103, 117, 117, 107, 120, 103, 110]
2026-06-03 11:49:03,240 [INFO] step=40 loss=0.0000 lm=0.0000 tps=74229
2026-06-03 11:49:07,104 [WARNING] step=50 — loss ve lm_loss sifira cok yakin. Ornek target tokenlari: [34, 51, 59, 51, 53, 34, 118, 113, 34, 51, 59, 52]
2026-06-03 11:49:07,104 [INFO] step=50 loss=0.0000 lm=0.0000 tps=76126
2026-06-03 11:49:10,965 [WARNING] step=60 — loss ve lm_loss sifira cok yakin. Ornek target tokenlari: [67, 121, 99, 116, 102, 34, 104, 113, 116, 34, 81, 119]
2026-06-03 11:49:10,965 [INFO] step=60 loss=0.0000 lm=0.0000 tps=77455
2026-06-03 11:49:14,886 [WARNING] step=70 — loss ve lm_loss sifira cok yakin. Ornek target tokenlari: [34, 68, 113, 121, 110, 46, 34, 121, 106, 103, 116, 103]
2026-06-03 11:49:14,886 [INFO] step=70 loss=0.0000 lm=0.0000 tps=78275
2026-06-03 11:49:18,750 [WARNING] step=80 — loss ve lm_loss sifira cok yakin. Ornek target tokenlari: [116, 118, 34, 113, 104, 34, 118, 106, 103, 34, 101, 113]
2026-06-03 11:49:18,750 [INFO] step=80 loss=0.0000 lm=0.0000 tps=79035
2026-06-03 11:49:20,687 [INFO] Eğitim durduruldu, GPU belleği temizleniyor...
2026-06-03 11:49:20,877 [INFO] GPU belleği temizlendi.
2026-06-03 11:49:27,024 [INFO] Streaming dataset hazır: C:\Users\Administrator\Desktop\OTOYA\data_archive\eita_dataset.chatml.tokens.bin (87614005 token, prefetch=8, EFT=False, batch_size=64)
2026-06-03 11:49:27,030 [INFO] Backend hazır: CL
2026-06-03 11:49:27,030 [INFO] Backend tuning: CACHELEVEL=3 fast_math=on
2026-06-03 11:49:27,030 [INFO] AI Hızlandırıcılar: Vulkan (Direct) - Active
2026-06-03 11:49:27,031 [INFO] ✅ Doğrudan AI hızlandırıcı erişimi aktif (128 hızlandırıcı)
2026-06-03 11:49:27,543 [INFO] ✅ JIT aktif (49.9M) — throughput odakli hizli egitim modu kullaniliyor.
2026-06-03 11:49:27,543 [INFO] Cekirdek hazirlaniyor...
2026-06-03 11:49:30,284 [INFO] Warmup tamamlandı.
2026-06-03 11:49:30,284 [INFO] 🔄 Faz geçişi: -1 -> 1
2026-06-03 11:49:30,623 [INFO] Faz 1 — strength=0.000 [ULTRA_HYBRID JIT]
2026-06-03 11:49:31,457 [WARNING] step=1 — loss ve lm_loss sifira cok yakin. Ornek target tokenlari: [117, 34, 118, 113, 34, 103, 112, 105, 107, 112, 103, 34]
2026-06-03 11:49:31,457 [INFO] step=1 loss=0.0000 lm=0.0000 tps=27920
2026-06-03 11:49:35,280 [WARNING] step=10 — loss ve lm_loss sifira cok yakin. Ornek target tokenlari: [110, 118, 103, 116, 43, 12, 103, 122, 118, 116, 103, 111]
2026-06-03 11:49:35,280 [INFO] step=10 loss=0.0000 lm=0.0000 tps=65586
2026-06-03 11:49:39,091 [WARNING] step=20 — loss ve lm_loss sifira cok yakin. Ornek target tokenlari: [34, 101, 106, 99, 118, 34, 99, 117, 117, 107, 117, 118]
2026-06-03 11:49:39,091 [INFO] step=20 loss=0.0000 lm=0.0000 tps=74411
2026-06-03 11:49:42,914 [WARNING] step=30 — loss ve lm_loss sifira cok yakin. Ornek target tokenlari: [107, 111, 97, 117, 118, 99, 116, 118, 126, 64, 117, 123]
2026-06-03 11:49:42,914 [INFO] step=30 loss=0.0000 lm=0.0000 tps=77832
2026-06-03 11:49:46,830 [WARNING] step=40 — loss ve lm_loss sifira cok yakin. Ornek target tokenlari: [34, 111, 99, 112, 123, 34, 118, 106, 116, 103, 103, 34]
2026-06-03 11:49:46,830 [INFO] step=40 loss=0.0000 lm=0.0000 tps=79214
2026-06-03 11:49:50,523 [INFO] Eğitim durduruldu, GPU belleği temizleniyor...
2026-06-03 11:49:50,708 [INFO] GPU belleği temizlendi.
2026-06-03 11:49:50,952 [WARNING] step=50 — loss ve lm_loss sifira cok yakin. Ornek target tokenlari: [117, 118, 99, 116, 118, 126, 64, 99, 117, 117, 107, 117]
2026-06-03 11:49:50,952 [INFO] step=50 loss=0.0000 lm=0.0000 tps=79271
2026-06-03 12:01:06,993 [INFO] AI Hızlandırıcı Durumu: Active
2026-06-03 12:01:26,084 [INFO] Streaming dataset hazır: C:\Users\Administrator\Desktop\OTOYA\data_archive\eita_dataset.chatml.tokens.bin (87614005 token, prefetch=8, EFT=False, batch_size=64)
2026-06-03 12:01:26,816 [INFO] Backend hazır: CL
2026-06-03 12:01:26,817 [INFO] Backend tuning: CACHELEVEL=3 fast_math=on
2026-06-03 12:01:26,817 [INFO] AI Hızlandırıcılar: Vulkan (Direct) - Active
2026-06-03 12:01:26,817 [INFO] ✅ Doğrudan AI hızlandırıcı erişimi aktif (128 hızlandırıcı)
2026-06-03 12:01:26,901 [INFO] ✅ UltraWNN tekrar aktif (tinygrad, maksimum hiz modu)
2026-06-03 12:01:26,902 [INFO] ✅ UltraHybrid aktif (UltraWNN + hafif global memory izi)
2026-06-03 12:01:27,266 [INFO] ✅ JIT aktif (49.9M) — throughput odakli hizli egitim modu kullaniliyor.
2026-06-03 12:01:27,266 [INFO] Cekirdek hazirlaniyor...
2026-06-03 12:02:07,164 [INFO] Warmup tamamlandı.
2026-06-03 12:02:07,164 [INFO] 🔄 Faz geçişi: -1 -> 1
2026-06-03 12:02:07,652 [INFO] Faz 1 — strength=0.000 [ULTRA_HYBRID JIT]
2026-06-03 12:02:14,015 [WARNING] step=1 — loss ve lm_loss sifira cok yakin. Ornek target tokenlari: [103, 116, 103, 34, 117, 103, 101, 113, 112, 102, 34, 114]
2026-06-03 12:02:14,015 [INFO] step=1 loss=0.0000 lm=0.0000 tps=4783
2026-06-03 12:02:22,291 [WARNING] step=10 — loss ve lm_loss sifira cok yakin. Ornek target tokenlari: [118, 107, 111, 103, 46, 34, 116, 103, 101, 103, 107, 120]
2026-06-03 12:02:22,291 [INFO] step=10 loss=0.0000 lm=0.0000 tps=21662
2026-06-03 12:02:29,679 [WARNING] step=20 — loss ve lm_loss sifira cok yakin. Ornek target tokenlari: [112, 101, 107, 99, 110, 34, 116, 103, 117, 113, 119, 116]
2026-06-03 12:02:29,679 [INFO] step=20 loss=0.0000 lm=0.0000 tps=29108
2026-06-03 12:02:36,951 [WARNING] step=30 — loss ve lm_loss sifira cok yakin. Ornek target tokenlari: [112, 117, 107, 117, 101, 113, 34, 99, 112, 102, 34, 78]
2026-06-03 12:02:36,951 [INFO] step=30 loss=0.0000 lm=0.0000 tps=33002
2026-06-03 12:02:44,222 [WARNING] step=40 — loss ve lm_loss sifira cok yakin. Ornek target tokenlari: [114, 116, 113, 105, 116, 103, 117, 117, 107, 120, 103, 110]
2026-06-03 12:02:44,222 [INFO] step=40 loss=0.0000 lm=0.0000 tps=35369
2026-06-03 12:02:51,605 [WARNING] step=50 — loss ve lm_loss sifira cok yakin. Ornek target tokenlari: [34, 51, 59, 51, 53, 34, 118, 113, 34, 51, 59, 52]
2026-06-03 12:02:51,605 [INFO] step=50 loss=0.0000 lm=0.0000 tps=36867
2026-06-03 12:02:58,871 [WARNING] step=60 — loss ve lm_loss sifira cok yakin. Ornek target tokenlari: [67, 121, 99, 116, 102, 34, 104, 113, 116, 34, 81, 119]
2026-06-03 12:02:58,871 [INFO] step=60 loss=0.0000 lm=0.0000 tps=38024
2026-06-03 12:03:06,236 [WARNING] step=70 — loss ve lm_loss sifira cok yakin. Ornek target tokenlari: [34, 68, 113, 121, 110, 46, 34, 121, 106, 103, 116, 103]
2026-06-03 12:03:06,236 [INFO] step=70 loss=0.0000 lm=0.0000 tps=38830
2026-06-03 12:03:13,502 [WARNING] step=80 — loss ve lm_loss sifira cok yakin. Ornek target tokenlari: [116, 118, 34, 113, 104, 34, 118, 106, 103, 34, 101, 113]
2026-06-03 12:03:13,502 [INFO] step=80 loss=0.0000 lm=0.0000 tps=39516
2026-06-03 12:03:20,885 [WARNING] step=90 — loss ve lm_loss sifira cok yakin. Ornek target tokenlari: [118, 100, 99, 110, 110, 34, 78, 103, 99, 105, 119, 103]
2026-06-03 12:03:20,885 [INFO] step=90 loss=0.0000 lm=0.0000 tps=40004
2026-06-03 12:03:28,165 [WARNING] step=100 — loss ve lm_loss sifira cok yakin. Ornek target tokenlari: [111, 97, 103, 112, 102, 126, 64, 12, 62, 126, 107, 111]
2026-06-03 12:03:28,165 [INFO] step=100 loss=0.0000 lm=0.0000 tps=40454
2026-06-03 12:03:35,460 [INFO] step=110 loss=0.0000 lm=0.0000 tps=40823
2026-06-03 12:03:42,866 [INFO] step=120 loss=0.0000 lm=0.0000 tps=41087
2026-06-03 12:03:50,174 [INFO] step=130 loss=0.0000 lm=0.0000 tps=41354
2026-06-03 12:03:57,581 [INFO] step=140 loss=0.0000 lm=0.0000 tps=41547
2026-06-03 12:04:04,906 [INFO] step=150 loss=0.0000 lm=0.0000 tps=41746
2026-06-03 12:04:06,031 [INFO] Eğitim durduruldu, GPU belleği temizleniyor...
2026-06-03 12:04:06,303 [INFO] GPU belleği temizlendi.
2026-06-03 12:11:26,222 [INFO] AI Hızlandırıcı Durumu: Active
2026-06-03 12:11:46,440 [INFO] Streaming dataset hazır: C:\Users\Administrator\Desktop\OTOYA\data_archive\eita_dataset.chatml.tokens.bin (87614005 token, prefetch=8, EFT=False, batch_size=64)
2026-06-03 12:11:47,154 [INFO] Backend hazır: CL
2026-06-03 12:11:47,155 [INFO] Backend tuning: CACHELEVEL=3 fast_math=on
2026-06-03 12:11:47,155 [INFO] AI Hızlandırıcılar: Vulkan (Direct) - Active
2026-06-03 12:11:47,155 [INFO] ✅ Doğrudan AI hızlandırıcı erişimi aktif (128 hızlandırıcı)
2026-06-03 12:11:47,238 [INFO] ✅ UltraWNN tekrar aktif (tinygrad, maksimum hiz modu)
2026-06-03 12:11:47,239 [INFO] ✅ UltraHybrid aktif (UltraWNN + hafif global memory izi)
2026-06-03 12:11:47,602 [INFO] ✅ JIT aktif (49.9M) — throughput odakli hizli egitim modu kullaniliyor.
2026-06-03 12:11:47,602 [INFO] Cekirdek hazirlaniyor...
2026-06-03 12:12:18,732 [INFO] Warmup tamamlandı.
2026-06-03 12:12:18,732 [INFO] 🔄 Faz geçişi: -1 -> 1
2026-06-03 12:12:19,233 [INFO] Faz 1 — strength=0.000 [ULTRA_HYBRID JIT]
2026-06-03 12:12:22,336 [WARNING] step=1 — loss ve lm_loss sifira cok yakin. Ornek target tokenlari: [110, 119, 102, 103, 102, 34, 69, 124, 103, 101, 106, 34]
2026-06-03 12:12:22,336 [INFO] step=1 loss=0.0000 lm=0.0000 tps=9090
2026-06-03 12:12:29,057 [WARNING] step=10 — loss ve lm_loss sifira cok yakin. Ornek target tokenlari: [118, 107, 111, 103, 46, 34, 116, 103, 101, 103, 107, 120]
2026-06-03 12:12:29,057 [INFO] step=10 loss=0.0000 lm=0.0000 tps=31735
2026-06-03 12:12:35,973 [WARNING] step=20 — loss ve lm_loss sifira cok yakin. Ornek target tokenlari: [112, 101, 107, 99, 110, 34, 116, 103, 117, 113, 119, 116]
2026-06-03 12:12:35,973 [INFO] step=20 loss=0.0000 lm=0.0000 tps=38011
2026-06-03 12:12:42,990 [WARNING] step=30 — loss ve lm_loss sifira cok yakin. Ornek target tokenlari: [112, 117, 107, 117, 101, 113, 34, 99, 112, 102, 34, 78]
2026-06-03 12:12:42,990 [INFO] step=30 loss=0.0000 lm=0.0000 tps=40524
2026-06-03 12:12:49,940 [WARNING] step=40 — loss ve lm_loss sifira cok yakin. Ornek target tokenlari: [114, 116, 113, 105, 116, 103, 117, 117, 107, 120, 103, 110]
2026-06-03 12:12:49,940 [INFO] step=40 loss=0.0000 lm=0.0000 tps=41999
2026-06-03 12:12:57,072 [WARNING] step=50 — loss ve lm_loss sifira cok yakin. Ornek target tokenlari: [34, 51, 59, 51, 53, 34, 118, 113, 34, 51, 59, 52]
2026-06-03 12:12:57,072 [INFO] step=50 loss=0.0000 lm=0.0000 tps=42733
2026-06-03 12:13:04,013 [WARNING] step=60 — loss ve lm_loss sifira cok yakin. Ornek target tokenlari: [67, 121, 99, 116, 102, 34, 104, 113, 116, 34, 81, 119]
2026-06-03 12:13:04,013 [INFO] step=60 loss=0.0000 lm=0.0000 tps=43419
2026-06-03 12:13:11,018 [WARNING] step=70 — loss ve lm_loss sifira cok yakin. Ornek target tokenlari: [34, 68, 113, 121, 110, 46, 34, 121, 106, 103, 116, 103]
2026-06-03 12:13:11,018 [INFO] step=70 loss=0.0000 lm=0.0000 tps=43869
2026-06-03 12:13:17,955 [WARNING] step=80 — loss ve lm_loss sifira cok yakin. Ornek target tokenlari: [116, 118, 34, 113, 104, 34, 118, 106, 103, 34, 101, 113]
2026-06-03 12:13:17,955 [INFO] step=80 loss=0.0000 lm=0.0000 tps=44263
2026-06-03 12:13:25,070 [WARNING] step=90 — loss ve lm_loss sifira cok yakin. Ornek target tokenlari: [118, 100, 99, 110, 110, 34, 78, 103, 99, 105, 119, 103]
2026-06-03 12:13:25,070 [INFO] step=90 loss=0.0000 lm=0.0000 tps=44456
2026-06-03 12:13:32,028 [WARNING] step=100 — loss ve lm_loss sifira cok yakin. Ornek target tokenlari: [111, 97, 103, 112, 102, 126, 64, 12, 62, 126, 107, 111]
2026-06-03 12:13:32,028 [INFO] step=100 loss=0.0000 lm=0.0000 tps=44706
2026-06-03 12:13:39,035 [INFO] step=110 loss=0.0000 lm=0.0000 tps=44886
2026-06-03 12:13:46,005 [INFO] step=120 loss=0.0000 lm=0.0000 tps=45056
2026-06-03 12:13:52,951 [INFO] step=130 loss=0.0000 lm=0.0000 tps=45212
2026-06-03 12:13:59,979 [INFO] step=140 loss=0.0000 lm=0.0000 tps=45310
2026-06-03 12:14:06,904 [INFO] step=150 loss=0.0000 lm=0.0000 tps=45439
2026-06-03 12:14:06,904 [INFO] 🔄 Faz geçişi: 1 -> 2
2026-06-03 12:14:07,357 [INFO] Faz 2 — strength=0.008 [ULTRA_HYBRID JIT]
2026-06-03 12:14:54,957 [INFO] step=160 loss=0.0000 lm=0.0000 tps=33560
2026-06-03 12:15:03,205 [INFO] step=170 loss=0.0000 lm=0.0000 tps=33869
2026-06-03 12:15:11,574 [INFO] step=180 loss=0.0000 lm=0.0000 tps=34125
2026-06-03 12:15:19,830 [INFO] step=190 loss=0.0000 lm=0.0000 tps=34379
2026-06-03 12:15:28,078 [INFO] step=200 loss=0.0000 lm=0.0000 tps=34612
2026-06-03 12:15:28,078 [INFO] 🧹 GPU belleği temizleniyor (step 200)...
2026-06-03 12:15:28,409 [INFO] ✅ GPU belleği temizlendi
2026-06-03 12:15:36,893 [INFO] step=210 loss=0.0000 lm=0.0000 tps=34726
2026-06-03 12:15:45,156 [INFO] step=220 loss=0.0000 lm=0.0000 tps=34923
2026-06-03 12:15:53,550 [INFO] step=230 loss=0.0000 lm=0.0000 tps=35084
2026-06-03 12:16:01,834 [INFO] step=240 loss=0.0000 lm=0.0000 tps=35250
2026-06-03 12:16:10,220 [INFO] step=250 loss=0.0000 lm=0.0000 tps=35388
2026-06-03 12:16:18,743 [INFO] step=260 loss=0.0000 lm=0.0000 tps=35497
2026-06-03 12:16:27,157 [INFO] step=270 loss=0.0000 lm=0.0000 tps=35614
2026-06-03 12:16:35,594 [INFO] step=280 loss=0.0000 lm=0.0000 tps=35720
2026-06-03 12:16:44,119 [INFO] step=290 loss=0.0000 lm=0.0000 tps=35807
2026-06-03 12:16:52,600 [INFO] step=300 loss=0.0000 lm=0.0000 tps=35895
2026-06-03 12:17:01,041 [INFO] step=310 loss=0.0000 lm=0.0000 tps=35982
2026-06-03 12:17:09,423 [INFO] step=320 loss=0.0000 lm=0.0000 tps=36072
2026-06-03 12:17:17,689 [INFO] step=330 loss=0.0000 lm=0.0000 tps=36171
2026-06-03 12:17:26,039 [INFO] step=340 loss=0.0000 lm=0.0000 tps=36254
2026-06-03 12:17:34,305 [INFO] step=350 loss=0.0000 lm=0.0000 tps=36343
2026-06-03 12:17:34,305 [INFO] 🔄 Faz geçişi: 2 -> 3
2026-06-03 12:17:34,305 [INFO] 🧹 Faz geçişi öncesi GPU belleği temizleniyor...
2026-06-03 12:17:35,053 [INFO] ✅ GPU belleği temizlendi
2026-06-03 12:17:35,759 [INFO] Faz 3 — strength=1.000 [ULTRA_HYBRID JIT]
2026-06-03 12:18:08,677 [INFO] step=360 loss=0.0000 lm=0.0000 tps=33710
2026-06-03 12:18:17,734 [INFO] step=370 loss=0.0000 lm=0.0000 tps=33772
2026-06-03 12:18:26,855 [INFO] step=380 loss=0.0000 lm=0.0000 tps=33825
2026-06-03 12:18:35,811 [INFO] step=390 loss=0.0000 lm=0.0000 tps=33891
2026-06-03 12:18:44,812 [INFO] step=400 loss=0.0000 lm=0.0000 tps=33949
2026-06-03 12:18:44,812 [INFO] 🧹 GPU belleği temizleniyor (step 400)...
2026-06-03 12:18:45,233 [INFO] ✅ GPU belleği temizlendi
2026-06-03 12:18:54,366 [INFO] step=410 loss=0.0000 lm=0.0000 tps=33958
2026-06-03 12:19:03,303 [INFO] step=420 loss=0.0000 lm=0.0000 tps=34018
2026-06-03 12:19:12,243 [INFO] step=430 loss=0.0000 lm=0.0000 tps=34075
2026-06-03 12:19:21,326 [INFO] step=440 loss=0.0000 lm=0.0000 tps=34118
2026-06-03 12:19:30,251 [INFO] step=450 loss=0.0000 lm=0.0000 tps=34171
2026-06-03 12:19:30,251 [INFO] 🔄 Faz geçişi: 3 -> 4
2026-06-03 12:19:30,251 [INFO] 🧹 Faz geçişi öncesi GPU belleği temizleniyor...
2026-06-03 12:19:31,176 [INFO] ✅ GPU belleği temizlendi
2026-06-03 12:19:32,021 [INFO] Faz 4 — strength=1.000 [ULTRA_HYBRID JIT]
2026-06-03 12:19:42,361 [INFO] step=460 loss=0.0000 lm=0.0000 tps=33977
2026-06-03 12:19:50,863 [INFO] step=470 loss=0.0000 lm=0.0000 tps=34063
2026-06-03 12:19:59,433 [INFO] step=480 loss=0.0000 lm=0.0000 tps=34141
2026-06-03 12:20:07,875 [INFO] step=490 loss=0.0000 lm=0.0000 tps=34225
2026-06-03 12:20:24,673 [INFO] step=500 loss=0.0000 lm=0.0000 tps=34307
2026-06-03 12:20:27,508 [INFO] GPU belleği temizleniyor...
2026-06-03 12:20:28,015 [INFO] GPU belleği başarıyla temizlendi.
2026-06-03 13:59:00,839 [INFO] AI Hızlandırıcı Durumu: Active
2026-06-03 13:59:05,124 [INFO] ✅ UltraWNN tekrar aktif (tinygrad, maksimum hiz modu)
2026-06-03 13:59:05,124 [INFO] ✅ UltraHybrid aktif (UltraWNN + hafif global memory izi)
2026-06-03 14:03:42,577 [INFO] AI Hızlandırıcı Durumu: Active
2026-06-03 14:03:56,041 [INFO] Streaming dataset hazır: tiny_stories.tokens.bin (355860481 token, prefetch=8, EFT=False, batch_size=64)
2026-06-03 14:03:56,778 [INFO] Backend hazır: CL
2026-06-03 14:03:56,778 [INFO] Backend tuning: CACHELEVEL=3 fast_math=on
2026-06-03 14:03:56,778 [INFO] AI Hızlandırıcılar: Vulkan (Direct) - Active
2026-06-03 14:03:56,778 [INFO] ✅ Doğrudan AI hızlandırıcı erişimi aktif (128 hızlandırıcı)
2026-06-03 14:03:56,863 [INFO] ✅ UltraWNN tekrar aktif (tinygrad, maksimum hiz modu)
2026-06-03 14:03:56,864 [INFO] ✅ UltraHybrid aktif (UltraWNN + hafif global memory izi)
2026-06-03 14:03:57,233 [INFO] ✅ JIT aktif (49.9M) — throughput odakli hizli egitim modu kullaniliyor.
2026-06-03 14:03:57,233 [INFO] Cekirdek hazirlaniyor...
2026-06-03 14:04:28,026 [INFO] Warmup tamamlandı.
2026-06-03 14:04:28,026 [INFO] 🔄 Faz geçişi: -1 -> 1
2026-06-03 14:04:28,528 [INFO] Faz 1 — strength=0.000 [ULTRA_HYBRID JIT]
2026-06-03 14:04:31,662 [WARNING] step=1 — loss ve lm_loss sifira cok yakin. Ornek target tokenlari: [118, 48, 36, 12, 86, 107, 111, 34, 99, 112, 102, 34]
2026-06-03 14:04:31,662 [INFO] step=1 loss=0.0000 lm=0.0000 tps=9010
2026-06-03 14:04:38,447 [WARNING] step=10 — loss ve lm_loss sifira cok yakin. Ornek target tokenlari: [48, 34, 75, 118, 34, 121, 99, 117, 34, 99, 34, 101]
2026-06-03 14:04:38,447 [INFO] step=10 loss=0.0000 lm=0.0000 tps=31443
2026-06-03 14:04:45,416 [WARNING] step=20 — loss ve lm_loss sifira cok yakin. Ornek target tokenlari: [99, 101, 103, 34, 118, 106, 103, 34, 102, 107, 104, 104]
2026-06-03 14:04:45,416 [INFO] step=20 loss=0.0000 lm=0.0000 tps=37686
2026-06-03 14:05:27,485 [INFO] AI Hızlandırıcı Durumu: Active
2026-06-03 14:05:37,395 [INFO] Streaming dataset hazır: C:\Users\Administrator\Desktop\OTOYA\data_archive\eita_dataset.chatml.tokens.bin (87614005 token, prefetch=8, EFT=False, batch_size=64)
2026-06-03 14:05:38,184 [INFO] Backend hazır: CL
2026-06-03 14:05:38,184 [INFO] Backend tuning: CACHELEVEL=3 fast_math=on
2026-06-03 14:05:38,184 [INFO] AI Hızlandırıcılar: Vulkan (Direct) - Active
2026-06-03 14:05:38,184 [INFO] ✅ Doğrudan AI hızlandırıcı erişimi aktif (128 hızlandırıcı)
2026-06-03 14:05:38,260 [INFO] ✅ UltraWNN tekrar aktif (tinygrad, maksimum hiz modu)
2026-06-03 14:05:38,260 [INFO] ✅ UltraHybrid aktif (UltraWNN + hafif global memory izi)
2026-06-03 14:05:38,420 [INFO] ✅ JIT aktif (0.6M) — throughput odakli hizli egitim modu kullaniliyor.
2026-06-03 14:05:38,420 [INFO] Cekirdek hazirlaniyor...
2026-06-03 14:06:27,368 [INFO] Warmup tamamlandı.
2026-06-03 14:06:27,368 [INFO] 🔄 Faz geçişi: -1 -> 1
2026-06-03 14:06:27,678 [INFO] Faz 1 — strength=0.000 [ULTRA_HYBRID JIT]
2026-06-03 14:06:29,929 [INFO] step=1 loss=6.3817 lm=6.3817 tps=3199
2026-06-03 14:06:33,207 [INFO] step=10 loss=5.7442 lm=5.7442 tps=14031
2026-06-03 14:06:36,524 [INFO] step=20 loss=4.9100 lm=4.9100 tps=17894
2026-06-03 14:06:39,846 [INFO] step=30 loss=4.1000 lm=4.1000 tps=19695
2026-06-03 14:06:41,191 [INFO] Eğitim durduruldu, GPU belleği temizleniyor...
2026-06-03 14:06:41,372 [INFO] GPU belleği temizlendi.
2026-06-03 14:06:55,378 [INFO] AI Hızlandırıcı Durumu: Active
2026-06-03 14:07:15,465 [INFO] Streaming dataset hazır: C:\Users\Administrator\Desktop\OTOYA\data_archive\eita_dataset.chatml.tokens.bin (87614005 token, prefetch=8, EFT=False, batch_size=64)
2026-06-03 14:07:16,178 [INFO] Backend hazır: CL
2026-06-03 14:07:16,178 [INFO] Backend tuning: CACHELEVEL=3 fast_math=on
2026-06-03 14:07:16,178 [INFO] AI Hızlandırıcılar: Vulkan (Direct) - Active
2026-06-03 14:07:16,178 [INFO] ✅ Doğrudan AI hızlandırıcı erişimi aktif (128 hızlandırıcı)
2026-06-03 14:07:16,262 [INFO] ✅ UltraWNN tekrar aktif (tinygrad, maksimum hiz modu)
2026-06-03 14:07:16,262 [INFO] ✅ UltraHybrid aktif (UltraWNN + hafif global memory izi)
2026-06-03 14:07:16,624 [INFO] ✅ JIT aktif (49.9M) — throughput odakli hizli egitim modu kullaniliyor.
2026-06-03 14:07:16,624 [INFO] Cekirdek hazirlaniyor...
2026-06-03 14:07:46,943 [INFO] Warmup tamamlandı.
2026-06-03 14:07:46,943 [INFO] 🔄 Faz geçişi: -1 -> 1
2026-06-03 14:07:47,437 [INFO] Faz 1 — strength=0.000 [ULTRA_HYBRID JIT]
2026-06-03 14:07:50,547 [WARNING] step=1 — loss ve lm_loss sifira cok yakin. Ornek target tokenlari: [100, 103, 34, 120, 107, 103, 121, 103, 102, 34, 103, 107]
2026-06-03 14:07:50,547 [INFO] step=1 loss=0.0000 lm=0.0000 tps=9092
2026-06-03 14:07:57,295 [WARNING] step=10 — loss ve lm_loss sifira cok yakin. Ornek target tokenlari: [118, 107, 111, 103, 46, 34, 116, 103, 101, 103, 107, 120]
2026-06-03 14:07:57,295 [INFO] step=10 loss=0.0000 lm=0.0000 tps=31652
2026-06-03 14:08:04,210 [WARNING] step=20 — loss ve lm_loss sifira cok yakin. Ornek target tokenlari: [112, 101, 107, 99, 110, 34, 116, 103, 117, 113, 119, 116]
2026-06-03 14:08:04,210 [INFO] step=20 loss=0.0000 lm=0.0000 tps=37954
2026-06-03 14:08:11,197 [WARNING] step=30 — loss ve lm_loss sifira cok yakin. Ornek target tokenlari: [112, 117, 107, 117, 101, 113, 34, 99, 112, 102, 34, 78]
2026-06-03 14:08:11,197 [INFO] step=30 loss=0.0000 lm=0.0000 tps=40531
2026-06-03 14:08:14,097 [INFO] Eğitim durduruldu, GPU belleği temizleniyor...
2026-06-03 14:08:14,353 [INFO] GPU belleği temizlendi.
2026-06-03 14:48:48,992 [INFO] AI Hızlandırıcı Durumu: Active
2026-06-03 14:49:29,244 [INFO] AI Hızlandırıcı Durumu: Active
2026-06-03 14:49:47,706 [INFO] AI Hızlandırıcı Durumu: Active
2026-06-03 14:50:34,708 [INFO] AI Hızlandırıcı Durumu: Active
2026-06-03 14:55:37,834 [INFO] AI Hızlandırıcı Durumu: Active
2026-06-03 14:56:20,972 [INFO] AI Hızlandırıcı Durumu: Active
2026-06-03 14:56:53,870 [INFO] AI Hızlandırıcı Durumu: Active
2026-06-03 15:21:15,085 [INFO] AI Hızlandırıcı Durumu: Active
2026-06-03 15:29:31,672 [INFO] AI Hızlandırıcı Durumu: Active
2026-06-03 15:29:57,583 [INFO] Streaming dataset hazır: C:\Users\Administrator\Desktop\OTOYA\data_archive\eita_dataset.chatml.tokens.bin (87614005 token, prefetch=8, EFT=False, batch_size=64)
2026-06-03 15:29:58,297 [INFO] Backend hazır: CL
2026-06-03 15:29:58,297 [INFO] Backend tuning: CACHELEVEL=3 fast_math=on
2026-06-03 15:29:58,297 [INFO] AI Hızlandırıcılar: Vulkan (Direct) - Active
2026-06-03 15:29:58,297 [INFO] ✅ Doğrudan AI hızlandırıcı erişimi aktif (128 hızlandırıcı)
2026-06-03 15:29:58,382 [INFO] ✅ UltraWNN tekrar aktif (tinygrad, maksimum hiz modu)
2026-06-03 15:29:58,383 [INFO] ✅ UltraHybrid aktif (UltraWNN + hafif global memory izi)
2026-06-03 15:29:58,747 [INFO] ✅ JIT aktif (49.9M) — throughput odakli hizli egitim modu kullaniliyor.
2026-06-03 15:29:58,747 [INFO] Cekirdek hazirlaniyor...
2026-06-03 15:30:05,381 [INFO] 🧩 ScalableJIT: 4 blok sarmalandı (period=3, tinyjit=on)
2026-06-03 15:30:32,674 [INFO] Warmup tamamlandı.
2026-06-03 15:30:32,675 [INFO] 🔄 Faz geçişi: -1 -> 1
2026-06-03 15:30:32,676 [ERROR] Eğitim başarısız: '_RealizeWrappedBlock' object has no attribute 'phase'
Traceback (most recent call last):
  File "C:\Users\Administrator\Desktop\OTOYA\eita.py", line 1337, in run
    self._run()
    ~~~~~~~~~^^
  File "C:\Users\Administrator\Desktop\OTOYA\eita.py", line 1594, in _run
    set_phase_trainable(model, phase)
    ~~~~~~~~~~~~~~~~~~~^^^^^^^^^^^^^^
  File "C:\Users\Administrator\Desktop\OTOYA\eita.py", line 1301, in set_phase_trainable
    set_trainable(l.phase, phase>=2)
                  ^^^^^^^
AttributeError: '_RealizeWrappedBlock' object has no attribute 'phase'

2026-06-03 15:39:18,102 [INFO] AI Hızlandırıcı Durumu: Active
2026-06-03 15:45:27,309 [INFO] AI Hızlandırıcı Durumu: Active
2026-06-03 15:45:55,858 [INFO] Streaming dataset hazır: C:\Users\Administrator\Desktop\OTOYA\data_archive\eita_dataset.chatml.tokens.bin (87614005 token, prefetch=8, EFT=False, batch_size=64)
2026-06-03 15:45:56,584 [INFO] Backend hazır: CL
2026-06-03 15:45:56,584 [INFO] Backend tuning: CACHELEVEL=3 fast_math=on
2026-06-03 15:45:56,584 [INFO] AI Hızlandırıcılar: Vulkan (Direct) - Active
2026-06-03 15:45:56,584 [INFO] ✅ Doğrudan AI hızlandırıcı erişimi aktif (128 hızlandırıcı)
2026-06-03 15:45:56,666 [INFO] ✅ UltraWNN tekrar aktif (tinygrad, maksimum hiz modu)
2026-06-03 15:45:56,667 [INFO] ✅ UltraHybrid aktif (UltraWNN + hafif global memory izi)
2026-06-03 15:45:57,034 [INFO] ✅ JIT aktif (49.9M) — throughput odakli hizli egitim modu kullaniliyor.
2026-06-03 15:45:57,034 [INFO] Cekirdek hazirlaniyor...
2026-06-03 15:46:03,674 [INFO] 🧩 ScalableJIT: 4 blok sarmalandı (period=3, tinyjit=on)
2026-06-03 15:46:20,527 [INFO] Warmup tamamlandı.
2026-06-03 15:46:20,528 [INFO] 🔄 Faz geçişi: -1 -> 1
2026-06-03 15:46:20,835 [INFO] 🧩 ScalableJIT: 4 blok sarmalandı (period=3, tinyjit=on)
2026-06-03 15:46:20,838 [INFO] Faz 1 — strength=0.000 [ULTRA_HYBRID JIT]
2026-06-03 15:46:39,003 [WARNING] step=1 — loss ve lm_loss sifira cok yakin. Ornek target tokenlari: [77, 47, 64, 55, 50, 52, 55, 55, 55, 52, 50, 77]
2026-06-03 15:46:39,003 [INFO] step=1 loss=0.0000 lm=0.0000 tps=1774
2026-06-03 15:46:39,003 [WARNING] ⚠️ Step 1 çok yavaş: 18.48s
2026-06-03 15:46:39,809 [WARNING] step=10 — loss ve lm_loss sifira cok yakin. Ornek target tokenlari: [118, 107, 111, 103, 46, 34, 116, 103, 101, 103, 107, 120]
2026-06-03 15:46:39,809 [INFO] step=10 loss=0.0000 lm=0.0000 tps=16995
2026-06-03 15:46:40,201 [WARNING] step=20 — loss ve lm_loss sifira cok yakin. Ornek target tokenlari: [112, 101, 107, 99, 110, 34, 116, 103, 117, 113, 119, 116]
2026-06-03 15:46:40,201 [INFO] step=20 loss=0.0000 lm=0.0000 tps=33311
2026-06-03 15:46:40,593 [WARNING] step=30 — loss ve lm_loss sifira cok yakin. Ornek target tokenlari: [112, 117, 107, 117, 101, 113, 34, 99, 112, 102, 34, 78]
2026-06-03 15:46:40,593 [INFO] step=30 loss=0.0000 lm=0.0000 tps=48991
2026-06-03 15:46:40,983 [WARNING] step=40 — loss ve lm_loss sifira cok yakin. Ornek target tokenlari: [114, 116, 113, 105, 116, 103, 117, 117, 107, 120, 103, 110]
2026-06-03 15:46:40,983 [INFO] step=40 loss=0.0000 lm=0.0000 tps=64077
2026-06-03 15:46:41,382 [WARNING] step=50 — loss ve lm_loss sifira cok yakin. Ornek target tokenlari: [110, 102, 34, 100, 103, 34, 105, 113, 113, 102, 34, 117]
2026-06-03 15:46:41,382 [INFO] step=50 loss=0.0000 lm=0.0000 tps=78562
2026-06-03 15:46:41,802 [WARNING] step=60 — loss ve lm_loss sifira cok yakin. Ornek target tokenlari: [67, 121, 99, 116, 102, 34, 104, 113, 116, 34, 81, 119]
2026-06-03 15:46:41,802 [INFO] step=60 loss=0.0000 lm=0.0000 tps=92414
2026-06-03 15:46:42,224 [WARNING] step=70 — loss ve lm_loss sifira cok yakin. Ornek target tokenlari: [34, 68, 113, 121, 110, 46, 34, 121, 106, 103, 116, 103]
2026-06-03 15:46:42,225 [INFO] step=70 loss=0.0000 lm=0.0000 tps=105717
2026-06-03 15:46:42,642 [WARNING] step=80 — loss ve lm_loss sifira cok yakin. Ornek target tokenlari: [116, 118, 34, 113, 104, 34, 118, 106, 103, 34, 101, 113]
2026-06-03 15:46:42,642 [INFO] step=80 loss=0.0000 lm=0.0000 tps=118537
2026-06-03 15:46:43,054 [WARNING] step=90 — loss ve lm_loss sifira cok yakin. Ornek target tokenlari: [118, 100, 99, 110, 110, 34, 78, 103, 99, 105, 119, 103]
2026-06-03 15:46:43,054 [INFO] step=90 loss=0.0000 lm=0.0000 tps=130920
2026-06-03 15:46:43,478 [WARNING] step=100 — loss ve lm_loss sifira cok yakin. Ornek target tokenlari: [111, 97, 103, 112, 102, 126, 64, 12, 62, 126, 107, 111]
2026-06-03 15:46:43,478 [INFO] step=100 loss=0.0000 lm=0.0000 tps=142775
2026-06-03 15:46:43,894 [INFO] step=110 loss=0.0000 lm=0.0000 tps=154258
2026-06-03 15:46:44,304 [INFO] step=120 loss=0.0000 lm=0.0000 tps=165377
2026-06-03 15:46:44,708 [INFO] step=130 loss=0.0000 lm=0.0000 tps=176166
2026-06-03 15:46:45,114 [INFO] step=140 loss=0.0000 lm=0.0000 tps=186587
2026-06-03 15:46:45,522 [INFO] step=150 loss=0.0000 lm=0.0000 tps=196650
2026-06-03 15:46:45,522 [INFO] 🔄 Faz geçişi: 1 -> 2
2026-06-03 15:46:45,839 [INFO] 🧩 ScalableJIT: 4 blok sarmalandı (period=3, tinyjit=on)
2026-06-03 15:46:45,840 [INFO] Faz 2 — strength=0.008 [ULTRA_HYBRID JIT]
2026-06-03 15:47:07,981 [INFO] step=160 loss=0.0000 lm=0.0000 tps=110484
2026-06-03 15:47:08,604 [INFO] step=170 loss=0.0000 lm=0.0000 tps=115869
2026-06-03 15:47:09,222 [INFO] step=180 loss=0.0000 lm=0.0000 tps=121128
2026-06-03 15:47:09,834 [INFO] step=190 loss=0.0000 lm=0.0000 tps=126268
2026-06-03 15:47:10,476 [INFO] step=200 loss=0.0000 lm=0.0000 tps=131207
2026-06-03 15:47:10,476 [INFO] 🧹 GPU belleği temizleniyor (step 200)...
2026-06-03 15:47:10,800 [INFO] ✅ GPU belleği temizlendi
2026-06-03 15:47:11,419 [INFO] step=210 loss=0.0000 lm=0.0000 tps=135214
2026-06-03 15:47:12,032 [INFO] step=220 loss=0.0000 lm=0.0000 tps=139967
2026-06-03 15:47:12,637 [INFO] step=230 loss=0.0000 lm=0.0000 tps=144631
2026-06-03 15:47:13,249 [INFO] step=240 loss=0.0000 lm=0.0000 tps=149167
2026-06-03 15:47:13,861 [INFO] step=250 loss=0.0000 lm=0.0000 tps=153599
2026-06-03 15:47:14,473 [INFO] step=260 loss=0.0000 lm=0.0000 tps=157932
2026-06-03 15:47:15,079 [INFO] step=270 loss=0.0000 lm=0.0000 tps=162185
2026-06-03 15:47:15,693 [INFO] step=280 loss=0.0000 lm=0.0000 tps=166318
2026-06-03 15:47:16,298 [INFO] step=290 loss=0.0000 lm=0.0000 tps=170390
2026-06-03 15:47:16,902 [INFO] step=300 loss=0.0000 lm=0.0000 tps=174377
2026-06-03 15:47:17,508 [INFO] step=310 loss=0.0000 lm=0.0000 tps=178272
2026-06-03 15:47:18,122 [INFO] step=320 loss=0.0000 lm=0.0000 tps=182062
2026-06-03 15:47:18,725 [INFO] step=330 loss=0.0000 lm=0.0000 tps=185806
2026-06-03 15:47:19,332 [INFO] step=340 loss=0.0000 lm=0.0000 tps=189460
2026-06-03 15:47:19,938 [INFO] step=350 loss=0.0000 lm=0.0000 tps=193043
2026-06-03 15:47:19,938 [INFO] 🔄 Faz geçişi: 2 -> 3
2026-06-03 15:47:19,938 [INFO] 🧹 Faz geçişi öncesi GPU belleği temizleniyor...
2026-06-03 15:47:20,674 [INFO] ✅ GPU belleği temizlendi
2026-06-03 15:47:21,076 [INFO] 🧩 ScalableJIT: 4 blok sarmalandı (period=3, tinyjit=on)
2026-06-03 15:47:21,077 [INFO] Faz 3 — strength=1.000 [ULTRA_HYBRID JIT]
2026-06-03 15:47:26,033 [INFO] step=360 loss=0.0000 lm=0.0000 tps=180085
2026-06-03 15:47:26,774 [INFO] step=370 loss=0.0000 lm=0.0000 tps=183015
2026-06-03 15:47:27,519 [INFO] step=380 loss=0.0000 lm=0.0000 tps=185872
2026-06-03 15:47:28,268 [INFO] step=390 loss=0.0000 lm=0.0000 tps=188653
2026-06-03 15:47:29,014 [INFO] step=400 loss=0.0000 lm=0.0000 tps=191384
2026-06-03 15:47:29,014 [INFO] 🧹 GPU belleği temizleniyor (step 400)...
2026-06-03 15:47:29,352 [INFO] ✅ GPU belleği temizlendi
2026-06-03 15:47:30,097 [INFO] step=410 loss=0.0000 lm=0.0000 tps=193113
2026-06-03 15:47:30,849 [INFO] step=420 loss=0.0000 lm=0.0000 tps=195709
2026-06-03 15:47:31,595 [INFO] step=430 loss=0.0000 lm=0.0000 tps=198265
2026-06-03 15:47:32,342 [INFO] step=440 loss=0.0000 lm=0.0000 tps=200765
2026-06-03 15:47:33,098 [INFO] step=450 loss=0.0000 lm=0.0000 tps=203190
2026-06-03 15:47:33,098 [INFO] 🔄 Faz geçişi: 3 -> 4
2026-06-03 15:47:33,098 [INFO] 🧹 Faz geçişi öncesi GPU belleği temizleniyor...
2026-06-03 15:47:33,918 [INFO] ✅ GPU belleği temizlendi
2026-06-03 15:47:34,373 [INFO] 🧩 ScalableJIT: 4 blok sarmalandı (period=3, tinyjit=on)
2026-06-03 15:47:34,374 [INFO] Faz 4 — strength=1.000 [ULTRA_HYBRID JIT]
2026-06-03 15:47:36,527 [INFO] step=460 loss=0.0000 lm=0.0000 tps=198332
2026-06-03 15:47:37,420 [INFO] step=470 loss=0.0000 lm=0.0000 tps=200293
2026-06-03 15:47:38,317 [INFO] step=480 loss=0.0000 lm=0.0000 tps=202195
2026-06-03 15:47:39,216 [INFO] step=490 loss=0.0000 lm=0.0000 tps=204050
2026-06-03 15:47:41,733 [INFO] step=500 loss=0.0000 lm=0.0000 tps=205842
2026-06-03 15:47:42,069 [INFO] GPU belleği temizleniyor...
2026-06-03 15:47:42,439 [INFO] GPU belleği başarıyla temizlendi.
2026-06-03 15:48:16,977 [INFO] AI Hızlandırıcı Durumu: Active
2026-06-03 15:48:19,674 [INFO] ✅ UltraWNN tekrar aktif (tinygrad, maksimum hiz modu)
2026-06-03 15:48:19,675 [INFO] ✅ UltraHybrid aktif (UltraWNN + hafif global memory izi)
2026-06-03 15:51:10,716 [INFO] AI Hızlandırıcı Durumu: Active
2026-06-03 15:51:36,979 [INFO] Streaming dataset hazır: C:\Users\Administrator\Desktop\OTOYA\data_archive\eita_dataset.chatml.tokens.bin (87614005 token, prefetch=8, EFT=False, batch_size=64)
2026-06-03 15:51:37,701 [INFO] Backend hazır: CL
2026-06-03 15:51:37,701 [INFO] Backend tuning: CACHELEVEL=3 fast_math=on
2026-06-03 15:51:37,701 [INFO] AI Hızlandırıcılar: Vulkan (Direct) - Active
2026-06-03 15:51:37,701 [INFO] ✅ Doğrudan AI hızlandırıcı erişimi aktif (128 hızlandırıcı)
2026-06-03 15:51:37,786 [INFO] ✅ UltraWNN tekrar aktif (tinygrad, maksimum hiz modu)
2026-06-03 15:51:37,787 [INFO] ✅ UltraHybrid aktif (UltraWNN + hafif global memory izi)
2026-06-03 15:51:38,152 [INFO] ✅ JIT aktif (49.9M) — throughput odakli hizli egitim modu kullaniliyor.
2026-06-03 15:51:38,152 [INFO] Cekirdek hazirlaniyor...
2026-06-03 15:51:44,776 [INFO] 🧩 ScalableJIT: 4 blok sarmalandı (period=3, tinyjit=on)
2026-06-03 15:52:01,586 [INFO] Warmup tamamlandı.
2026-06-03 15:52:01,587 [INFO] 🔄 Faz geçişi: -1 -> 1
2026-06-03 15:52:01,885 [INFO] 🧩 ScalableJIT: 4 blok sarmalandı (period=3, tinyjit=on)
2026-06-03 15:52:01,888 [INFO] Faz 1 — strength=0.000 [ULTRA_HYBRID JIT]
2026-06-03 15:52:08,223 [WARNING] step=1 — loss ve lm_loss sifira cok yakin. Ornek target tokenlari: [34, 118, 113, 121, 112, 34, 99, 112, 102, 34, 101, 113]
2026-06-03 15:52:08,223 [INFO] step=1 loss=0.0000 lm=0.0000 tps=4938
2026-06-03 15:52:09,319 [WARNING] step=10 — loss ve lm_loss sifira cok yakin. Ornek target tokenlari: [118, 107, 111, 103, 46, 34, 116, 103, 101, 103, 107, 120]
2026-06-03 15:52:09,319 [INFO] step=10 loss=0.0000 lm=0.0000 tps=42378
2026-06-03 15:52:10,853 [WARNING] step=20 — loss ve lm_loss sifira cok yakin. Ornek target tokenlari: [112, 101, 107, 99, 110, 34, 116, 103, 117, 113, 119, 116]
2026-06-03 15:52:10,853 [INFO] step=20 loss=0.0000 lm=0.0000 tps=70722
2026-06-03 15:52:11,539 [WARNING] step=30 — loss ve lm_loss sifira cok yakin. Ornek target tokenlari: [112, 117, 107, 117, 101, 113, 34, 99, 112, 102, 34, 78]
2026-06-03 15:52:11,540 [INFO] step=30 loss=0.0000 lm=0.0000 tps=98767
2026-06-03 15:52:12,206 [WARNING] step=40 — loss ve lm_loss sifira cok yakin. Ornek target tokenlari: [114, 116, 113, 105, 116, 103, 117, 117, 107, 120, 103, 110]
2026-06-03 15:52:12,206 [INFO] step=40 loss=0.0000 lm=0.0000 tps=123423
2026-06-03 15:52:12,892 [WARNING] step=50 — loss ve lm_loss sifira cok yakin. Ornek target tokenlari: [34, 51, 59, 51, 53, 34, 118, 113, 34, 51, 59, 52]
2026-06-03 15:52:12,892 [INFO] step=50 loss=0.0000 lm=0.0000 tps=144919
2026-06-03 15:52:13,580 [WARNING] step=60 — loss ve lm_loss sifira cok yakin. Ornek target tokenlari: [67, 121, 99, 116, 102, 34, 104, 113, 116, 34, 81, 119]
2026-06-03 15:52:13,580 [INFO] step=60 loss=0.0000 lm=0.0000 tps=163923
2026-06-03 15:52:14,271 [WARNING] step=70 — loss ve lm_loss sifira cok yakin. Ornek target tokenlari: [34, 68, 113, 121, 110, 46, 34, 121, 106, 103, 116, 103]
2026-06-03 15:52:14,271 [INFO] step=70 loss=0.0000 lm=0.0000 tps=180835
2026-06-03 15:52:14,938 [WARNING] step=80 — loss ve lm_loss sifira cok yakin. Ornek target tokenlari: [116, 118, 34, 113, 104, 34, 118, 106, 103, 34, 101, 113]
2026-06-03 15:52:14,938 [INFO] step=80 loss=0.0000 lm=0.0000 tps=196336
2026-06-03 15:52:15,626 [WARNING] step=90 — loss ve lm_loss sifira cok yakin. Ornek target tokenlari: [118, 100, 99, 110, 110, 34, 78, 103, 99, 105, 119, 103]
2026-06-03 15:52:15,626 [INFO] step=90 loss=0.0000 lm=0.0000 tps=210058
2026-06-03 15:52:16,336 [WARNING] step=100 — loss ve lm_loss sifira cok yakin. Ornek target tokenlari: [111, 97, 103, 112, 102, 126, 64, 12, 62, 126, 107, 111]
2026-06-03 15:52:16,336 [INFO] step=100 loss=0.0000 lm=0.0000 tps=222165
2026-06-03 15:52:17,041 [INFO] step=110 loss=0.0000 lm=0.0000 tps=233226
2026-06-03 15:52:17,733 [INFO] step=120 loss=0.0000 lm=0.0000 tps=243534
2026-06-03 15:52:18,416 [INFO] step=130 loss=0.0000 lm=0.0000 tps=253117
2026-06-03 15:52:19,083 [INFO] step=140 loss=0.0000 lm=0.0000 tps=262203
2026-06-03 15:52:19,771 [INFO] step=150 loss=0.0000 lm=0.0000 tps=270290
2026-06-03 15:52:19,772 [INFO] 🔄 Faz geçişi: 1 -> 2
2026-06-03 15:52:20,078 [INFO] 🧩 ScalableJIT: 4 blok sarmalandı (period=3, tinyjit=on)
2026-06-03 15:52:20,079 [INFO] Faz 2 — strength=0.008 [ULTRA_HYBRID JIT]
2026-06-03 15:52:34,314 [INFO] step=160 loss=0.0000 lm=0.0000 tps=160197
2026-06-03 15:52:35,323 [INFO] step=170 loss=0.0000 lm=0.0000 tps=165122
2026-06-03 15:52:36,220 [INFO] Eğitim durduruldu, GPU belleği temizleniyor...
2026-06-03 15:52:36,689 [INFO] GPU belleği temizlendi.
2026-06-03 15:52:37,566 [INFO] step=180 loss=0.0000 lm=0.0000 tps=163932
2026-06-03 15:52:42,427 [INFO] Streaming dataset hazır: C:\Users\Administrator\Desktop\OTOYA\data_archive\eita_dataset.chatml.tokens.bin (87614005 token, prefetch=8, EFT=False, batch_size=64)
2026-06-03 15:52:42,447 [INFO] Backend hazır: CL
2026-06-03 15:52:42,447 [INFO] Backend tuning: CACHELEVEL=3 fast_math=off
2026-06-03 15:52:42,447 [INFO] AI Hızlandırıcılar: Vulkan (Direct) - Active
2026-06-03 15:52:42,447 [INFO] ✅ Doğrudan AI hızlandırıcı erişimi aktif (128 hızlandırıcı)
2026-06-03 15:52:43,024 [INFO] ✅ JIT aktif (49.9M) — throughput odakli hizli egitim modu kullaniliyor.
2026-06-03 15:52:43,024 [INFO] Cekirdek hazirlaniyor...
2026-06-03 15:52:43,976 [INFO] 🧩 ScalableJIT: 4 blok sarmalandı (period=3, tinyjit=on)
2026-06-03 15:52:45,666 [INFO] Warmup tamamlandı.
2026-06-03 15:52:45,666 [INFO] 🔄 Faz geçişi: -1 -> 1
2026-06-03 15:52:46,051 [INFO] 🧩 ScalableJIT: 4 blok sarmalandı (period=3, tinyjit=on)
2026-06-03 15:52:46,053 [INFO] Faz 1 — strength=0.000 [ULTRA_HYBRID JIT]
2026-06-03 15:52:47,017 [WARNING] step=1 — loss ve lm_loss sifira cok yakin. Ornek target tokenlari: [113, 34, 116, 103, 114, 103, 99, 118, 34, 118, 106, 107]
2026-06-03 15:52:47,017 [INFO] step=1 loss=0.0000 lm=0.0000 tps=24256
2026-06-03 15:52:48,153 [WARNING] step=10 — loss ve lm_loss sifira cok yakin. Ornek target tokenlari: [110, 118, 103, 116, 43, 12, 103, 122, 118, 116, 103, 111]
2026-06-03 15:52:48,153 [INFO] step=10 loss=0.0000 lm=0.0000 tps=131725
2026-06-03 15:52:48,832 [WARNING] step=20 — loss ve lm_loss sifira cok yakin. Ornek target tokenlari: [34, 101, 106, 99, 118, 34, 99, 117, 117, 107, 117, 118]
2026-06-03 15:52:48,832 [INFO] step=20 loss=0.0000 lm=0.0000 tps=207003
2026-06-03 15:52:49,523 [WARNING] step=30 — loss ve lm_loss sifira cok yakin. Ornek target tokenlari: [107, 111, 97, 117, 118, 99, 116, 118, 126, 64, 117, 123]
2026-06-03 15:52:49,524 [INFO] step=30 loss=0.0000 lm=0.0000 tps=254823
2026-06-03 15:52:50,194 [WARNING] step=40 — loss ve lm_loss sifira cok yakin. Ornek target tokenlari: [34, 111, 99, 112, 123, 34, 118, 106, 116, 103, 103, 34]
2026-06-03 15:52:50,194 [INFO] step=40 loss=0.0000 lm=0.0000 tps=289450
2026-06-03 15:52:50,884 [WARNING] step=50 — loss ve lm_loss sifira cok yakin. Ornek target tokenlari: [117, 118, 99, 116, 118, 126, 64, 99, 117, 117, 107, 117]
2026-06-03 15:52:50,884 [INFO] step=50 loss=0.0000 lm=0.0000 tps=313999
2026-06-03 15:52:51,580 [WARNING] step=60 — loss ve lm_loss sifira cok yakin. Ornek target tokenlari: [103, 111, 103, 112, 118, 117, 34, 107, 112, 34, 103, 110]
2026-06-03 15:52:51,580 [INFO] step=60 loss=0.0000 lm=0.0000 tps=332446
2026-06-03 15:52:52,271 [WARNING] step=70 — loss ve lm_loss sifira cok yakin. Ornek target tokenlari: [34, 107, 112, 34, 82, 123, 118, 106, 113, 112, 62, 126]
2026-06-03 15:52:52,271 [INFO] step=70 loss=0.0000 lm=0.0000 tps=347247
2026-06-03 15:52:52,937 [WARNING] step=80 — loss ve lm_loss sifira cok yakin. Ornek target tokenlari: [103, 34, 113, 112, 110, 123, 34, 118, 113, 119, 116, 112]
2026-06-03 15:52:52,937 [INFO] step=80 loss=0.0000 lm=0.0000 tps=360516
2026-06-03 15:52:53,620 [WARNING] step=90 — loss ve lm_loss sifira cok yakin. Ornek target tokenlari: [87, 85, 34, 118, 116, 99, 102, 107, 118, 107, 113, 112]
2026-06-03 15:52:53,620 [INFO] step=90 loss=0.0000 lm=0.0000 tps=370742
2026-06-03 15:52:54,290 [WARNING] step=100 — loss ve lm_loss sifira cok yakin. Ornek target tokenlari: [34, 121, 103, 100, 117, 107, 118, 103, 117, 34, 99, 112]
2026-06-03 15:52:54,290 [INFO] step=100 loss=0.0000 lm=0.0000 tps=379969
2026-06-03 15:52:54,979 [INFO] step=110 loss=0.0000 lm=0.0000 tps=387046
2026-06-03 15:52:55,670 [INFO] step=120 loss=0.0000 lm=0.0000 tps=393072
2026-06-03 15:52:56,360 [INFO] step=130 loss=0.0000 lm=0.0000 tps=398346
2026-06-03 15:52:57,031 [INFO] step=140 loss=0.0000 lm=0.0000 tps=403644
2026-06-03 15:52:57,729 [INFO] step=150 loss=0.0000 lm=0.0000 tps=407447
2026-06-03 15:52:57,729 [INFO] 🔄 Faz geçişi: 1 -> 2
2026-06-03 15:52:58,130 [INFO] 🧩 ScalableJIT: 4 blok sarmalandı (period=3, tinyjit=on)
2026-06-03 15:52:58,130 [INFO] Faz 2 — strength=0.008 [ULTRA_HYBRID JIT]
2026-06-03 15:52:58,828 [INFO] Eğitim durduruldu, GPU belleği temizleniyor...
2026-06-03 15:52:59,213 [INFO] GPU belleği temizlendi.
2026-06-03 16:19:29,283 [INFO] AI Hızlandırıcı Durumu: Active
2026-06-03 16:19:54,502 [INFO] Streaming dataset hazır: C:\Users\Administrator\Desktop\OTOYA\data_archive\eita_dataset.chatml.tokens.bin (87614005 token, prefetch=8, EFT=False, batch_size=64)
2026-06-03 16:19:55,236 [INFO] Backend hazır: CL
2026-06-03 16:19:55,237 [INFO] Backend tuning: CACHELEVEL=3 fast_math=on
2026-06-03 16:19:55,237 [INFO] AI Hızlandırıcılar: Vulkan (Direct) - Active
2026-06-03 16:19:55,237 [INFO] ✅ Doğrudan AI hızlandırıcı erişimi aktif (128 hızlandırıcı)
2026-06-03 16:19:55,321 [INFO] ✅ UltraWNN tekrar aktif (tinygrad, maksimum hiz modu)
2026-06-03 16:19:55,322 [INFO] ✅ UltraHybrid aktif (UltraWNN + hafif global memory izi)
2026-06-03 16:19:55,685 [INFO] ✅ JIT aktif (49.9M) — throughput odakli hizli egitim modu kullaniliyor.
2026-06-03 16:19:55,685 [INFO] Cekirdek hazirlaniyor...
2026-06-03 16:20:02,314 [INFO] 🧩 ScalableJIT: 4 blok sarmalandı (period=3, tinyjit=on)
2026-06-03 16:20:19,661 [INFO] Warmup tamamlandı.
2026-06-03 16:20:19,661 [INFO] 🔄 Faz geçişi: -1 -> 1
2026-06-03 16:20:19,883 [INFO] 🧩 ScalableJIT: 4 blok sarmalandı (period=3, tinyjit=on)
2026-06-03 16:20:19,886 [INFO] Faz 1 — strength=0.000 [ULTRA_HYBRID JIT]
2026-06-03 16:20:26,419 [WARNING] step=1 — loss ve lm_loss sifira cok yakin. Ornek target tokenlari: [117, 107, 102, 103, 112, 118, 48, 12, 12, 77, 103, 112]
2026-06-03 16:20:26,419 [INFO] step=1 loss=0.0000 lm=0.0000 tps=4849
2026-06-03 16:20:27,521 [WARNING] step=10 — loss ve lm_loss sifira cok yakin. Ornek target tokenlari: [118, 107, 111, 103, 46, 34, 116, 103, 101, 103, 107, 120]
2026-06-03 16:20:27,521 [INFO] step=10 loss=0.0000 lm=0.0000 tps=41687
2026-06-03 16:20:28,963 [WARNING] step=20 — loss ve lm_loss sifira cok yakin. Ornek target tokenlari: [101, 118, 34, 99, 112, 117, 121, 103, 116, 34, 107, 117]
2026-06-03 16:20:28,963 [INFO] step=20 loss=0.0000 lm=0.0000 tps=70454
2026-06-03 16:20:29,706 [WARNING] step=30 — loss ve lm_loss sifira cok yakin. Ornek target tokenlari: [56, 11, 51, 55, 48, 52, 52, 39, 11, 51, 53, 48]
2026-06-03 16:20:29,707 [INFO] step=30 loss=0.0000 lm=0.0000 tps=97858
2026-06-03 16:20:30,399 [WARNING] step=40 — loss ve lm_loss sifira cok yakin. Ornek target tokenlari: [99, 116, 107, 117, 46, 34, 84, 113, 111, 103, 46, 34]
2026-06-03 16:20:30,399 [INFO] step=40 loss=0.0000 lm=0.0000 tps=122062
2026-06-03 16:20:31,153 [WARNING] step=50 — loss ve lm_loss sifira cok yakin. Ornek target tokenlari: [106, 103, 34, 118, 116, 103, 103, 34, 99, 118, 34, 118]
2026-06-03 16:20:31,153 [INFO] step=50 loss=0.0000 lm=0.0000 tps=142571
2026-06-03 16:20:31,867 [WARNING] step=60 — loss ve lm_loss sifira cok yakin. Ornek target tokenlari: [67, 121, 99, 116, 102, 34, 104, 113, 116, 34, 81, 119]
2026-06-03 16:20:31,867 [INFO] step=60 loss=0.0000 lm=0.0000 tps=161073
2026-06-03 16:20:32,602 [WARNING] step=70 — loss ve lm_loss sifira cok yakin. Ornek target tokenlari: [34, 68, 113, 121, 110, 46, 34, 121, 106, 103, 116, 103]
2026-06-03 16:20:32,602 [INFO] step=70 loss=0.0000 lm=0.0000 tps=177243
2026-06-03 16:20:33,314 [WARNING] step=80 — loss ve lm_loss sifira cok yakin. Ornek target tokenlari: [116, 111, 103, 112, 118, 34, 111, 103, 99, 112, 118, 34]
2026-06-03 16:20:33,315 [INFO] step=80 loss=0.0000 lm=0.0000 tps=191996
2026-06-03 16:20:33,516 [INFO] Eğitim durduruldu, GPU belleği temizleniyor...
2026-06-03 16:20:33,809 [INFO] GPU belleği temizlendi.
2026-06-03 16:20:44,595 [INFO] Streaming dataset hazır: C:\Users\Administrator\Desktop\OTOYA\data_archive\eita_dataset.chatml.tokens.bin (87614005 token, prefetch=8, EFT=False, batch_size=64)
2026-06-03 16:20:44,607 [INFO] Backend hazır: CL
2026-06-03 16:20:44,607 [INFO] Backend tuning: CACHELEVEL=3 fast_math=on
2026-06-03 16:20:44,607 [INFO] AI Hızlandırıcılar: Vulkan (Direct) - Active
2026-06-03 16:20:44,607 [INFO] ✅ Doğrudan AI hızlandırıcı erişimi aktif (128 hızlandırıcı)
2026-06-03 16:20:45,247 [INFO] ✅ JIT aktif (49.9M) — throughput odakli hizli egitim modu kullaniliyor.
2026-06-03 16:20:45,248 [INFO] Cekirdek hazirlaniyor...
2026-06-03 16:20:46,256 [INFO] 🧩 ScalableJIT: 4 blok sarmalandı (period=3, tinyjit=on)
2026-06-03 16:20:47,925 [INFO] Warmup tamamlandı.
2026-06-03 16:20:47,925 [INFO] 🔄 Faz geçişi: -1 -> 1
2026-06-03 16:20:48,204 [INFO] 🧩 ScalableJIT: 4 blok sarmalandı (period=3, tinyjit=on)
2026-06-03 16:20:48,206 [INFO] Faz 1 — strength=0.000 [ULTRA_WNN JIT]
2026-06-03 16:20:49,126 [WARNING] step=1 — loss ve lm_loss sifira cok yakin. Ornek target tokenlari: [117, 34, 118, 113, 34, 103, 112, 105, 107, 112, 103, 34]
2026-06-03 16:20:49,127 [INFO] step=1 loss=0.0000 lm=0.0000 tps=27280
2026-06-03 16:20:50,255 [WARNING] step=10 — loss ve lm_loss sifira cok yakin. Ornek target tokenlari: [110, 118, 103, 116, 43, 12, 103, 122, 118, 116, 103, 111]
2026-06-03 16:20:50,256 [INFO] step=10 loss=0.0000 lm=0.0000 tps=140628
2026-06-03 16:20:50,926 [WARNING] step=20 — loss ve lm_loss sifira cok yakin. Ornek target tokenlari: [34, 101, 106, 99, 118, 34, 99, 117, 117, 107, 117, 118]
2026-06-03 16:20:50,926 [INFO] step=20 loss=0.0000 lm=0.0000 tps=218383
2026-06-03 16:20:51,622 [WARNING] step=30 — loss ve lm_loss sifira cok yakin. Ornek target tokenlari: [107, 111, 97, 117, 118, 99, 116, 118, 126, 64, 117, 123]
2026-06-03 16:20:51,622 [INFO] step=30 loss=0.0000 lm=0.0000 tps=265956
2026-06-03 16:20:52,292 [WARNING] step=40 — loss ve lm_loss sifira cok yakin. Ornek target tokenlari: [34, 111, 99, 112, 123, 34, 118, 106, 116, 103, 103, 34]
2026-06-03 16:20:52,292 [INFO] step=40 loss=0.0000 lm=0.0000 tps=300137
2026-06-03 16:20:53,033 [WARNING] step=50 — loss ve lm_loss sifira cok yakin. Ornek target tokenlari: [117, 118, 99, 116, 118, 126, 64, 99, 117, 117, 107, 117]
2026-06-03 16:20:53,033 [INFO] step=50 loss=0.0000 lm=0.0000 tps=320774
2026-06-03 16:20:53,726 [WARNING] step=60 — loss ve lm_loss sifira cok yakin. Ornek target tokenlari: [103, 111, 103, 112, 118, 117, 34, 107, 112, 34, 103, 110]
2026-06-03 16:20:53,726 [INFO] step=60 loss=0.0000 lm=0.0000 tps=338917
2026-06-03 16:20:54,420 [WARNING] step=70 — loss ve lm_loss sifira cok yakin. Ornek target tokenlari: [34, 107, 112, 34, 82, 123, 118, 106, 113, 112, 62, 126]
2026-06-03 16:20:54,420 [INFO] step=70 loss=0.0000 lm=0.0000 tps=353184
2026-06-03 16:20:55,093 [WARNING] step=80 — loss ve lm_loss sifira cok yakin. Ornek target tokenlari: [103, 34, 113, 112, 110, 123, 34, 118, 113, 119, 116, 112]
2026-06-03 16:20:55,093 [INFO] step=80 loss=0.0000 lm=0.0000 tps=365730
2026-06-03 16:20:55,778 [WARNING] step=90 — loss ve lm_loss sifira cok yakin. Ornek target tokenlari: [87, 85, 34, 118, 116, 99, 102, 107, 118, 107, 113, 112]
2026-06-03 16:20:55,778 [INFO] step=90 loss=0.0000 lm=0.0000 tps=375544
2026-06-03 16:20:56,500 [WARNING] step=100 — loss ve lm_loss sifira cok yakin. Ornek target tokenlari: [12, 102, 103, 104, 34, 116, 103, 120, 103, 116, 117, 103]
2026-06-03 16:20:56,500 [INFO] step=100 loss=0.0000 lm=0.0000 tps=382138
2026-06-03 16:20:57,221 [INFO] step=110 loss=0.0000 lm=0.0000 tps=387748
2026-06-03 16:20:57,969 [INFO] step=120 loss=0.0000 lm=0.0000 tps=391505
2026-06-03 16:20:58,685 [INFO] step=130 loss=0.0000 lm=0.0000 tps=395905
2026-06-03 16:20:59,376 [INFO] step=140 loss=0.0000 lm=0.0000 tps=400619
2026-06-03 16:21:00,103 [INFO] step=150 loss=0.0000 lm=0.0000 tps=403631
2026-06-03 16:21:00,103 [INFO] 🔄 Faz geçişi: 1 -> 2
2026-06-03 16:21:00,397 [INFO] 🧩 ScalableJIT: 4 blok sarmalandı (period=3, tinyjit=on)
2026-06-03 16:21:00,398 [INFO] Faz 2 — strength=0.008 [ULTRA_WNN JIT]
2026-06-03 16:21:03,300 [INFO] Eğitim durduruldu, GPU belleği temizleniyor...
2026-06-03 16:21:03,692 [INFO] GPU belleği temizlendi.
2026-06-03 16:21:54,018 [INFO] AI Hızlandırıcı Durumu: Active
2026-06-03 16:22:11,209 [INFO] Streaming dataset hazır: C:\Users\Administrator\Desktop\OTOYA\data_archive\eita_dataset.chatml.tokens.bin (87614005 token, prefetch=8, EFT=False, batch_size=64)
2026-06-03 16:22:11,929 [INFO] Backend hazır: CL
2026-06-03 16:22:11,929 [INFO] Backend tuning: CACHELEVEL=3 fast_math=on
2026-06-03 16:22:11,929 [INFO] AI Hızlandırıcılar: Vulkan (Direct) - Active
2026-06-03 16:22:11,929 [INFO] ✅ Doğrudan AI hızlandırıcı erişimi aktif (128 hızlandırıcı)
2026-06-03 16:22:12,013 [INFO] ✅ TURBO mixer aktif (light/ultra yerine throughput odakli)
2026-06-03 16:22:12,376 [INFO] ✅ JIT aktif (49.9M) — throughput odakli hizli egitim modu kullaniliyor.
2026-06-03 16:22:12,376 [INFO] Cekirdek hazirlaniyor...
2026-06-03 16:22:19,771 [INFO] 🧩 ScalableJIT: 4 blok sarmalandı (period=3, tinyjit=on)
2026-06-03 16:22:48,958 [INFO] Warmup tamamlandı.
2026-06-03 16:22:48,958 [INFO] 🔄 Faz geçişi: -1 -> 1
2026-06-03 16:22:49,177 [INFO] 🧩 ScalableJIT: 4 blok sarmalandı (period=3, tinyjit=on)
2026-06-03 16:22:49,179 [INFO] Faz 1 — strength=0.000 [TURBO JIT]
2026-06-03 16:23:06,586 [WARNING] step=1 — loss ve lm_loss sifira cok yakin. Ornek target tokenlari: [107, 111, 97, 103, 112, 102, 126, 64, 12, 62, 126, 107]
2026-06-03 16:23:06,586 [INFO] step=1 loss=0.0000 lm=0.0000 tps=1859
2026-06-03 16:23:06,586 [WARNING] ⚠️ Step 1 çok yavaş: 17.63s
2026-06-03 16:23:07,684 [WARNING] step=10 — loss ve lm_loss sifira cok yakin. Ornek target tokenlari: [118, 107, 111, 103, 46, 34, 116, 103, 101, 103, 107, 120]
2026-06-03 16:23:07,684 [INFO] step=10 loss=0.0000 lm=0.0000 tps=17499
2026-06-03 16:23:09,039 [WARNING] step=20 — loss ve lm_loss sifira cok yakin. Ornek target tokenlari: [112, 101, 107, 99, 110, 34, 116, 103, 117, 113, 119, 116]
2026-06-03 16:23:09,039 [INFO] step=20 loss=0.0000 lm=0.0000 tps=32635
2026-06-03 16:23:09,728 [WARNING] step=30 — loss ve lm_loss sifira cok yakin. Ornek target tokenlari: [112, 117, 107, 117, 101, 113, 34, 99, 112, 102, 34, 78]
2026-06-03 16:23:09,728 [INFO] step=30 loss=0.0000 lm=0.0000 tps=47330
2026-06-03 16:23:10,389 [WARNING] step=40 — loss ve lm_loss sifira cok yakin. Ornek target tokenlari: [114, 116, 113, 105, 116, 103, 117, 117, 107, 120, 103, 110]
2026-06-03 16:23:10,389 [INFO] step=40 loss=0.0000 lm=0.0000 tps=61159
2026-06-03 16:23:11,074 [WARNING] step=50 — loss ve lm_loss sifira cok yakin. Ornek target tokenlari: [34, 51, 59, 51, 53, 34, 118, 113, 34, 51, 59, 52]
2026-06-03 16:23:11,074 [INFO] step=50 loss=0.0000 lm=0.0000 tps=74082
2026-06-03 16:23:11,765 [WARNING] step=60 — loss ve lm_loss sifira cok yakin. Ornek target tokenlari: [67, 121, 99, 116, 102, 34, 104, 113, 116, 34, 81, 119]
2026-06-03 16:23:11,765 [INFO] step=60 loss=0.0000 lm=0.0000 tps=86204
2026-06-03 16:23:12,456 [WARNING] step=70 — loss ve lm_loss sifira cok yakin. Ornek target tokenlari: [34, 68, 113, 121, 110, 46, 34, 121, 106, 103, 116, 103]
2026-06-03 16:23:12,456 [INFO] step=70 loss=0.0000 lm=0.0000 tps=97616
2026-06-03 16:23:13,100 [INFO] Eğitim durduruldu, GPU belleği temizleniyor...
2026-06-03 16:23:13,383 [INFO] GPU belleği temizlendi.
2026-06-03 16:23:13,390 [WARNING] step=80 — loss ve lm_loss sifira cok yakin. Ornek target tokenlari: [116, 118, 34, 113, 104, 34, 118, 106, 103, 34, 101, 113]
2026-06-03 16:23:13,390 [INFO] step=80 loss=0.0000 lm=0.0000 tps=107296
2026-06-03 16:30:52,087 [INFO] AI Hızlandırıcı Durumu: Active
2026-06-03 16:31:12,172 [INFO] Streaming dataset hazır: C:\Users\Administrator\Desktop\OTOYA\data_archive\eita_dataset.chatml.tokens.bin (87614005 token, prefetch=8, EFT=False, batch_size=64)
2026-06-03 16:31:12,897 [INFO] Backend hazır: CL
2026-06-03 16:31:12,897 [INFO] Backend tuning: CACHELEVEL=3 fast_math=on
2026-06-03 16:31:12,897 [INFO] AI Hızlandırıcılar: Vulkan (Direct) - Active
2026-06-03 16:31:12,897 [INFO] ✅ Doğrudan AI hızlandırıcı erişimi aktif (128 hızlandırıcı)
2026-06-03 16:31:12,981 [INFO] ✅ UltraWNN tekrar aktif (tinygrad, maksimum hiz modu)
2026-06-03 16:31:13,345 [INFO] ✅ JIT aktif (49.9M) — throughput odakli hizli egitim modu kullaniliyor.
2026-06-03 16:31:13,346 [INFO] Cekirdek hazirlaniyor...
2026-06-03 16:31:19,973 [INFO] 🧩 ScalableJIT: 4 blok sarmalandı (period=3, tinyjit=on)
2026-06-03 16:31:45,181 [INFO] Warmup tamamlandı.
2026-06-03 16:31:45,182 [INFO] 🔄 Faz geçişi: -1 -> 1
2026-06-03 16:31:45,412 [INFO] 🧩 ScalableJIT: 4 blok sarmalandı (period=3, tinyjit=on)
2026-06-03 16:31:45,414 [INFO] Faz 1 — strength=0.000 [ULTRA_WNN JIT]
2026-06-03 16:31:52,082 [WARNING] step=1 — loss ve lm_loss sifira cok yakin. Ornek target tokenlari: [102, 126, 64, 12, 62, 126, 107, 111, 97, 117, 118, 99]
2026-06-03 16:31:52,082 [INFO] step=1 loss=0.0000 lm=0.0000 tps=4749
2026-06-03 16:31:52,082 [INFO]   ↳ RAW: loss=0.000000 lm_loss=0.000000 lr=3.00e-04 phase=1
2026-06-03 16:31:53,201 [WARNING] step=10 — loss ve lm_loss sifira cok yakin. Ornek target tokenlari: [118, 107, 111, 103, 46, 34, 116, 103, 101, 103, 107, 120]
2026-06-03 16:31:53,201 [INFO] step=10 loss=0.0000 lm=0.0000 tps=40859
2026-06-03 16:31:53,201 [INFO]   ↳ RAW: loss=0.000000 lm_loss=0.000000 lr=3.00e-04 phase=1
2026-06-03 16:31:54,531 [WARNING] step=20 — loss ve lm_loss sifira cok yakin. Ornek target tokenlari: [112, 101, 107, 99, 110, 34, 116, 103, 117, 113, 119, 116]
2026-06-03 16:31:54,531 [INFO] step=20 loss=0.0000 lm=0.0000 tps=70093
2026-06-03 16:31:54,531 [INFO]   ↳ RAW: loss=0.000000 lm_loss=0.000000 lr=2.99e-04 phase=1
2026-06-03 16:31:55,212 [WARNING] step=30 — loss ve lm_loss sifira cok yakin. Ornek target tokenlari: [112, 117, 107, 117, 101, 113, 34, 99, 112, 102, 34, 78]
2026-06-03 16:31:55,212 [INFO] step=30 loss=0.0000 lm=0.0000 tps=98006
2026-06-03 16:31:55,212 [INFO]   ↳ RAW: loss=0.000000 lm_loss=0.000000 lr=2.98e-04 phase=1
2026-06-03 16:31:55,875 [WARNING] step=40 — loss ve lm_loss sifira cok yakin. Ornek target tokenlari: [114, 116, 113, 105, 116, 103, 117, 117, 107, 120, 103, 110]
2026-06-03 16:31:55,875 [INFO] step=40 loss=0.0000 lm=0.0000 tps=122570
2026-06-03 16:31:55,875 [INFO]   ↳ RAW: loss=0.000000 lm_loss=0.000000 lr=2.96e-04 phase=1
2026-06-03 16:31:56,559 [WARNING] step=50 — loss ve lm_loss sifira cok yakin. Ornek target tokenlari: [34, 51, 59, 51, 53, 34, 118, 113, 34, 51, 59, 52]
2026-06-03 16:31:56,560 [INFO] step=50 loss=0.0000 lm=0.0000 tps=143996
2026-06-03 16:31:56,560 [INFO]   ↳ RAW: loss=0.000000 lm_loss=0.000000 lr=2.93e-04 phase=1
2026-06-03 16:31:57,240 [WARNING] step=60 — loss ve lm_loss sifira cok yakin. Ornek target tokenlari: [67, 121, 99, 116, 102, 34, 104, 113, 116, 34, 81, 119]
2026-06-03 16:31:57,240 [INFO] step=60 loss=0.0000 lm=0.0000 tps=163042
2026-06-03 16:31:57,240 [INFO]   ↳ RAW: loss=0.000000 lm_loss=0.000000 lr=2.90e-04 phase=1
2026-06-03 16:31:57,923 [WARNING] step=70 — loss ve lm_loss sifira cok yakin. Ornek target tokenlari: [34, 68, 113, 121, 110, 46, 34, 121, 106, 103, 116, 103]
2026-06-03 16:31:57,923 [INFO] step=70 loss=0.0000 lm=0.0000 tps=180018
2026-06-03 16:31:57,923 [INFO]   ↳ RAW: loss=0.000000 lm_loss=0.000000 lr=2.86e-04 phase=1
2026-06-03 16:31:58,590 [WARNING] step=80 — loss ve lm_loss sifira cok yakin. Ornek target tokenlari: [116, 118, 34, 113, 104, 34, 118, 106, 103, 34, 101, 113]
2026-06-03 16:31:58,590 [INFO] step=80 loss=0.0000 lm=0.0000 tps=195502
2026-06-03 16:31:58,590 [INFO]   ↳ RAW: loss=0.000000 lm_loss=0.000000 lr=2.82e-04 phase=1
2026-06-03 16:31:58,773 [INFO] Eğitim durduruldu, GPU belleği temizleniyor...
2026-06-03 16:31:59,065 [INFO] GPU belleği temizlendi.
2026-06-03 16:47:00,049 [INFO] AI Hızlandırıcı Durumu: Active
2026-06-03 16:47:31,253 [INFO] Streaming dataset hazır: C:\Users\Administrator\Desktop\OTOYA\data_archive\eita_dataset.chatml.tokens.bin (87614005 token, prefetch=8, EFT=False, batch_size=64)
2026-06-03 16:47:32,005 [INFO] Backend hazır: CL
2026-06-03 16:47:32,005 [INFO] Backend tuning: CACHELEVEL=3 fast_math=on
2026-06-03 16:47:32,005 [INFO] AI Hızlandırıcılar: Vulkan (Direct) - Active
2026-06-03 16:47:32,005 [INFO] ✅ Doğrudan AI hızlandırıcı erişimi aktif (128 hızlandırıcı)
2026-06-03 16:47:32,092 [INFO] ✅ UltraWNN tekrar aktif (tinygrad, maksimum hiz modu)
2026-06-03 16:47:32,454 [INFO] ✅ JIT aktif (49.9M) — throughput odakli hizli egitim modu kullaniliyor.
2026-06-03 16:47:32,455 [INFO] Cekirdek hazirlaniyor...
2026-06-03 16:47:39,041 [INFO] 🧩 ScalableJIT: 4 blok sarmalandı (period=3, tinyjit=on)
2026-06-03 16:47:40,427 [INFO] 🔍 DEBUG buffer: x[0,:6]=[0, 0, 0, 0, 0, 0] y[0,:6]=[0, 0, 0, 0, 0, 0] x_min=0 x_max=0 y_min=0 y_max=0
2026-06-03 16:47:57,886 [INFO] Warmup tamamlandı.
2026-06-03 16:47:57,886 [INFO] 🔄 Faz geçişi: -1 -> 1
2026-06-03 16:47:58,132 [INFO] 🧩 ScalableJIT: 4 blok sarmalandı (period=3, tinyjit=on)
2026-06-03 16:47:58,135 [INFO] Faz 1 — strength=0.000 [ULTRA_WNN JIT]
2026-06-03 16:48:04,664 [WARNING] step=1 — loss ve lm_loss sifira cok yakin. Ornek target tokenlari: [107, 102, 103, 110, 123, 34, 101, 116, 107, 118, 107, 101]
2026-06-03 16:48:04,664 [INFO] step=1 loss=0.0000 lm=0.0000 tps=4834
2026-06-03 16:48:04,664 [INFO]   ↳ RAW: loss=0.000000 lm_loss=0.000000 lr=3.00e-04 phase=1
2026-06-03 16:48:05,825 [WARNING] step=10 — loss ve lm_loss sifira cok yakin. Ornek target tokenlari: [118, 107, 111, 103, 46, 34, 116, 103, 101, 103, 107, 120]
2026-06-03 16:48:05,826 [INFO] step=10 loss=0.0000 lm=0.0000 tps=41272
2026-06-03 16:48:05,826 [INFO]   ↳ RAW: loss=0.000000 lm_loss=0.000000 lr=3.00e-04 phase=1
2026-06-03 16:48:07,222 [WARNING] step=20 — loss ve lm_loss sifira cok yakin. Ornek target tokenlari: [112, 101, 107, 99, 110, 34, 116, 103, 117, 113, 119, 116]
2026-06-03 16:48:07,222 [INFO] step=20 loss=0.0000 lm=0.0000 tps=70197
2026-06-03 16:48:07,222 [INFO]   ↳ RAW: loss=0.000000 lm_loss=0.000000 lr=2.99e-04 phase=1
2026-06-03 16:48:07,927 [WARNING] step=30 — loss ve lm_loss sifira cok yakin. Ornek target tokenlari: [112, 117, 107, 117, 101, 113, 34, 99, 112, 102, 34, 78]
2026-06-03 16:48:07,927 [INFO] step=30 loss=0.0000 lm=0.0000 tps=97900
2026-06-03 16:48:07,927 [INFO]   ↳ RAW: loss=0.000000 lm_loss=0.000000 lr=2.98e-04 phase=1
2026-06-03 16:48:08,607 [WARNING] step=40 — loss ve lm_loss sifira cok yakin. Ornek target tokenlari: [114, 116, 113, 105, 116, 103, 117, 117, 107, 120, 103, 110]
2026-06-03 16:48:08,608 [INFO] step=40 loss=0.0000 lm=0.0000 tps=122252
2026-06-03 16:48:08,608 [INFO]   ↳ RAW: loss=0.000000 lm_loss=0.000000 lr=2.96e-04 phase=1
2026-06-03 16:48:09,080 [INFO] Eğitim durduruldu, GPU belleği temizleniyor...
2026-06-03 16:48:09,363 [INFO] GPU belleği temizlendi.
2026-06-03 16:48:09,518 [INFO] Eğitim durduruldu, GPU belleği temizleniyor...
2026-06-03 16:48:09,779 [INFO] GPU belleği temizlendi.
2026-06-03 16:48:09,939 [INFO] Eğitim durduruldu, GPU belleği temizleniyor...
2026-06-03 16:48:10,264 [INFO] GPU belleği temizlendi.
2026-06-03 16:48:10,294 [WARNING] step=50 — loss ve lm_loss sifira cok yakin. Ornek target tokenlari: [34, 51, 59, 51, 53, 34, 118, 113, 34, 51, 59, 52]
2026-06-03 16:48:10,295 [INFO] step=50 loss=0.0000 lm=0.0000 tps=132040
2026-06-03 16:48:10,295 [INFO]   ↳ RAW: loss=0.000000 lm_loss=0.000000 lr=2.93e-04 phase=1
2026-06-03 16:51:11,949 [INFO] AI Hızlandırıcı Durumu: Active
2026-06-03 16:51:35,978 [INFO] Streaming dataset hazır: C:\Users\Administrator\Desktop\OTOYA\data_archive\eita_dataset.chatml.tokens.bin (87614005 token, prefetch=8, EFT=False, batch_size=64)
2026-06-03 16:51:36,703 [INFO] Backend hazır: CL
2026-06-03 16:51:36,703 [INFO] Backend tuning: CACHELEVEL=3 fast_math=on
2026-06-03 16:51:36,703 [INFO] AI Hızlandırıcılar: Vulkan (Direct) - Active
2026-06-03 16:51:36,703 [INFO] ✅ Doğrudan AI hızlandırıcı erişimi aktif (128 hızlandırıcı)
2026-06-03 16:51:36,787 [INFO] ✅ UltraWNN tekrar aktif (tinygrad, maksimum hiz modu)
2026-06-03 16:51:37,152 [INFO] ✅ JIT aktif (49.9M) — throughput odakli hizli egitim modu kullaniliyor.
2026-06-03 16:51:37,153 [INFO] Cekirdek hazirlaniyor...
2026-06-03 16:51:43,755 [INFO] 🧩 ScalableJIT: 4 blok sarmalandı (period=3, tinyjit=on)
2026-06-03 16:52:01,119 [INFO] Warmup tamamlandı.
2026-06-03 16:52:01,120 [INFO] 🔄 Faz geçişi: -1 -> 1
2026-06-03 16:52:01,387 [INFO] 🧩 ScalableJIT: 4 blok sarmalandı (period=3, tinyjit=on)
2026-06-03 16:52:01,389 [INFO] Faz 1 — strength=0.000 [ULTRA_WNN JIT]
2026-06-03 16:52:01,389 [INFO] 🔍 DEBUG batch(step=0): x[0,:6]=[105, 34, 101, 113, 112, 117] y[0,:6]=[34, 101, 113, 112, 117, 113] x_min=12 x_max=228 y_min=12 y_max=228
2026-06-03 16:52:07,935 [WARNING] step=1 — loss ve lm_loss sifira cok yakin. Ornek target tokenlari: [34, 101, 113, 112, 117, 113, 110, 107, 102, 99, 118, 103]
2026-06-03 16:52:07,935 [INFO] step=1 loss=0.0000 lm=0.0000 tps=4808
2026-06-03 16:52:07,935 [INFO]   ↳ RAW: loss=0.000000 lm_loss=0.000000 lr=3.00e-04 phase=1
2026-06-03 16:52:07,935 [INFO] 🔍 DEBUG batch(step=1): x[0,:6]=[118, 12, 70, 116, 119, 111] y[0,:6]=[12, 70, 116, 119, 111, 117] x_min=12 x_max=233 y_min=12 y_max=233
2026-06-03 16:52:08,424 [INFO] 🔍 DEBUG batch(step=2): x[0,:6]=[118, 106, 103, 34, 113, 120] y[0,:6]=[106, 103, 34, 113, 120, 103] x_min=12 x_max=229 y_min=12 y_max=229
2026-06-03 16:52:09,044 [WARNING] step=10 — loss ve lm_loss sifira cok yakin. Ornek target tokenlari: [118, 107, 111, 103, 46, 34, 116, 103, 101, 103, 107, 120]
2026-06-03 16:52:09,044 [INFO] step=10 loss=0.0000 lm=0.0000 tps=41348
2026-06-03 16:52:09,045 [INFO]   ↳ RAW: loss=0.000000 lm_loss=0.000000 lr=3.00e-04 phase=1
2026-06-03 16:52:10,445 [WARNING] step=20 — loss ve lm_loss sifira cok yakin. Ornek target tokenlari: [112, 101, 107, 99, 110, 34, 116, 103, 117, 113, 119, 116]
2026-06-03 16:52:10,445 [INFO] step=20 loss=0.0000 lm=0.0000 tps=70275
2026-06-03 16:52:10,445 [INFO]   ↳ RAW: loss=0.000000 lm_loss=0.000000 lr=2.99e-04 phase=1
2026-06-03 16:52:11,150 [WARNING] step=30 — loss ve lm_loss sifira cok yakin. Ornek target tokenlari: [112, 117, 107, 117, 101, 113, 34, 99, 112, 102, 34, 78]
2026-06-03 16:52:11,150 [INFO] step=30 loss=0.0000 lm=0.0000 tps=98004
2026-06-03 16:52:11,150 [INFO]   ↳ RAW: loss=0.000000 lm_loss=0.000000 lr=2.98e-04 phase=1
2026-06-03 16:52:11,824 [WARNING] step=40 — loss ve lm_loss sifira cok yakin. Ornek target tokenlari: [114, 116, 113, 105, 116, 103, 117, 117, 107, 120, 103, 110]
2026-06-03 16:52:11,824 [INFO] step=40 loss=0.0000 lm=0.0000 tps=122445
2026-06-03 16:52:11,824 [INFO]   ↳ RAW: loss=0.000000 lm_loss=0.000000 lr=2.96e-04 phase=1
2026-06-03 16:52:12,521 [WARNING] step=50 — loss ve lm_loss sifira cok yakin. Ornek target tokenlari: [34, 51, 59, 51, 53, 34, 118, 113, 34, 51, 59, 52]
2026-06-03 16:52:12,521 [INFO] step=50 loss=0.0000 lm=0.0000 tps=143705
2026-06-03 16:52:12,521 [INFO]   ↳ RAW: loss=0.000000 lm_loss=0.000000 lr=2.93e-04 phase=1
2026-06-03 16:52:13,061 [INFO] Eğitim durduruldu, GPU belleği temizleniyor...
2026-06-03 16:52:13,335 [INFO] GPU belleği temizlendi.
2026-06-03 16:52:13,490 [INFO] Eğitim durduruldu, GPU belleği temizleniyor...
2026-06-03 16:52:13,752 [INFO] GPU belleği temizlendi.
2026-06-03 16:52:13,937 [WARNING] step=60 — loss ve lm_loss sifira cok yakin. Ornek target tokenlari: [67, 121, 99, 116, 102, 34, 104, 113, 116, 34, 81, 119]
2026-06-03 16:52:13,937 [INFO] step=60 loss=0.0000 lm=0.0000 tps=153386
2026-06-03 16:52:13,937 [INFO]   ↳ RAW: loss=0.000000 lm_loss=0.000000 lr=2.90e-04 phase=1
2026-06-03 16:54:04,501 [INFO] AI Hızlandırıcı Durumu: Active
2026-06-03 16:54:27,741 [INFO] Streaming dataset hazır: C:\Users\Administrator\Desktop\OTOYA\data_archive\eita_dataset.chatml.tokens.bin (87614005 token, prefetch=8, EFT=False, batch_size=64)
2026-06-03 16:54:28,458 [INFO] Backend hazır: CL
2026-06-03 16:54:28,458 [INFO] Backend tuning: CACHELEVEL=3 fast_math=on
2026-06-03 16:54:28,458 [INFO] AI Hızlandırıcılar: Vulkan (Direct) - Active
2026-06-03 16:54:28,458 [INFO] ✅ Doğrudan AI hızlandırıcı erişimi aktif (128 hızlandırıcı)
2026-06-03 16:54:28,543 [INFO] ✅ UltraWNN tekrar aktif (tinygrad, maksimum hiz modu)
2026-06-03 16:54:28,908 [INFO] ✅ JIT aktif (49.9M) — throughput odakli hizli egitim modu kullaniliyor.
2026-06-03 16:54:28,908 [INFO] Cekirdek hazirlaniyor...
2026-06-03 16:54:35,568 [INFO] 🧩 ScalableJIT: 4 blok sarmalandı (period=3, tinyjit=on)
2026-06-03 16:54:53,250 [INFO] Warmup tamamlandı.
2026-06-03 16:54:53,251 [INFO] 🔄 Faz geçişi: -1 -> 1
2026-06-03 16:54:53,519 [INFO] 🧩 ScalableJIT: 4 blok sarmalandı (period=3, tinyjit=on)
2026-06-03 16:54:53,522 [INFO] Faz 1 — strength=0.000 [ULTRA_WNN JIT]
2026-06-03 16:54:53,522 [INFO] 🔍 DEBUG batch(step=0): x[0,:6]=[118, 106, 103, 34, 117, 118] y[0,:6]=[106, 103, 34, 117, 118, 99] x_min=11 x_max=228 y_min=11 y_max=228
2026-06-03 16:55:00,051 [WARNING] step=1 — loss ve lm_loss sifira cok yakin. Ornek target tokenlari: [106, 103, 34, 117, 118, 99, 105, 103, 117, 34, 113, 104]
2026-06-03 16:55:00,051 [INFO] step=1 loss=0.0000 lm=0.0000 tps=4819
2026-06-03 16:55:00,051 [INFO]   ↳ RAW: loss=0.000000 lm_loss=0.000000 lr=3.00e-04 phase=1
2026-06-03 16:55:00,051 [INFO] 🔍 DEBUG batch(step=1): x[0,:6]=[34, 118, 106, 103, 34, 80] y[0,:6]=[118, 106, 103, 34, 80, 107] x_min=12 x_max=228 y_min=12 y_max=228
2026-06-03 16:55:00,394 [INFO] 🔍 DEBUG batch(step=2): x[0,:6]=[116, 101, 107, 117, 103, 117] y[0,:6]=[101, 107, 117, 103, 117, 46] x_min=11 x_max=228 y_min=11 y_max=228
2026-06-03 16:55:01,014 [WARNING] step=10 — loss ve lm_loss sifira cok yakin. Ornek target tokenlari: [118, 107, 111, 103, 46, 34, 116, 103, 101, 103, 107, 120]
2026-06-03 16:55:01,014 [INFO] step=10 loss=0.0000 lm=0.0000 tps=42208
2026-06-03 16:55:01,014 [INFO]   ↳ RAW: loss=0.000000 lm_loss=0.000000 lr=3.00e-04 phase=1
2026-06-03 16:55:02,401 [INFO] Eğitim durduruldu, GPU belleği temizleniyor...
2026-06-03 16:55:02,678 [INFO] GPU belleği temizlendi.
2026-06-03 16:55:02,681 [INFO] Eğitim durduruldu, GPU belleği temizleniyor...
2026-06-03 16:55:02,994 [INFO] GPU belleği temizlendi.
2026-06-03 16:55:02,997 [INFO] Eğitim durduruldu, GPU belleği temizleniyor...
2026-06-03 16:55:03,305 [INFO] GPU belleği temizlendi.
2026-06-03 16:55:03,309 [WARNING] step=20 — loss ve lm_loss sifira cok yakin. Ornek target tokenlari: [112, 101, 107, 99, 110, 34, 116, 103, 117, 113, 119, 116]
2026-06-03 16:55:03,309 [INFO] step=20 loss=0.0000 lm=0.0000 tps=65153
2026-06-03 16:55:03,309 [INFO]   ↳ RAW: loss=0.000000 lm_loss=0.000000 lr=2.99e-04 phase=1
2026-06-03 17:48:47,657 [INFO] AI Hızlandırıcı Durumu: Active
2026-06-03 17:48:50,447 [INFO] AI Hızlandırıcı Durumu: Active
2026-06-03 17:49:06,567 [INFO] Streaming dataset hazır: C:\Users\Administrator\Desktop\OTOYA\data_archive\eita_dataset.chatml.tokens.bin (87614005 token, prefetch=8, EFT=False, batch_size=64)
2026-06-03 17:49:07,292 [INFO] Backend hazır: CL
2026-06-03 17:49:07,293 [INFO] Backend tuning: CACHELEVEL=3 fast_math=on
2026-06-03 17:49:07,293 [INFO] AI Hızlandırıcılar: Vulkan (Direct) - Active
2026-06-03 17:49:07,293 [INFO] ✅ Doğrudan AI hızlandırıcı erişimi aktif (128 hızlandırıcı)
2026-06-03 17:49:07,374 [INFO] ✅ UltraWNN tekrar aktif (tinygrad, maksimum hiz modu)
2026-06-03 17:49:07,731 [INFO] ✅ JIT aktif (49.9M) — throughput odakli hizli egitim modu kullaniliyor.
2026-06-03 17:49:07,731 [INFO] Cekirdek hazirlaniyor...
2026-06-03 17:49:14,287 [INFO] 🧩 ScalableJIT: 4 blok sarmalandı (period=3, tinyjit=on)
2026-06-03 17:49:30,498 [INFO] Warmup tamamlandı.
2026-06-03 17:49:31,808 [INFO] 🔬 EAGER TEST (JIT yok): loss=0.000000 | logits shape=(64, 512, 258) min=0.0000 max=0.0000 mean=0.0000 std=0.0000
2026-06-03 17:49:31,809 [INFO] 🔄 Faz geçişi: -1 -> 1
2026-06-03 17:49:32,052 [INFO] 🧩 ScalableJIT: 4 blok sarmalandı (period=3, tinyjit=on)
2026-06-03 17:49:32,054 [INFO] Faz 1 — strength=0.000 [ULTRA_WNN JIT]
2026-06-03 17:49:32,055 [INFO] 🔍 DEBUG batch(step=0): x[0,:6]=[118, 103, 110, 110, 107, 105] y[0,:6]=[103, 110, 110, 107, 105, 103] x_min=12 x_max=228 y_min=12 y_max=228
2026-06-03 17:49:33,413 [WARNING] step=1 — loss ve lm_loss sifira cok yakin. Ornek target tokenlari: [103, 110, 110, 107, 105, 103, 112, 101, 103, 34, 42, 67]
2026-06-03 17:49:33,414 [INFO] step=1 loss=0.0000 lm=0.0000 tps=20415
2026-06-03 17:49:33,414 [INFO]   ↳ RAW: loss=0.000000 lm_loss=0.000000 lr=3.00e-04 phase=1
2026-06-03 17:49:33,414 [INFO] 🔍 DEBUG batch(step=1): x[0,:6]=[112, 119, 99, 110, 34, 105] y[0,:6]=[119, 99, 110, 34, 105, 113] x_min=11 x_max=228 y_min=11 y_max=228
2026-06-03 17:49:33,731 [INFO] 🔍 DEBUG batch(step=2): x[0,:6]=[111, 12, 91, 113, 119, 34] y[0,:6]=[12, 91, 113, 119, 34, 99] x_min=12 x_max=235 y_min=12 y_max=235
2026-06-03 17:49:34,267 [WARNING] step=10 — loss ve lm_loss sifira cok yakin. Ornek target tokenlari: [113, 104, 34, 118, 106, 103, 34, 110, 103, 99, 102, 107]
2026-06-03 17:49:34,267 [INFO] step=10 loss=0.0000 lm=0.0000 tps=133257
2026-06-03 17:49:34,268 [INFO]   ↳ RAW: loss=0.000000 lm_loss=0.000000 lr=3.00e-04 phase=1
2026-06-03 17:49:35,021 [WARNING] step=20 — loss ve lm_loss sifira cok yakin. Ornek target tokenlari: [101, 118, 34, 99, 112, 117, 121, 103, 116, 34, 107, 117]
2026-06-03 17:49:35,022 [INFO] step=20 loss=0.0000 lm=0.0000 tps=203966
2026-06-03 17:49:35,022 [INFO]   ↳ RAW: loss=0.000000 lm_loss=0.000000 lr=2.99e-04 phase=1
2026-06-03 17:49:35,629 [WARNING] step=30 — loss ve lm_loss sifira cok yakin. Ornek target tokenlari: [56, 11, 51, 55, 48, 52, 52, 39, 11, 51, 53, 48]
2026-06-03 17:49:35,630 [INFO] step=30 loss=0.0000 lm=0.0000 tps=257266
2026-06-03 17:49:35,630 [INFO]   ↳ RAW: loss=0.000000 lm_loss=0.000000 lr=2.98e-04 phase=1
2026-06-03 17:49:36,243 [WARNING] step=40 — loss ve lm_loss sifira cok yakin. Ornek target tokenlari: [111, 97, 103, 112, 102, 126, 64, 12, 62, 126, 107, 111]
2026-06-03 17:49:36,244 [INFO] step=40 loss=0.0000 lm=0.0000 tps=295538
2026-06-03 17:49:36,244 [INFO]   ↳ RAW: loss=0.000000 lm_loss=0.000000 lr=2.96e-04 phase=1
2026-06-03 17:49:36,840 [INFO] Eğitim durduruldu, GPU belleği temizleniyor...
2026-06-03 17:49:37,056 [INFO] GPU belleği temizlendi.
2026-06-03 17:49:37,062 [WARNING] step=50 — loss ve lm_loss sifira cok yakin. Ornek target tokenlari: [106, 103, 34, 118, 116, 103, 103, 34, 99, 118, 34, 118]
2026-06-03 17:49:37,062 [INFO] step=50 loss=0.0000 lm=0.0000 tps=311865
2026-06-03 17:49:37,062 [INFO]   ↳ RAW: loss=0.000000 lm_loss=0.000000 lr=2.93e-04 phase=1
2026-06-03 17:51:20,518 [INFO] AI Hızlandırıcı Durumu: Active
2026-06-03 17:51:30,892 [INFO] Streaming dataset hazır: C:\Users\Administrator\Desktop\OTOYA\data_archive\eita_dataset.chatml.tokens.bin (87614005 token, prefetch=8, EFT=False, batch_size=64)
2026-06-03 17:51:31,606 [INFO] Backend hazır: CL
2026-06-03 17:51:31,606 [INFO] Backend tuning: CACHELEVEL=3 fast_math=on
2026-06-03 17:51:31,607 [INFO] AI Hızlandırıcılar: Vulkan (Direct) - Active
2026-06-03 17:51:31,607 [INFO] ✅ Doğrudan AI hızlandırıcı erişimi aktif (128 hızlandırıcı)
2026-06-03 17:51:31,690 [INFO] ✅ UltraWNN tekrar aktif (tinygrad, maksimum hiz modu)
2026-06-03 17:51:32,050 [INFO] ✅ JIT aktif (49.9M) — throughput odakli hizli egitim modu kullaniliyor.
2026-06-03 17:51:32,050 [INFO] Cekirdek hazirlaniyor...
2026-06-03 17:51:38,600 [INFO] 🧩 ScalableJIT: 4 blok sarmalandı (period=3, tinyjit=on)
2026-06-03 17:51:55,181 [INFO] Warmup tamamlandı.
2026-06-03 17:51:55,181 [INFO] 🔄 Faz geçişi: -1 -> 1
2026-06-03 17:51:55,480 [INFO] 🧩 ScalableJIT: 4 blok sarmalandı (period=3, tinyjit=on)
2026-06-03 17:51:55,482 [INFO] Faz 1 — strength=0.000 [ULTRA_WNN JIT]
2026-06-03 17:51:55,482 [INFO] 🔍 DEBUG batch(step=0): x[0,:6]=[99, 117, 118, 99, 110, 34] y[0,:6]=[117, 118, 99, 110, 34, 118] x_min=12 x_max=228 y_min=12 y_max=228
2026-06-03 17:52:01,818 [WARNING] step=1 — loss ve lm_loss sifira cok yakin. Ornek target tokenlari: [117, 118, 99, 110, 34, 118, 113, 121, 112, 34, 107, 112]
2026-06-03 17:52:02,393 [INFO] 🔬 EAGER (JIT yok): loss=0.000000 | logits shape=(64, 512, 258) min=-0.0000 max=0.0000 mean=0.0000 std=0.0000
2026-06-03 17:52:02,393 [INFO] step=1 loss=0.0000 lm=0.0000 tps=4543
2026-06-03 17:52:02,393 [INFO]   ↳ RAW: loss=0.000000 lm_loss=0.000000 lr=3.00e-04 phase=1
2026-06-03 17:52:02,394 [INFO] 🔍 DEBUG batch(step=1): x[0,:6]=[34, 119, 114, 34, 106, 107] y[0,:6]=[119, 114, 34, 106, 107, 105] x_min=12 x_max=228 y_min=12 y_max=228
2026-06-03 17:52:02,737 [INFO] 🔍 DEBUG batch(step=2): x[0,:6]=[103, 112, 102, 126, 64, 12] y[0,:6]=[112, 102, 126, 64, 12, 62] x_min=12 x_max=228 y_min=12 y_max=228
2026-06-03 17:52:04,000 [WARNING] step=10 — loss ve lm_loss sifira cok yakin. Ornek target tokenlari: [118, 107, 111, 103, 46, 34, 116, 103, 101, 103, 107, 120]
2026-06-03 17:52:04,000 [INFO] step=10 loss=0.0000 lm=-0.0000 tps=37157
2026-06-03 17:52:04,000 [INFO]   ↳ RAW: loss=0.000000 lm_loss=-0.000000 lr=3.00e-04 phase=1
2026-06-03 17:52:04,700 [WARNING] step=20 — loss ve lm_loss sifira cok yakin. Ornek target tokenlari: [112, 101, 107, 99, 110, 34, 116, 103, 117, 113, 119, 116]
2026-06-03 17:52:04,700 [INFO] step=20 loss=0.0000 lm=-0.0000 tps=68843
2026-06-03 17:52:04,701 [INFO]   ↳ RAW: loss=0.000000 lm_loss=-0.000000 lr=2.99e-04 phase=1
2026-06-03 17:52:05,375 [WARNING] step=30 — loss ve lm_loss sifira cok yakin. Ornek target tokenlari: [112, 117, 107, 117, 101, 113, 34, 99, 112, 102, 34, 78]
2026-06-03 17:52:05,375 [INFO] step=30 loss=0.0000 lm=-0.0000 tps=96431
2026-06-03 17:52:05,375 [INFO]   ↳ RAW: loss=0.000000 lm_loss=-0.000000 lr=2.98e-04 phase=1
2026-06-03 17:52:05,631 [INFO] Eğitim durduruldu, GPU belleği temizleniyor...
2026-06-03 17:52:05,902 [INFO] GPU belleği temizlendi.
2026-06-03 17:52:16,115 [INFO] Streaming dataset hazır: C:\Users\Administrator\Desktop\OTOYA\data_archive\eita_dataset.chatml.tokens.bin (87614005 token, prefetch=8, EFT=False, batch_size=64)
2026-06-03 17:52:16,128 [INFO] Backend hazır: CL
2026-06-03 17:52:16,128 [INFO] Backend tuning: CACHELEVEL=3 fast_math=on
2026-06-03 17:52:16,128 [INFO] AI Hızlandırıcılar: Vulkan (Direct) - Active
2026-06-03 17:52:16,128 [INFO] ✅ Doğrudan AI hızlandırıcı erişimi aktif (128 hızlandırıcı)
2026-06-03 17:52:16,681 [INFO] ✅ JIT aktif (49.7M) — throughput odakli hizli egitim modu kullaniliyor.
2026-06-03 17:52:16,681 [INFO] Cekirdek hazirlaniyor...
2026-06-03 17:52:24,999 [INFO] 🧩 ScalableJIT: 4 blok sarmalandı (period=3, tinyjit=on)
2026-06-03 17:52:49,554 [INFO] Warmup tamamlandı.
2026-06-03 17:52:49,554 [INFO] 🔄 Faz geçişi: -1 -> 1
2026-06-03 17:52:49,945 [INFO] 🧩 ScalableJIT: 4 blok sarmalandı (period=3, tinyjit=on)
2026-06-03 17:52:49,947 [INFO] Faz 1 — strength=0.000 [ULTRA_WNN JIT]
2026-06-03 17:52:49,947 [INFO] 🔍 DEBUG batch(step=0): x[0,:6]=[34, 124, 113, 112, 103, 48] y[0,:6]=[124, 113, 112, 103, 48, 34] x_min=11 x_max=228 y_min=11 y_max=228
2026-06-03 17:53:02,209 [WARNING] step=1 — loss ve lm_loss sifira cok yakin. Ornek target tokenlari: [124, 113, 112, 103, 48, 34, 86, 103, 111, 114, 103, 116]
2026-06-03 17:53:02,756 [INFO] 🔬 EAGER (JIT yok): loss=0.000000 | logits shape=(64, 256, 258) min=0.0000 max=0.0000 mean=0.0000 std=0.0000
2026-06-03 17:53:02,756 [INFO] step=1 loss=0.0000 lm=-0.0000 tps=1241
2026-06-03 17:53:02,756 [INFO]   ↳ RAW: loss=0.000000 lm_loss=-0.000000 lr=3.00e-04 phase=1
2026-06-03 17:53:02,756 [WARNING] ⚠️ Step 1 çok yavaş: 13.20s
2026-06-03 17:53:02,756 [INFO] 🔍 DEBUG batch(step=1): x[0,:6]=[34, 118, 107, 111, 103, 46] y[0,:6]=[118, 107, 111, 103, 46, 34] x_min=12 x_max=232 y_min=12 y_max=232
2026-06-03 17:53:03,094 [INFO] 🔍 DEBUG batch(step=2): x[0,:6]=[34, 113, 104, 34, 118, 106] y[0,:6]=[113, 104, 34, 118, 106, 103] x_min=12 x_max=228 y_min=12 y_max=228
2026-06-03 17:53:04,513 [WARNING] step=10 — loss ve lm_loss sifira cok yakin. Ornek target tokenlari: [110, 118, 103, 116, 43, 12, 103, 122, 118, 116, 103, 111]
2026-06-03 17:53:04,513 [INFO] step=10 loss=0.0000 lm=0.0000 tps=10953
2026-06-03 17:53:04,513 [INFO]   ↳ RAW: loss=0.000000 lm_loss=0.000000 lr=3.00e-04 phase=1
2026-06-03 17:53:05,224 [WARNING] step=20 — loss ve lm_loss sifira cok yakin. Ornek target tokenlari: [34, 101, 106, 99, 118, 34, 99, 117, 117, 107, 117, 118]
2026-06-03 17:53:05,224 [INFO] step=20 loss=0.0000 lm=0.0000 tps=20912
2026-06-03 17:53:05,224 [INFO]   ↳ RAW: loss=0.000000 lm_loss=0.000000 lr=2.99e-04 phase=1
2026-06-03 17:53:05,909 [WARNING] step=30 — loss ve lm_loss sifira cok yakin. Ornek target tokenlari: [107, 111, 97, 117, 118, 99, 116, 118, 126, 64, 117, 123]
2026-06-03 17:53:05,909 [INFO] step=30 loss=0.0000 lm=0.0000 tps=30053
2026-06-03 17:53:05,909 [INFO]   ↳ RAW: loss=0.000000 lm_loss=0.000000 lr=2.98e-04 phase=1
2026-06-03 17:53:06,630 [WARNING] step=40 — loss ve lm_loss sifira cok yakin. Ornek target tokenlari: [34, 111, 99, 112, 123, 34, 118, 106, 116, 103, 103, 34]
2026-06-03 17:53:06,630 [INFO] step=40 loss=0.0000 lm=0.0000 tps=38379
2026-06-03 17:53:06,630 [INFO]   ↳ RAW: loss=0.000000 lm_loss=0.000000 lr=2.96e-04 phase=1
2026-06-03 17:53:07,347 [WARNING] step=50 — loss ve lm_loss sifira cok yakin. Ornek target tokenlari: [117, 118, 99, 116, 118, 126, 64, 99, 117, 117, 107, 117]
2026-06-03 17:53:07,347 [INFO] step=50 loss=0.0000 lm=0.0000 tps=46041
2026-06-03 17:53:07,347 [INFO]   ↳ RAW: loss=0.000000 lm_loss=0.000000 lr=2.93e-04 phase=1
2026-06-03 17:53:07,711 [INFO] Eğitim durduruldu, GPU belleği temizleniyor...
2026-06-03 17:53:08,234 [INFO] GPU belleği temizlendi.
2026-06-03 23:37:03,462 [INFO] AI Hızlandırıcı Durumu: Active
2026-06-03 23:38:52,595 [INFO] Streaming dataset hazır: C:\Users\Administrator\Desktop\OTOYA\data_archive\eita_dataset.chatml.tokens.bin (87614005 token, prefetch=8, EFT=False, batch_size=64)
2026-06-03 23:38:53,815 [INFO] Backend hazır: CL
2026-06-03 23:38:53,815 [INFO] Backend tuning: CACHELEVEL=3 fast_math=on
2026-06-03 23:38:53,815 [INFO] AI Hızlandırıcılar: Vulkan (Direct) - Active
2026-06-03 23:38:53,815 [INFO] ✅ Doğrudan AI hızlandırıcı erişimi aktif (128 hızlandırıcı)
2026-06-03 23:38:53,902 [INFO] ✅ UltraWNN tekrar aktif (tinygrad, maksimum hiz modu)
2026-06-03 23:38:53,903 [INFO] ✅ UltraHybrid aktif (UltraWNN + hafif global memory izi)
2026-06-03 23:38:54,268 [INFO] ✅ JIT aktif (49.9M) — throughput odakli hizli egitim modu kullaniliyor.
2026-06-03 23:38:54,268 [INFO] Cekirdek hazirlaniyor...
2026-06-03 23:38:55,380 [INFO] 🔬 MODEL embed: x min=-0.1369 max=0.1371 mean=0.0004 std=0.0561 | tok_w std=0.0417 | pos_w std=0.0376
2026-06-03 23:39:00,008 [INFO] 🔬 MODEL layer 0/3 out: min=-0.2084 max=0.2091 mean=0.0005 std=0.0624
2026-06-03 23:39:04,529 [INFO] 🔬 MODEL layer 3/3 out: min=-0.3179 max=0.3278 mean=0.0001 std=0.0779
2026-06-03 23:39:11,823 [INFO] 🔬 MODEL pre_logits: norm_out std=0.9999 | weight.T std=0.0417 | matmul_out std=1.7934 max_abs=22.7920
2026-06-03 23:39:13,187 [INFO] 🧩 ScalableJIT: 4 blok sarmalandı (period=3, tinyjit=on)
2026-06-03 23:39:35,369 [INFO] Warmup tamamlandı.
2026-06-03 23:39:35,370 [INFO] 🔄 Faz geçişi: -1 -> 1
2026-06-03 23:39:35,600 [INFO] 🧩 ScalableJIT: 4 blok sarmalandı (period=3, tinyjit=on)
2026-06-03 23:39:35,602 [INFO] Faz 1 — strength=0.000 [ULTRA_HYBRID JIT]
2026-06-03 23:39:35,602 [INFO] 🔍 DEBUG batch(step=0): x[0,:6]=[34, 118, 107, 111, 103, 102] y[0,:6]=[118, 107, 111, 103, 102, 34] x_min=11 x_max=235 y_min=11 y_max=235
2026-06-03 23:39:44,652 [INFO] step=1 loss=0.5406 lm=20.7800 tps=3530
2026-06-03 23:39:44,652 [INFO]   ↳ RAW: loss=0.540603 lm_loss=20.779987 lr=3.00e-04 phase=1
2026-06-03 23:39:44,653 [INFO] 🔍 DEBUG batch(step=1): x[0,:6]=[113, 121, 34, 106, 99, 117] y[0,:6]=[121, 34, 106, 99, 117, 34] x_min=11 x_max=228 y_min=11 y_max=228
2026-06-03 23:39:44,993 [INFO] 🔍 DEBUG batch(step=2): x[0,:6]=[114, 110, 103, 117, 12, 47] y[0,:6]=[110, 103, 117, 12, 47, 34] x_min=11 x_max=228 y_min=11 y_max=228
2026-06-03 23:39:45,624 [INFO] step=10 loss=0.5406 lm=20.7800 tps=31954
2026-06-03 23:39:45,624 [INFO]   ↳ RAW: loss=0.540603 lm_loss=20.779987 lr=3.00e-04 phase=1
2026-06-03 23:39:47,152 [INFO] step=20 loss=0.5406 lm=20.7800 tps=55621
2026-06-03 23:39:47,836 [INFO] step=30 loss=0.5406 lm=20.7800 tps=78856
2026-06-03 23:39:48,519 [INFO] step=40 loss=0.5406 lm=20.7800 tps=99676
2026-06-03 23:39:49,234 [INFO] step=50 loss=0.5406 lm=20.7800 tps=118173
2026-06-03 23:39:49,954 [INFO] step=60 loss=0.5406 lm=20.7800 tps=134811
2026-06-03 23:39:50,674 [INFO] step=70 loss=0.5406 lm=20.7800 tps=149874
2026-06-03 23:39:51,370 [INFO] step=80 loss=0.5406 lm=20.7800 tps=163832
2026-06-03 23:39:52,081 [INFO] step=90 loss=0.5406 lm=20.7800 tps=176469
2026-06-03 23:39:52,776 [INFO] step=100 loss=0.5406 lm=20.7800 tps=188253
2026-06-03 23:39:53,491 [INFO] step=110 loss=0.5406 lm=20.7800 tps=198913
2026-06-03 23:39:54,211 [INFO] step=120 loss=0.5406 lm=20.7800 tps=208701
2026-06-03 23:39:54,913 [INFO] step=130 loss=0.5406 lm=20.7800 tps=217966
2026-06-03 23:39:55,605 [INFO] step=140 loss=0.5406 lm=20.7800 tps=226706
2026-06-03 23:39:56,325 [INFO] step=150 loss=0.5406 lm=20.7800 tps=234559
2026-06-03 23:39:56,325 [INFO] 🔄 Faz geçişi: 1 -> 2
2026-06-03 23:39:56,652 [INFO] 🧩 ScalableJIT: 4 blok sarmalandı (period=3, tinyjit=on)
2026-06-03 23:39:56,652 [INFO] Faz 2 — strength=0.008 [ULTRA_HYBRID JIT]
2026-06-03 23:39:59,110 [INFO] Eğitim durduruldu, GPU belleği temizleniyor...
2026-06-03 23:39:59,535 [INFO] GPU belleği temizlendi.
2026-06-03 23:40:00,474 [INFO] Eğitim durduruldu, GPU belleği temizleniyor...
2026-06-03 23:40:00,880 [INFO] GPU belleği temizlendi.
2026-06-03 23:40:00,884 [INFO] Eğitim durduruldu, GPU belleği temizleniyor...
2026-06-03 23:40:01,290 [INFO] GPU belleği temizlendi.
2026-06-03 23:42:59,635 [INFO] AI Hızlandırıcı Durumu: Active
2026-06-03 23:43:13,512 [INFO] Streaming dataset hazır: C:\Users\Administrator\Desktop\OTOYA\data_archive\eita_dataset.chatml.tokens.bin (87614005 token, prefetch=8, EFT=False, batch_size=64)
2026-06-03 23:43:14,348 [INFO] Backend hazır: CL
2026-06-03 23:43:14,349 [INFO] Backend tuning: CACHELEVEL=3 fast_math=on
2026-06-03 23:43:14,349 [INFO] AI Hızlandırıcılar: Vulkan (Direct) - Active
2026-06-03 23:43:14,349 [INFO] ✅ Doğrudan AI hızlandırıcı erişimi aktif (128 hızlandırıcı)
2026-06-03 23:43:14,428 [INFO] ✅ UltraWNN tekrar aktif (tinygrad, maksimum hiz modu)
2026-06-03 23:43:14,588 [INFO] ℹ️ Model buyuk (0.6M >= 96M) — JIT yerine stabil yol kullaniliyor. İstersen Force JIT ile kontrollu smoke test yapabilirsin.
2026-06-03 23:43:14,588 [INFO] Cekirdek hazirlaniyor...
2026-06-03 23:43:15,212 [INFO] 🔬 MODEL embed: x min=-0.2773 max=0.2729 mean=0.0092 std=0.1137 | tok_w std=0.0719 | pos_w std=0.0881
2026-06-03 23:43:18,936 [INFO] 🔬 MODEL layer 0/1 out: min=-0.3033 max=0.3429 mean=0.0085 std=0.1171
2026-06-03 23:43:20,235 [INFO] 🔬 MODEL layer 1/1 out: min=-0.3253 max=0.3768 mean=0.0087 std=0.1192
2026-06-03 23:43:21,647 [INFO] 🔬 MODEL pre_logits: norm_out std=0.9973 | weight.T std=0.0719 | matmul_out std=0.8737 max_abs=6.3918
2026-06-03 23:43:22,459 [INFO] Warmup tamamlandı.
2026-06-03 23:43:22,459 [INFO] 🔄 Faz geçişi: -1 -> 1
2026-06-03 23:43:22,601 [INFO] Faz 1 — strength=0.000 [ULTRA_WNN]
2026-06-03 23:43:22,601 [INFO] 🔍 DEBUG batch(step=0): x[0,:6]=[34, 101, 106, 99, 107, 116] y[0,:6]=[101, 106, 99, 107, 116, 103] x_min=12 x_max=228 y_min=12 y_max=228
2026-06-03 23:43:37,851 [INFO] step=1 loss=6.3176 lm=6.3176 tps=532
2026-06-03 23:43:37,851 [INFO]   ↳ RAW: loss=6.317600 lm_loss=6.317600 lr=3.00e-04 phase=1
2026-06-03 23:43:37,852 [WARNING] ⚠️ Step 1 çok yavaş: 15.39s
2026-06-03 23:43:37,852 [INFO] 🔍 DEBUG batch(step=1): x[0,:6]=[112, 102, 126, 64, 12, 62] y[0,:6]=[102, 126, 64, 12, 62, 126] x_min=11 x_max=228 y_min=11 y_max=228
2026-06-03 23:43:50,524 [INFO] 🔍 DEBUG batch(step=2): x[0,:6]=[103, 117, 34, 118, 106, 103] y[0,:6]=[117, 34, 118, 106, 103, 34] x_min=11 x_max=229 y_min=11 y_max=229
2026-06-03 23:43:56,329 [INFO] step=10 loss=5.7131 lm=5.7131 tps=2419
2026-06-03 23:43:56,329 [INFO]   ↳ RAW: loss=5.713091 lm_loss=5.713091 lr=3.00e-04 phase=1
2026-06-03 23:44:04,482 [INFO] step=20 loss=4.9076 lm=4.9076 tps=3899
2026-06-03 23:44:13,951 [INFO] step=30 loss=4.0767 lm=4.0767 tps=4773
2026-06-03 23:44:25,095 [INFO] step=40 loss=3.5923 lm=3.5923 tps=5232
2026-06-03 23:44:37,454 [INFO] step=50 loss=3.4085 lm=3.4085 tps=5462
2026-06-03 23:44:51,773 [INFO] step=60 loss=3.3074 lm=3.3074 tps=5503
2026-06-03 23:45:07,506 [INFO] step=70 loss=3.2033 lm=3.2033 tps=5459
2026-06-03 23:45:24,855 [INFO] step=80 loss=3.1407 lm=3.1407 tps=5354
2026-06-03 23:45:43,626 [INFO] step=90 loss=3.0584 lm=3.0584 tps=5223
2026-06-03 23:46:04,190 [INFO] step=100 loss=2.9624 lm=2.9624 tps=5065
2026-06-03 23:46:20,063 [INFO] Eğitim durduruldu, GPU belleği temizleniyor...
2026-06-03 23:46:20,597 [INFO] GPU belleği temizlendi.
2026-06-04 00:10:50,468 [INFO] AI Hızlandırıcı Durumu: Active
2026-06-04 00:11:00,147 [INFO] Streaming dataset hazır: C:\Users\Administrator\Desktop\OTOYA\data_archive\eita_dataset.chatml.tokens.bin (87614005 token, prefetch=8, EFT=False, batch_size=64)
2026-06-04 00:11:00,870 [INFO] Backend hazır: CL
2026-06-04 00:11:00,870 [INFO] Backend tuning: CACHELEVEL=3 fast_math=on
2026-06-04 00:11:00,870 [INFO] AI Hızlandırıcılar: Vulkan (Direct) - Active
2026-06-04 00:11:00,871 [INFO] ✅ Doğrudan AI hızlandırıcı erişimi aktif (128 hızlandırıcı)
2026-06-04 00:11:00,954 [INFO] ✅ UltraWNN tekrar aktif (tinygrad, maksimum hiz modu)
2026-06-04 00:11:01,315 [INFO] ✅ Forward-only JIT aktif (49.9M) — sadece model.__call__ JIT'leniyor; backward+optimizer eager.
2026-06-04 00:11:01,315 [INFO] Cekirdek hazirlaniyor...
2026-06-04 00:11:11,751 [INFO] Warmup tamamlandı.
2026-06-04 00:11:11,751 [INFO] 🔄 Faz geçişi: -1 -> 1
2026-06-04 00:11:11,950 [INFO] Faz 1 — strength=0.000 [ULTRA_WNN JIT]
2026-06-04 00:11:17,686 [INFO] step=1 loss=19.4120 lm=19.4120 tps=5522
2026-06-04 00:11:17,686 [INFO]   ↳ RAW: loss=19.411999 lm_loss=19.411999 lr=3.00e-04 phase=1
2026-06-04 00:11:31,846 [INFO] step=10 loss=19.4597 lm=19.4597 tps=16306
2026-06-04 00:11:31,847 [INFO]   ↳ RAW: loss=19.459742 lm_loss=19.459742 lr=3.00e-04 phase=1
2026-06-04 00:11:31,847 [WARNING] ⚠️ Step 10 çok yavaş: 13.80s
2026-06-04 00:11:47,286 [INFO] step=20 loss=19.3024 lm=19.3024 tps=18443
2026-06-04 00:11:47,286 [WARNING] ⚠️ Step 20 çok yavaş: 15.36s
2026-06-04 00:12:02,754 [INFO] step=30 loss=19.4982 lm=19.4982 tps=19274
2026-06-04 00:12:02,754 [WARNING] ⚠️ Step 30 çok yavaş: 15.39s
2026-06-04 00:12:05,421 [INFO] Eğitim durduruldu, GPU belleği temizleniyor...
2026-06-04 00:12:05,500 [INFO] GPU belleği temizlendi.
2026-06-04 01:11:09,467 [INFO] AI Hızlandırıcı Durumu: Active
2026-06-04 01:11:30,645 [INFO] Streaming dataset hazır: C:\Users\Administrator\Desktop\OTOYA\data_archive\eita_dataset.chatml.tokens.bin (87614005 token, prefetch=8, EFT=False, batch_size=64)
2026-06-04 01:11:31,367 [INFO] Backend hazır: CL
2026-06-04 01:11:31,367 [INFO] Backend tuning: CACHELEVEL=3 fast_math=on
2026-06-04 01:11:31,367 [INFO] AI Hızlandırıcılar: Vulkan (Direct) - Active
2026-06-04 01:11:31,367 [INFO] ✅ Doğrudan AI hızlandırıcı erişimi aktif (128 hızlandırıcı)
2026-06-04 01:11:31,450 [INFO] ✅ UltraWNN tekrar aktif (tinygrad, maksimum hiz modu)
2026-06-04 01:11:31,811 [INFO] ℹ️ Model buyuk (49.9M >= 96M) — JIT yerine stabil yol kullaniliyor. İstersen Force JIT ile kontrollu smoke test yapabilirsin.
2026-06-04 01:11:31,811 [INFO] Cekirdek hazirlaniyor...
2026-06-04 01:12:02,765 [INFO] Warmup tamamlandı.
2026-06-04 01:12:02,766 [INFO] 🔄 Faz geçişi: -1 -> 1
2026-06-04 01:12:03,260 [INFO] Faz 1 — strength=0.000 [ULTRA_WNN JIT]
2026-06-04 01:12:06,355 [WARNING] step=1 — loss ve lm_loss sifira cok yakin. Ornek target tokenlari: [102, 34, 113, 104, 34, 110, 107, 105, 106, 118, 34, 121]
2026-06-04 01:12:06,355 [INFO] step=1 loss=0.0000 lm=0.0000 tps=9128
2026-06-04 01:12:06,355 [INFO]   ↳ RAW: loss=0.000000 lm_loss=0.000000 lr=3.00e-04 phase=1
2026-06-04 01:12:13,137 [INFO] Eğitim durduruldu, GPU belleği temizleniyor...
2026-06-04 01:12:13,401 [INFO] GPU belleği temizlendi.
2026-06-04 01:12:13,529 [INFO] Eğitim durduruldu, GPU belleği temizleniyor...
2026-06-04 01:12:13,760 [INFO] GPU belleği temizlendi.
2026-06-04 01:12:35,184 [INFO] AI Hızlandırıcı Durumu: Active
2026-06-04 01:12:46,475 [INFO] Streaming dataset hazır: C:\Users\Administrator\Desktop\OTOYA\data_archive\eita_dataset.chatml.tokens.bin (87614005 token, prefetch=8, EFT=False, batch_size=64)
2026-06-04 01:12:47,128 [INFO] Backend hazır: CL
2026-06-04 01:12:47,128 [INFO] Backend tuning: CACHELEVEL=3 fast_math=on
2026-06-04 01:12:47,128 [INFO] AI Hızlandırıcılar: Vulkan (Direct) - Active
2026-06-04 01:12:47,128 [INFO] ✅ Doğrudan AI hızlandırıcı erişimi aktif (128 hızlandırıcı)
2026-06-04 01:12:47,218 [INFO] ✅ UltraWNN tekrar aktif (tinygrad, maksimum hiz modu)
2026-06-04 01:12:47,219 [INFO] ✅ UltraHybrid aktif (UltraWNN + hafif global memory izi)
2026-06-04 01:12:47,595 [INFO] ℹ️ Model buyuk (49.9M >= 96M) — JIT yerine stabil yol kullaniliyor. İstersen Force JIT ile kontrollu smoke test yapabilirsin.
2026-06-04 01:12:47,595 [INFO] Cekirdek hazirlaniyor...
2026-06-04 01:12:54,635 [INFO] Warmup tamamlandı.
2026-06-04 01:12:54,635 [INFO] 🔄 Faz geçişi: -1 -> 1
2026-06-04 01:12:54,870 [INFO] Faz 1 — strength=0.000 [ULTRA_HYBRID]
2026-06-04 01:13:10,354 [WARNING] step=1 — loss ve lm_loss sifira cok yakin. Ornek target tokenlari: [62, 126, 107, 111, 97, 103, 112, 102, 126, 64, 12, 62]
2026-06-04 01:13:10,354 [INFO] step=1 loss=0.0000 lm=0.0000 tps=2085
2026-06-04 01:13:10,354 [INFO]   ↳ RAW: loss=0.000000 lm_loss=0.000000 lr=3.00e-04 phase=1
2026-06-04 01:13:10,355 [WARNING] ⚠️ Step 1 çok yavaş: 15.72s
2026-06-04 01:13:19,736 [INFO] Eğitim durduruldu, GPU belleği temizleniyor...
2026-06-04 01:13:19,990 [INFO] GPU belleği temizlendi.
2026-06-04 01:13:20,266 [INFO] Eğitim durduruldu, GPU belleği temizleniyor...
2026-06-04 01:13:20,535 [INFO] GPU belleği temizlendi.
2026-06-04 01:13:24,520 [INFO] Streaming dataset hazır: C:\Users\Administrator\Desktop\OTOYA\data_archive\eita_dataset.chatml.tokens.bin (87614005 token, prefetch=8, EFT=False, batch_size=64)
2026-06-04 01:13:24,535 [INFO] Backend hazır: CL
2026-06-04 01:13:24,535 [INFO] Backend tuning: CACHELEVEL=3 fast_math=on
2026-06-04 01:13:24,535 [INFO] AI Hızlandırıcılar: Vulkan (Direct) - Active
2026-06-04 01:13:24,535 [INFO] ✅ Doğrudan AI hızlandırıcı erişimi aktif (128 hızlandırıcı)
2026-06-04 01:13:25,089 [INFO] ℹ️ Model buyuk (49.9M >= 96M) — JIT yerine stabil yol kullaniliyor. İstersen Force JIT ile kontrollu smoke test yapabilirsin.
2026-06-04 01:13:25,089 [INFO] Cekirdek hazirlaniyor...
2026-06-04 01:13:26,052 [INFO] Warmup tamamlandı.
2026-06-04 01:13:26,052 [INFO] 🔄 Faz geçişi: -1 -> 1
2026-06-04 01:13:26,518 [INFO] Faz 1 — strength=0.000 [ULTRA_WNN]
2026-06-04 01:13:27,928 [WARNING] step=1 — loss ve lm_loss sifira cok yakin. Ornek target tokenlari: [112, 34, 103, 122, 114, 103, 116, 107, 103, 112, 101, 107]
2026-06-04 01:13:27,928 [INFO] step=1 loss=0.0000 lm=0.0000 tps=17462
2026-06-04 01:13:27,928 [INFO]   ↳ RAW: loss=0.000000 lm_loss=0.000000 lr=3.00e-04 phase=1
2026-06-04 01:13:37,393 [INFO] Eğitim durduruldu, GPU belleği temizleniyor...
2026-06-04 01:13:37,683 [INFO] GPU belleği temizlendi.
2026-06-04 01:14:06,229 [INFO] AI Hızlandırıcı Durumu: Active
2026-06-04 01:14:20,123 [INFO] Streaming dataset hazır: C:\Users\Administrator\Desktop\OTOYA\data_archive\eita_dataset.chatml.tokens.bin (87614005 token, prefetch=8, EFT=False, batch_size=64)
2026-06-04 01:14:20,847 [INFO] Backend hazır: CL
2026-06-04 01:14:20,848 [INFO] Backend tuning: CACHELEVEL=3 fast_math=on
2026-06-04 01:14:20,848 [INFO] AI Hızlandırıcılar: Vulkan (Direct) - Active
2026-06-04 01:14:20,848 [INFO] ✅ Doğrudan AI hızlandırıcı erişimi aktif (128 hızlandırıcı)
2026-06-04 01:14:20,932 [INFO] ✅ UltraWNN tekrar aktif (tinygrad, maksimum hiz modu)
2026-06-04 01:14:21,295 [INFO] ℹ️ Model buyuk (49.9M >= 96M) — JIT yerine stabil yol kullaniliyor. İstersen Force JIT ile kontrollu smoke test yapabilirsin.
2026-06-04 01:14:21,295 [INFO] Cekirdek hazirlaniyor...
2026-06-04 01:14:22,094 [INFO] 🔬 MODEL embed: x min=-0.1369 max=0.1371 mean=0.0004 std=0.0561 | tok_w std=0.0417 | pos_w std=0.0376
2026-06-04 01:14:26,059 [INFO] 🔬 MODEL layer 0/3 out: min=-0.2084 max=0.2091 mean=0.0005 std=0.0624
2026-06-04 01:14:30,213 [INFO] 🔬 MODEL layer 3/3 out: min=-0.3179 max=0.3278 mean=0.0001 std=0.0779
2026-06-04 01:14:36,890 [INFO] 🔬 MODEL pre_logits: norm_out std=0.9999 | weight.T std=0.0417 | matmul_out std=1.7934 max_abs=22.7920
2026-06-04 01:14:38,082 [INFO] Warmup tamamlandı.
2026-06-04 01:14:38,083 [INFO] 🔄 Faz geçişi: -1 -> 1
2026-06-04 01:14:38,327 [INFO] Faz 1 — strength=0.000 [ULTRA_WNN]
2026-06-04 01:14:38,327 [INFO] 🔍 DEBUG batch(step=0): x[0,:6]=[122, 99, 117, 34, 100, 116] y[0,:6]=[99, 117, 34, 100, 116, 107] x_min=11 x_max=228 y_min=11 y_max=228
2026-06-04 01:14:52,280 [INFO] step=1 loss=0.5406 lm=20.7800 tps=2308
2026-06-04 01:14:52,280 [INFO]   ↳ RAW: loss=0.540603 lm_loss=20.779987 lr=3.00e-04 phase=1
2026-06-04 01:14:52,280 [WARNING] ⚠️ Step 1 çok yavaş: 14.20s
2026-06-04 01:14:52,281 [INFO] 🔍 DEBUG batch(step=1): x[0,:6]=[103, 116, 65, 62, 126, 107] y[0,:6]=[116, 65, 62, 126, 107, 111] x_min=11 x_max=228 y_min=11 y_max=228
2026-06-04 01:15:06,215 [INFO] 🔍 DEBUG batch(step=2): x[0,:6]=[112, 118, 103, 116, 112, 99] y[0,:6]=[118, 103, 116, 112, 99, 110] x_min=12 x_max=228 y_min=12 y_max=228
2026-06-04 01:15:08,732 [INFO] Eğitim durduruldu, GPU belleği temizleniyor...
2026-06-04 01:15:09,016 [INFO] GPU belleği temizlendi.
2026-06-04 01:17:06,155 [INFO] AI Hızlandırıcı Durumu: Active
2026-06-04 01:17:21,909 [INFO] Streaming dataset hazır: C:\Users\Administrator\Desktop\OTOYA\data_archive\eita_dataset.chatml.tokens.bin (87614005 token, prefetch=8, EFT=False, batch_size=64)
2026-06-04 01:17:22,622 [INFO] Backend hazır: CL
2026-06-04 01:17:22,622 [INFO] Backend tuning: CACHELEVEL=3 fast_math=on
2026-06-04 01:17:22,622 [INFO] AI Hızlandırıcılar: Vulkan (Direct) - Active
2026-06-04 01:17:22,622 [INFO] ✅ Doğrudan AI hızlandırıcı erişimi aktif (128 hızlandırıcı)
2026-06-04 01:17:22,706 [INFO] ✅ UltraWNN tekrar aktif (tinygrad, maksimum hiz modu)
2026-06-04 01:17:23,065 [INFO] ℹ️ Model buyuk (49.9M >= 96M) — JIT yerine stabil yol kullaniliyor. İstersen Force JIT ile kontrollu smoke test yapabilirsin.
2026-06-04 01:17:23,065 [INFO] Cekirdek hazirlaniyor...
2026-06-04 01:17:29,676 [INFO] Warmup tamamlandı.
2026-06-04 01:17:29,677 [INFO] 🔄 Faz geçişi: -1 -> 1
2026-06-04 01:17:29,892 [INFO] Faz 1 — strength=0.000 [ULTRA_WNN]
2026-06-04 01:17:44,103 [WARNING] step=1 — loss ve lm_loss sifira cok yakin. Ornek target tokenlari: [116, 34, 106, 99, 117, 34, 117, 118, 99, 118, 103, 102]
2026-06-04 01:17:44,104 [INFO] step=1 loss=0.0000 lm=0.0000 tps=2271
2026-06-04 01:17:44,104 [INFO]   ↳ RAW: loss=0.000000 lm_loss=0.000000 lr=3.00e-04 phase=1
2026-06-04 01:17:44,104 [WARNING] ⚠️ Step 1 çok yavaş: 14.43s
2026-06-04 01:17:57,150 [INFO] Eğitim durduruldu, GPU belleği temizleniyor...
2026-06-04 01:17:57,399 [INFO] GPU belleği temizlendi.
2026-06-04 01:21:34,631 [INFO] AI Hızlandırıcı Durumu: Active
2026-06-04 01:21:35,352 [INFO] Streaming dataset hazır: c:\Users\Administrator\Desktop\OTOYA\test_trainer_data.txt.tokens.bin (1801 token, prefetch=2, EFT=False, batch_size=4)
2026-06-04 01:21:35,434 [INFO] ✅ UltraWNN tekrar aktif (tinygrad, maksimum hiz modu)
2026-06-04 01:21:47,217 [INFO] AI Hızlandırıcı Durumu: Active
2026-06-04 01:21:47,943 [INFO] Streaming dataset hazır: c:\Users\Administrator\Desktop\OTOYA\test_trainer_data.txt.tokens.bin (1801 token, prefetch=2, EFT=False, batch_size=4)
2026-06-04 01:21:48,028 [INFO] ✅ UltraWNN tekrar aktif (tinygrad, maksimum hiz modu)
2026-06-04 07:50:34,903 [INFO] AI Hızlandırıcı Durumu: Active
2026-06-04 07:51:01,461 [INFO] Streaming dataset hazır: C:\Users\Administrator\Desktop\OTOYA\data_archive\eita_dataset.chatml.tokens.bin (87614005 token, prefetch=8, EFT=False, batch_size=64)
2026-06-04 07:51:02,199 [INFO] Backend hazır: CL
2026-06-04 07:51:02,199 [INFO] Backend tuning: CACHELEVEL=3 fast_math=on
2026-06-04 07:51:02,199 [INFO] AI Hızlandırıcılar: Vulkan (Direct) - Active
2026-06-04 07:51:02,199 [INFO] ✅ Doğrudan AI hızlandırıcı erişimi aktif (128 hızlandırıcı)
2026-06-04 07:51:02,283 [INFO] ✅ UltraWNN tekrar aktif (tinygrad, maksimum hiz modu)
2026-06-04 07:51:02,640 [INFO] ℹ️ JIT kalıcı olarak kapalı. Eager eğitim kullanılacak (dogruluk oncelikli, 49.9M param).
2026-06-04 07:51:02,641 [INFO] Cekirdek hazirlaniyor...
2026-06-04 07:51:09,223 [INFO] Warmup tamamlandı.
2026-06-04 07:51:09,224 [INFO] 🔄 Faz geçişi: -1 -> 1
2026-06-04 07:51:09,224 [INFO] Faz 1 — strength=0.000 [ULTRA_WNN]
2026-06-04 07:51:25,902 [WARNING] step=1 — loss ve lm_loss sifira cok yakin. Ornek target tokenlari: [111, 103, 34, 107, 112, 118, 113, 34, 121, 107, 102, 103]
2026-06-04 07:51:25,902 [INFO] step=1 loss=0.0000 lm=0.0000 tps=1965
2026-06-04 07:51:25,902 [INFO]   ↳ RAW: loss=0.000000 lm_loss=0.000000 lr=3.00e-04 phase=1
2026-06-04 07:51:25,903 [WARNING] ⚠️ Step 1 çok yavaş: 16.68s
2026-06-04 07:51:37,398 [INFO] Eğitim durduruldu, GPU belleği temizleniyor...
2026-06-04 07:51:37,640 [INFO] GPU belleği temizlendi.
2026-06-04 07:56:13,778 [INFO] AI Hızlandırıcı Durumu: Active
2026-06-04 07:56:14,505 [INFO] Streaming dataset hazır: c:\Users\Administrator\Desktop\OTOYA\test_trainer_data.txt.tokens.bin (1801 token, prefetch=2, EFT=False, batch_size=4)
2026-06-04 07:56:14,589 [INFO] ✅ UltraWNN tekrar aktif (tinygrad, maksimum hiz modu)
2026-06-04 07:58:02,316 [INFO] AI Hızlandırıcı Durumu: Active
2026-06-04 07:58:27,425 [INFO] Streaming dataset hazır: tiny_stories.tokens.bin (355860481 token, prefetch=8, EFT=False, batch_size=64)
2026-06-04 07:58:28,387 [INFO] Backend hazır: CL
2026-06-04 07:58:28,387 [INFO] Backend tuning: CACHELEVEL=3 fast_math=off
2026-06-04 07:58:28,387 [INFO] AI Hızlandırıcılar: Vulkan (Direct) - Active
2026-06-04 07:58:28,387 [INFO] ✅ Doğrudan AI hızlandırıcı erişimi aktif (128 hızlandırıcı)
2026-06-04 07:58:28,465 [INFO] ✅ UltraWNN tekrar aktif (tinygrad, maksimum hiz modu)
2026-06-04 07:58:28,824 [INFO] ℹ️ JIT kalıcı olarak kapalı. Eager eğitim kullanılacak (dogruluk oncelikli, 49.9M param).
2026-06-04 07:58:28,824 [INFO] Cekirdek hazirlaniyor...
2026-06-04 07:58:35,419 [INFO] Warmup tamamlandı.
2026-06-04 07:58:35,419 [INFO] 🔄 Faz geçişi: -1 -> 1
2026-06-04 07:58:35,419 [INFO] Faz 1 — strength=0.000 [ULTRA_WNN]
2026-06-04 07:58:54,394 [INFO] AI Hızlandırıcı Durumu: Active
2026-06-04 07:59:06,091 [INFO] Streaming dataset hazır: C:\Users\Administrator\Desktop\OTOYA\data_archive\eita_dataset.chatml.tokens.bin (87614005 token, prefetch=8, EFT=False, batch_size=64)
2026-06-04 07:59:06,785 [INFO] Backend hazır: CL
2026-06-04 07:59:06,785 [INFO] Backend tuning: CACHELEVEL=3 fast_math=off
2026-06-04 07:59:06,785 [INFO] AI Hızlandırıcılar: Vulkan (Direct) - Active
2026-06-04 07:59:06,785 [INFO] ✅ Doğrudan AI hızlandırıcı erişimi aktif (128 hızlandırıcı)
2026-06-04 07:59:06,870 [INFO] ✅ UltraWNN tekrar aktif (tinygrad, maksimum hiz modu)
2026-06-04 07:59:07,237 [INFO] ℹ️ JIT kalıcı olarak kapalı. Eager eğitim kullanılacak (dogruluk oncelikli, 49.9M param).
2026-06-04 07:59:07,237 [INFO] Cekirdek hazirlaniyor...
2026-06-04 07:59:13,854 [INFO] Warmup tamamlandı.
2026-06-04 07:59:13,854 [INFO] 🔄 Faz geçişi: -1 -> 1
2026-06-04 07:59:13,854 [INFO] Faz 1 — strength=0.000 [ULTRA_WNN]
2026-06-04 07:59:29,819 [WARNING] step=1 — loss ve lm_loss sifira cok yakin. Ornek target tokenlari: [112, 118, 48, 62, 126, 107, 111, 97, 103, 112, 102, 126]
2026-06-04 07:59:29,819 [INFO] step=1 loss=0.0000 lm=0.0000 tps=2052
2026-06-04 07:59:29,819 [INFO]   ↳ RAW: loss=0.000000 lm_loss=0.000000 lr=3.00e-04 phase=1
2026-06-04 07:59:29,819 [WARNING] ⚠️ Step 1 çok yavaş: 15.96s
2026-06-04 07:59:41,895 [INFO] Eğitim durduruldu, GPU belleği temizleniyor...
2026-06-04 07:59:42,272 [INFO] GPU belleği temizlendi.
2026-06-04 08:27:46,287 [INFO] AI Hızlandırıcı Durumu: Active
2026-06-04 08:28:11,570 [INFO] Streaming dataset hazır: C:\Users\Administrator\Desktop\OTOYA\data_archive\eita_dataset.chatml.tokens.bin (87614005 token, prefetch=8, EFT=False, batch_size=64)
2026-06-04 08:28:12,400 [INFO] Backend hazır: CL
2026-06-04 08:28:12,400 [INFO] Backend tuning: CACHELEVEL=3 fast_math=off
2026-06-04 08:28:12,400 [INFO] AI Hızlandırıcılar: Vulkan (Direct) - Active
2026-06-04 08:28:12,401 [INFO] ✅ Doğrudan AI hızlandırıcı erişimi aktif (128 hızlandırıcı)
2026-06-04 08:28:12,484 [INFO] ✅ UltraWNN tekrar aktif (tinygrad, maksimum hiz modu)
2026-06-04 08:28:12,850 [INFO] ℹ️ JIT kalıcı olarak kapalı. Eager eğitim kullanılacak (dogruluk oncelikli, 49.7M param).
2026-06-04 08:28:12,850 [INFO] Cekirdek hazirlaniyor...
2026-06-04 08:28:19,542 [INFO] Warmup tamamlandı.
2026-06-04 08:28:19,542 [INFO] 🔄 Faz geçişi: -1 -> 1
2026-06-04 08:28:19,542 [INFO] Faz 1 — strength=0.000 [ULTRA_WNN]
2026-06-04 08:28:34,553 [INFO] step=1 loss=19.1648 lm=19.1648 tps=1091
2026-06-04 08:28:34,553 [INFO]   ↳ RAW: loss=19.164799 lm_loss=19.164799 lr=3.00e-04 phase=1
2026-06-04 08:28:34,553 [WARNING] ⚠️ Step 1 çok yavaş: 15.01s
2026-06-04 08:29:11,905 [INFO] Eğitim durduruldu, GPU belleği temizleniyor...
2026-06-04 08:29:12,141 [INFO] GPU belleği temizlendi.
2026-06-04 08:29:15,829 [INFO] step=10 loss=3.1222 lm=3.1222 tps=2911
2026-06-04 08:29:15,829 [INFO]   ↳ RAW: loss=3.122206 lm_loss=3.122206 lr=3.00e-04 phase=1
2026-06-04 08:39:28,663 [INFO] AI Hızlandırıcı Durumu: Active
2026-06-04 08:40:14,854 [INFO] AI Hızlandırıcı Durumu: Active
2026-06-04 08:40:54,904 [INFO] Streaming dataset hazır: tiny_stories.tokens.bin (355860481 token, prefetch=8, EFT=False, batch_size=64)
2026-06-04 08:40:55,758 [INFO] Backend hazır: CL
2026-06-04 08:40:55,758 [INFO] Backend tuning: CACHELEVEL=3 fast_math=on
2026-06-04 08:40:55,758 [INFO] AI Hızlandırıcılar: Vulkan (Direct) - Active
2026-06-04 08:40:55,758 [INFO] ✅ Doğrudan AI hızlandırıcı erişimi aktif (128 hızlandırıcı)
2026-06-04 08:40:55,835 [INFO] ✅ UltraWNN tekrar aktif (tinygrad, maksimum hiz modu)
2026-06-04 08:40:56,197 [INFO] ✅ Force JIT aktif (49.7M) — deneysel JIT yolu kullanılıyor.
2026-06-04 08:40:56,197 [INFO] Cekirdek hazirlaniyor...
2026-06-04 08:41:02,728 [INFO] 🧩 ScalableJIT: 4 blok sarmalandi (period=3, tinyjit=on)
2026-06-04 08:41:02,729 [INFO] Warmup tamamlandı.
2026-06-04 08:41:02,729 [INFO] 🔄 Faz geçişi: -1 -> 1
2026-06-04 08:41:02,729 [INFO] 🧩 ScalableJIT: 4 blok sarmalandi (period=3, tinyjit=on)
2026-06-04 08:41:02,729 [INFO] Faz 1 — strength=0.000 [ULTRA_WNN JIT]
2026-06-04 08:41:21,272 [INFO] step=1 loss=11.0204 lm=11.0204 tps=884
2026-06-04 08:41:21,272 [INFO]   ↳ RAW: loss=11.020424 lm_loss=11.020424 lr=3.00e-04 phase=1
2026-06-04 08:41:21,273 [WARNING] ⚠️ Step 1 çok yavaş: 18.54s
2026-06-04 08:41:30,446 [INFO] step=10 loss=9.8801 lm=9.8801 tps=5911
2026-06-04 08:41:30,446 [INFO]   ↳ RAW: loss=9.880116 lm_loss=9.880116 lr=3.00e-04 phase=1
2026-06-04 08:41:39,533 [INFO] step=20 loss=8.7836 lm=8.7836 tps=8903
2026-06-04 08:41:48,624 [INFO] step=30 loss=7.7805 lm=7.7805 tps=10710
2026-06-04 08:41:57,764 [INFO] step=40 loss=6.9386 lm=6.9386 tps=11908
2026-06-04 08:42:06,885 [INFO] step=50 loss=6.1981 lm=6.1981 tps=12769
2026-06-04 08:42:16,011 [INFO] step=60 loss=5.6973 lm=5.6973 tps=13414
2026-06-04 08:42:25,140 [INFO] step=70 loss=5.2215 lm=5.2215 tps=13917
2026-06-04 08:42:34,249 [INFO] step=80 loss=4.7483 lm=4.7483 tps=14322
2026-06-04 08:42:43,389 [INFO] step=90 loss=4.4087 lm=4.4087 tps=14649
2026-06-04 08:42:52,538 [INFO] step=100 loss=4.2026 lm=4.2026 tps=14920
2026-06-04 08:43:01,677 [INFO] step=110 loss=3.9667 lm=3.9667 tps=15151
2026-06-04 08:43:10,836 [INFO] step=120 loss=3.8079 lm=3.8079 tps=15347
2026-06-04 08:43:20,014 [INFO] step=130 loss=3.6970 lm=3.6970 tps=15515
2026-06-04 08:43:29,168 [INFO] step=140 loss=3.5919 lm=3.5919 tps=15664
2026-06-04 08:43:38,305 [INFO] step=150 loss=3.4729 lm=3.4729 tps=15797
2026-06-04 08:43:47,461 [INFO] step=160 loss=3.4363 lm=3.4363 tps=15913
2026-06-04 08:43:56,605 [INFO] step=170 loss=3.3726 lm=3.3726 tps=16019
2026-06-04 08:44:05,747 [INFO] step=180 loss=3.3138 lm=3.3138 tps=16114
2026-06-04 08:44:14,900 [INFO] step=190 loss=3.2977 lm=3.2977 tps=16199
2026-06-04 08:44:24,050 [INFO] step=200 loss=3.2761 lm=3.2761 tps=16276
2026-06-04 08:44:24,051 [INFO] 🧹 GPU belleği temizleniyor (step 200)...
2026-06-04 08:44:24,250 [INFO] ✅ GPU belleği temizlendi
2026-06-04 08:44:33,568 [INFO] step=210 loss=3.2293 lm=3.2293 tps=16319
2026-06-04 08:44:42,714 [INFO] step=220 loss=3.1897 lm=3.1897 tps=16385
2026-06-04 08:44:51,859 [INFO] step=230 loss=3.1728 lm=3.1728 tps=16446
2026-06-04 08:45:01,006 [INFO] step=240 loss=3.1624 lm=3.1624 tps=16502
2026-06-04 08:45:10,168 [INFO] step=250 loss=3.1350 lm=3.1350 tps=16554
2026-06-04 08:45:19,327 [INFO] step=260 loss=3.1002 lm=3.1002 tps=16601
2026-06-04 08:45:28,472 [INFO] step=270 loss=3.1289 lm=3.1289 tps=16646
2026-06-04 08:45:36,156 [INFO] Eğitim durduruldu, GPU belleği temizleniyor...
2026-06-04 08:45:36,357 [INFO] GPU belleği temizlendi.
2026-06-04 08:45:37,626 [INFO] step=280 loss=3.0604 lm=3.0604 tps=16688
2026-06-04 08:45:44,433 [INFO] Streaming dataset hazır: C:\Users\Administrator\Desktop\OTOYA\data_archive\eita_dataset.chatml.tokens.bin (87614005 token, prefetch=8, EFT=False, batch_size=64)
2026-06-04 08:45:44,446 [INFO] Backend hazır: CL
2026-06-04 08:45:44,446 [INFO] Backend tuning: CACHELEVEL=3 fast_math=on
2026-06-04 08:45:44,446 [INFO] AI Hızlandırıcılar: Vulkan (Direct) - Active
2026-06-04 08:45:44,446 [INFO] ✅ Doğrudan AI hızlandırıcı erişimi aktif (128 hızlandırıcı)
2026-06-04 08:45:44,970 [INFO] ✅ Force JIT aktif (49.7M) — deneysel JIT yolu kullanılıyor.
2026-06-04 08:45:44,970 [INFO] Cekirdek hazirlaniyor...
2026-06-04 08:45:45,900 [INFO] 🧩 ScalableJIT: 4 blok sarmalandi (period=3, tinyjit=on)
2026-06-04 08:45:45,900 [INFO] Warmup tamamlandı.
2026-06-04 08:45:45,900 [INFO] 🔄 Faz geçişi: -1 -> 1
2026-06-04 08:45:45,901 [INFO] 🧩 ScalableJIT: 4 blok sarmalandi (period=3, tinyjit=on)
2026-06-04 08:45:45,901 [INFO] Faz 1 — strength=0.000 [ULTRA_WNN JIT]
2026-06-04 08:45:48,939 [INFO] step=1 loss=11.2607 lm=11.2607 tps=5392
2026-06-04 08:45:48,939 [INFO]   ↳ RAW: loss=11.260732 lm_loss=11.260732 lr=3.00e-04 phase=1
2026-06-04 08:45:57,782 [INFO] step=10 loss=10.1282 lm=10.1282 tps=13790
2026-06-04 08:45:57,782 [INFO]   ↳ RAW: loss=10.128172 lm_loss=10.128172 lr=3.00e-04 phase=1
2026-06-04 08:46:06,952 [INFO] step=20 loss=8.9833 lm=8.9833 tps=15566
2026-06-04 08:46:16,112 [INFO] step=30 loss=7.9525 lm=7.9525 tps=16269
2026-06-04 08:46:25,296 [INFO] step=40 loss=7.1244 lm=7.1244 tps=16635
2026-06-04 08:46:34,455 [INFO] step=50 loss=6.4776 lm=6.4776 tps=16872
2026-06-04 08:46:43,612 [INFO] step=60 loss=5.9310 lm=5.9310 tps=17034
2026-06-04 08:46:52,783 [INFO] step=70 loss=5.4889 lm=5.4889 tps=17148
2026-06-04 08:47:01,954 [INFO] step=80 loss=5.0741 lm=5.0741 tps=17234
2026-06-04 08:47:11,122 [INFO] step=90 loss=4.7256 lm=4.7256 tps=17303
2026-06-04 08:47:20,300 [INFO] step=100 loss=4.4481 lm=4.4481 tps=17356
2026-06-04 08:47:29,487 [INFO] step=110 loss=4.2026 lm=4.2026 tps=17398
2026-06-04 08:47:38,658 [INFO] step=120 loss=4.0199 lm=4.0199 tps=17436
2026-06-04 08:47:47,835 [INFO] step=130 loss=3.9232 lm=3.9232 tps=17468
2026-06-04 08:47:57,008 [INFO] step=140 loss=3.7872 lm=3.7872 tps=17495
2026-06-04 08:48:06,181 [INFO] step=150 loss=3.7123 lm=3.7123 tps=17519
2026-06-04 08:48:15,345 [INFO] step=160 loss=3.6496 lm=3.6496 tps=17541
2026-06-04 08:48:24,511 [INFO] step=170 loss=3.5831 lm=3.5831 tps=17560
2026-06-04 08:48:33,638 [INFO] step=180 loss=3.4892 lm=3.4892 tps=17582
2026-06-04 08:48:42,824 [INFO] step=190 loss=3.4243 lm=3.4243 tps=17595
2026-06-04 08:48:52,083 [INFO] step=200 loss=3.5009 lm=3.5009 tps=17600
2026-06-04 08:48:52,084 [INFO] 🧹 GPU belleği temizleniyor (step 200)...
2026-06-04 08:48:52,335 [INFO] ✅ GPU belleği temizlendi
2026-06-04 08:49:01,836 [INFO] step=210 loss=3.3793 lm=3.3793 tps=17560
2026-06-04 08:49:11,113 [INFO] step=220 loss=3.3868 lm=3.3868 tps=17565
2026-06-04 08:49:20,358 [INFO] step=230 loss=3.3350 lm=3.3350 tps=17571
2026-06-04 08:49:29,615 [INFO] step=240 loss=3.2762 lm=3.2762 tps=17577
2026-06-04 08:49:38,739 [INFO] step=250 loss=3.2582 lm=3.2582 tps=17592
2026-06-04 08:49:48,030 [INFO] step=260 loss=3.2692 lm=3.2692 tps=17593
2026-06-04 08:49:57,299 [INFO] step=270 loss=3.2610 lm=3.2610 tps=17596
2026-06-04 08:50:06,556 [INFO] step=280 loss=3.2184 lm=3.2184 tps=17600
2026-06-04 08:50:15,712 [INFO] step=290 loss=3.2426 lm=3.2426 tps=17610
2026-06-04 08:50:24,898 [INFO] step=300 loss=3.1894 lm=3.1894 tps=17617
2026-06-04 08:50:34,055 [INFO] step=310 loss=3.1762 lm=3.1762 tps=17626
2026-06-04 08:50:43,222 [INFO] step=320 loss=3.1728 lm=3.1728 tps=17634
2026-06-04 08:50:52,399 [INFO] step=330 loss=3.2073 lm=3.2073 tps=17640
2026-06-04 08:51:01,583 [INFO] step=340 loss=3.1349 lm=3.1349 tps=17646
2026-06-04 08:51:10,767 [INFO] step=350 loss=3.1058 lm=3.1058 tps=17652
2026-06-04 08:51:19,932 [INFO] step=360 loss=3.0758 lm=3.0758 tps=17658
2026-06-04 08:51:29,097 [INFO] step=370 loss=3.0521 lm=3.0521 tps=17664
2026-06-04 08:51:38,255 [INFO] step=380 loss=3.1146 lm=3.1146 tps=17669
2026-06-04 08:51:47,413 [INFO] step=390 loss=3.0950 lm=3.0950 tps=17675
2026-06-04 08:51:56,586 [INFO] step=400 loss=3.1134 lm=3.1134 tps=17680
2026-06-04 08:51:56,587 [INFO] 🧹 GPU belleği temizleniyor (step 400)...
2026-06-04 08:51:56,805 [INFO] ✅ GPU belleği temizlendi
2026-06-04 08:52:06,164 [INFO] step=410 loss=3.0873 lm=3.0873 tps=17665
2026-06-04 08:52:15,318 [INFO] step=420 loss=3.0547 lm=3.0547 tps=17671
2026-06-04 08:52:24,480 [INFO] step=430 loss=3.0767 lm=3.0767 tps=17676
2026-06-04 08:52:33,638 [INFO] step=440 loss=3.0653 lm=3.0653 tps=17680
2026-06-04 08:52:42,816 [INFO] step=450 loss=3.0487 lm=3.0487 tps=17684
2026-06-04 08:52:51,972 [INFO] step=460 loss=3.0280 lm=3.0280 tps=17689
2026-06-04 08:53:01,145 [INFO] step=470 loss=3.0346 lm=3.0346 tps=17692
2026-06-04 08:53:10,324 [INFO] step=480 loss=3.0111 lm=3.0111 tps=17696
2026-06-04 08:53:19,434 [INFO] step=490 loss=3.0210 lm=3.0210 tps=17701
2026-06-04 08:53:32,036 [INFO] step=500 loss=3.0101 lm=3.0101 tps=17705
2026-06-04 08:53:32,037 [WARNING] ⚠️ Step 500 çok yavaş: 12.33s
2026-06-04 08:53:41,183 [INFO] step=510 loss=3.0591 lm=3.0591 tps=17581
2026-06-04 08:53:50,337 [INFO] step=520 loss=3.0401 lm=3.0401 tps=17587
2026-06-04 08:53:59,516 [INFO] step=530 loss=3.0584 lm=3.0584 tps=17592
2026-06-04 08:54:08,690 [INFO] step=540 loss=3.0076 lm=3.0076 tps=17597
2026-06-04 08:54:17,859 [INFO] step=550 loss=3.0398 lm=3.0398 tps=17601
2026-06-04 08:54:27,024 [INFO] step=560 loss=3.0524 lm=3.0524 tps=17606
2026-06-04 08:54:36,191 [INFO] step=570 loss=2.9880 lm=2.9880 tps=17611
2026-06-04 08:54:45,358 [INFO] step=580 loss=3.0638 lm=3.0638 tps=17615
2026-06-04 08:54:54,523 [INFO] step=590 loss=3.0186 lm=3.0186 tps=17620
2026-06-04 08:55:03,662 [INFO] step=600 loss=2.9987 lm=2.9987 tps=17625
2026-06-04 08:55:03,663 [INFO] 🧹 GPU belleği temizleniyor (step 600)...
2026-06-04 08:55:03,877 [INFO] ✅ GPU belleği temizlendi
2026-06-04 08:55:13,232 [INFO] step=610 loss=3.0175 lm=3.0175 tps=17616
2026-06-04 08:55:22,400 [INFO] step=620 loss=3.0606 lm=3.0606 tps=17620
2026-06-04 08:55:31,551 [INFO] step=630 loss=3.0503 lm=3.0503 tps=17625
2026-06-04 08:55:40,718 [INFO] step=640 loss=2.9819 lm=2.9819 tps=17629
2026-06-04 08:55:49,870 [INFO] step=650 loss=3.0090 lm=3.0090 tps=17633
2026-06-04 08:55:59,050 [INFO] step=660 loss=3.0297 lm=3.0297 tps=17636
2026-06-04 08:56:08,203 [INFO] step=670 loss=3.0017 lm=3.0017 tps=17640
2026-06-04 08:56:17,348 [INFO] step=680 loss=3.0124 lm=3.0124 tps=17644
2026-06-04 08:56:26,519 [INFO] step=690 loss=3.0021 lm=3.0021 tps=17647
2026-06-04 08:56:35,698 [INFO] step=700 loss=2.9924 lm=2.9924 tps=17650
2026-06-04 08:56:44,864 [INFO] step=710 loss=3.0302 lm=3.0302 tps=17653
2026-06-04 08:56:54,044 [INFO] step=720 loss=2.9586 lm=2.9586 tps=17656
2026-06-04 08:57:03,206 [INFO] step=730 loss=3.0072 lm=3.0072 tps=17659
2026-06-04 08:57:12,370 [INFO] step=740 loss=3.0430 lm=3.0430 tps=17662
2026-06-04 08:57:21,528 [INFO] step=750 loss=2.9717 lm=2.9717 tps=17665
2026-06-04 08:57:30,709 [INFO] step=760 loss=2.9703 lm=2.9703 tps=17667
2026-06-04 08:57:39,878 [INFO] step=770 loss=3.0106 lm=3.0106 tps=17670
2026-06-04 08:57:49,043 [INFO] step=780 loss=2.9917 lm=2.9917 tps=17672
2026-06-04 08:57:58,209 [INFO] step=790 loss=3.0083 lm=3.0083 tps=17675
2026-06-04 08:58:07,372 [INFO] step=800 loss=2.9537 lm=2.9537 tps=17677
2026-06-04 08:58:07,373 [INFO] 🧹 GPU belleği temizleniyor (step 800)...
2026-06-04 08:58:07,586 [INFO] ✅ GPU belleği temizlendi
2026-06-04 08:58:16,926 [INFO] step=810 loss=2.9596 lm=2.9596 tps=17671
2026-06-04 08:58:26,103 [INFO] step=820 loss=2.9659 lm=2.9659 tps=17673
2026-06-04 08:58:35,264 [INFO] step=830 loss=2.9927 lm=2.9927 tps=17675
2026-06-04 08:58:44,425 [INFO] step=840 loss=2.9943 lm=2.9943 tps=17678
2026-06-04 08:58:53,592 [INFO] step=850 loss=2.9856 lm=2.9856 tps=17680
2026-06-04 08:59:02,771 [INFO] step=860 loss=2.9843 lm=2.9843 tps=17682
2026-06-04 08:59:11,944 [INFO] step=870 loss=2.9950 lm=2.9950 tps=17684
2026-06-04 08:59:21,096 [INFO] step=880 loss=2.9861 lm=2.9861 tps=17686
2026-06-04 08:59:30,253 [INFO] step=890 loss=3.0012 lm=3.0012 tps=17689
2026-06-04 08:59:39,421 [INFO] step=900 loss=3.0170 lm=3.0170 tps=17691
2026-06-04 08:59:48,575 [INFO] step=910 loss=3.0230 lm=3.0230 tps=17693
2026-06-04 08:59:57,742 [INFO] step=920 loss=2.9780 lm=2.9780 tps=17695
2026-06-04 09:00:06,900 [INFO] step=930 loss=2.9857 lm=2.9857 tps=17697
2026-06-04 09:00:16,066 [INFO] step=940 loss=3.0100 lm=3.0100 tps=17699
2026-06-04 09:00:25,242 [INFO] step=950 loss=2.9946 lm=2.9946 tps=17701
2026-06-04 09:00:34,416 [INFO] step=960 loss=3.0161 lm=3.0161 tps=17702
2026-06-04 09:00:43,578 [INFO] step=970 loss=3.0106 lm=3.0106 tps=17704
2026-06-04 09:00:52,754 [INFO] step=980 loss=2.9813 lm=2.9813 tps=17706
2026-06-04 09:01:01,919 [INFO] step=990 loss=2.9753 lm=2.9753 tps=17707
2026-06-04 09:01:14,425 [INFO] step=1000 loss=2.9631 lm=2.9631 tps=17709
2026-06-04 09:01:14,426 [WARNING] ⚠️ Step 1000 çok yavaş: 12.26s
2026-06-04 09:01:14,426 [INFO] 🧹 GPU belleği temizleniyor (step 1000)...
2026-06-04 09:01:14,640 [INFO] ✅ GPU belleği temizlendi
2026-06-04 09:01:24,013 [INFO] step=1010 loss=3.0135 lm=3.0135 tps=17639
2026-06-04 09:01:33,197 [INFO] step=1020 loss=3.0027 lm=3.0027 tps=17641
2026-06-04 09:01:42,365 [INFO] step=1030 loss=2.9934 lm=2.9934 tps=17644
2026-06-04 09:01:51,524 [INFO] step=1040 loss=3.0107 lm=3.0107 tps=17646
2026-06-04 09:02:00,688 [INFO] step=1050 loss=2.9995 lm=2.9995 tps=17648
2026-06-04 09:02:09,830 [INFO] step=1060 loss=3.0324 lm=3.0324 tps=17651
2026-06-04 09:02:18,992 [INFO] step=1070 loss=2.9894 lm=2.9894 tps=17653
2026-06-04 09:02:28,151 [INFO] step=1080 loss=3.0106 lm=3.0106 tps=17655
2026-06-04 09:02:37,305 [INFO] step=1090 loss=3.0193 lm=3.0193 tps=17657
2026-06-04 09:02:46,461 [INFO] step=1100 loss=2.9992 lm=2.9992 tps=17659
2026-06-04 09:02:55,618 [INFO] step=1110 loss=2.9814 lm=2.9814 tps=17661
2026-06-04 09:03:04,762 [INFO] step=1120 loss=3.0189 lm=3.0189 tps=17664
2026-06-04 09:03:13,932 [INFO] step=1130 loss=2.9916 lm=2.9916 tps=17665
2026-06-04 09:03:23,084 [INFO] step=1140 loss=2.9933 lm=2.9933 tps=17667
2026-06-04 09:03:32,238 [INFO] step=1150 loss=2.9959 lm=2.9959 tps=17669
2026-06-04 09:03:41,380 [INFO] step=1160 loss=2.9893 lm=2.9893 tps=17672
2026-06-04 09:03:50,537 [INFO] step=1170 loss=2.9880 lm=2.9880 tps=17673
2026-06-04 09:03:59,685 [INFO] step=1180 loss=3.0322 lm=3.0322 tps=17675
2026-06-04 09:04:08,850 [INFO] step=1190 loss=2.9904 lm=2.9904 tps=17677
2026-06-04 09:04:18,015 [INFO] step=1200 loss=2.9986 lm=2.9986 tps=17679
2026-06-04 09:04:18,016 [INFO] 🧹 GPU belleği temizleniyor (step 1200)...
2026-06-04 09:04:18,213 [INFO] ✅ GPU belleği temizlendi
2026-06-04 09:04:27,375 [INFO] step=1210 loss=3.0251 lm=3.0251 tps=17677
2026-06-04 09:04:36,531 [INFO] step=1220 loss=3.0143 lm=3.0143 tps=17679
2026-06-04 09:04:45,685 [INFO] step=1230 loss=3.0080 lm=3.0080 tps=17681
2026-06-04 09:04:54,830 [INFO] step=1240 loss=2.9820 lm=2.9820 tps=17683
2026-06-04 09:05:03,996 [INFO] step=1250 loss=2.9798 lm=2.9798 tps=17684
2026-06-04 09:05:13,159 [INFO] step=1260 loss=2.9805 lm=2.9805 tps=17686
2026-06-04 09:05:22,318 [INFO] step=1270 loss=2.9998 lm=2.9998 tps=17687
2026-06-04 09:05:31,479 [INFO] step=1280 loss=3.0403 lm=3.0403 tps=17689
2026-06-04 09:05:40,643 [INFO] step=1290 loss=3.0159 lm=3.0159 tps=17690
2026-06-04 09:05:49,796 [INFO] step=1300 loss=3.0012 lm=3.0012 tps=17692
2026-06-04 09:05:58,958 [INFO] step=1310 loss=3.0254 lm=3.0254 tps=17693
2026-06-04 09:06:08,120 [INFO] step=1320 loss=3.0210 lm=3.0210 tps=17695
2026-06-04 09:06:17,299 [INFO] step=1330 loss=3.0174 lm=3.0174 tps=17696
2026-06-04 09:06:26,458 [INFO] step=1340 loss=3.0365 lm=3.0365 tps=17697
2026-06-04 09:06:35,631 [INFO] step=1350 loss=3.0036 lm=3.0036 tps=17699
2026-06-04 09:06:44,808 [INFO] step=1360 loss=2.9890 lm=2.9890 tps=17700
2026-06-04 09:06:53,977 [INFO] step=1370 loss=3.0175 lm=3.0175 tps=17701
2026-06-04 09:07:03,144 [INFO] step=1380 loss=2.9926 lm=2.9926 tps=17702
2026-06-04 09:07:12,299 [INFO] step=1390 loss=3.0051 lm=3.0051 tps=17703
2026-06-04 09:07:21,457 [INFO] step=1400 loss=2.9872 lm=2.9872 tps=17705
2026-06-04 09:07:21,458 [INFO] 🧹 GPU belleği temizleniyor (step 1400)...
2026-06-04 09:07:21,652 [INFO] ✅ GPU belleği temizlendi
2026-06-04 09:07:30,805 [INFO] step=1410 loss=2.9991 lm=2.9991 tps=17704
2026-06-04 09:07:39,957 [INFO] step=1420 loss=2.9862 lm=2.9862 tps=17705
2026-06-04 09:07:49,128 [INFO] step=1430 loss=3.0065 lm=3.0065 tps=17706
2026-06-04 09:07:58,291 [INFO] step=1440 loss=3.0450 lm=3.0450 tps=17707
2026-06-04 09:08:07,465 [INFO] step=1450 loss=3.0282 lm=3.0282 tps=17708
2026-06-04 09:08:16,623 [INFO] step=1460 loss=3.0249 lm=3.0249 tps=17710
2026-06-04 09:08:25,775 [INFO] step=1470 loss=3.0107 lm=3.0107 tps=17711
2026-06-04 09:08:34,930 [INFO] step=1480 loss=3.0336 lm=3.0336 tps=17712
2026-06-04 09:08:44,096 [INFO] step=1490 loss=2.9651 lm=2.9651 tps=17713
2026-06-04 09:08:56,684 [INFO] step=1500 loss=3.0134 lm=3.0134 tps=17714
2026-06-04 09:08:56,685 [WARNING] ⚠️ Step 1500 çok yavaş: 12.34s
2026-06-04 09:08:56,685 [INFO] 🔄 Faz geçişi: 1 -> 2
2026-06-04 09:08:56,686 [INFO] 🧩 ScalableJIT: 4 blok sarmalandi (period=3, tinyjit=on)
2026-06-04 09:08:56,686 [INFO] Faz 2 — strength=0.001 [ULTRA_WNN JIT]
2026-06-04 09:09:59,086 [INFO] step=1510 loss=3.2160 lm=3.2147 tps=17025
2026-06-04 09:09:59,087 [WARNING] ⚠️ Step 1510 çok yavaş: 27.98s
2026-06-04 09:10:29,473 [INFO] step=1520 loss=3.0383 lm=3.0377 tps=16786
2026-06-04 09:10:29,474 [WARNING] ⚠️ Step 1520 çok yavaş: 26.19s
2026-06-04 09:10:59,711 [INFO] step=1530 loss=2.9657 lm=2.9651 tps=16559
2026-06-04 09:10:59,712 [WARNING] ⚠️ Step 1530 çok yavaş: 26.22s
2026-06-04 09:11:30,089 [INFO] step=1540 loss=3.0344 lm=3.0339 tps=16340
2026-06-04 09:11:30,090 [WARNING] ⚠️ Step 1540 çok yavaş: 26.38s
2026-06-04 09:12:00,237 [INFO] step=1550 loss=2.9813 lm=2.9808 tps=16131
2026-06-04 09:12:00,238 [WARNING] ⚠️ Step 1550 çok yavaş: 26.12s
2026-06-04 09:12:30,464 [INFO] step=1560 loss=2.9485 lm=2.9480 tps=15929
2026-06-04 09:12:30,465 [WARNING] ⚠️ Step 1560 çok yavaş: 26.08s
2026-06-04 09:13:00,718 [INFO] step=1570 loss=2.9778 lm=2.9773 tps=15734
2026-06-04 09:13:00,719 [WARNING] ⚠️ Step 1570 çok yavaş: 26.23s
2026-06-04 09:13:31,103 [INFO] step=1580 loss=2.9516 lm=2.9511 tps=15546
2026-06-04 09:13:31,104 [WARNING] ⚠️ Step 1580 çok yavaş: 26.37s
2026-06-04 09:14:01,476 [INFO] step=1590 loss=2.9414 lm=2.9409 tps=15364
2026-06-04 09:14:01,477 [WARNING] ⚠️ Step 1590 çok yavaş: 26.35s
2026-06-04 09:14:31,829 [INFO] step=1600 loss=2.9110 lm=2.9105 tps=15189
2026-06-04 09:14:31,830 [WARNING] ⚠️ Step 1600 çok yavaş: 26.33s
2026-06-04 09:14:31,830 [INFO] 🧹 GPU belleği temizleniyor (step 1600)...
2026-06-04 09:14:32,182 [INFO] ✅ GPU belleği temizlendi
2026-06-04 09:15:02,730 [INFO] step=1610 loss=2.8934 lm=2.8929 tps=15015
2026-06-04 09:15:02,731 [WARNING] ⚠️ Step 1610 çok yavaş: 26.41s
2026-06-04 09:15:33,057 [INFO] step=1620 loss=2.9453 lm=2.9448 tps=14852
2026-06-04 09:15:33,058 [WARNING] ⚠️ Step 1620 çok yavaş: 26.32s
2026-06-04 09:16:03,346 [INFO] step=1630 loss=2.8841 lm=2.8836 tps=14694
2026-06-04 09:16:03,347 [WARNING] ⚠️ Step 1630 çok yavaş: 26.29s
2026-06-04 09:16:33,655 [INFO] step=1640 loss=2.9072 lm=2.9067 tps=14542
2026-06-04 09:16:33,656 [WARNING] ⚠️ Step 1640 çok yavaş: 26.30s
2026-06-04 09:17:03,856 [INFO] step=1650 loss=2.8808 lm=2.8803 tps=14395
2026-06-04 09:17:03,857 [WARNING] ⚠️ Step 1650 çok yavaş: 26.06s
2026-06-04 09:17:34,030 [INFO] step=1660 loss=2.8613 lm=2.8608 tps=14253
2026-06-04 09:17:34,031 [WARNING] ⚠️ Step 1660 çok yavaş: 26.11s
2026-06-04 09:18:04,196 [INFO] step=1670 loss=2.8761 lm=2.8756 tps=14116
2026-06-04 09:18:04,197 [WARNING] ⚠️ Step 1670 çok yavaş: 26.14s
2026-06-04 09:18:34,560 [INFO] step=1680 loss=2.8574 lm=2.8569 tps=13982
2026-06-04 09:18:34,561 [WARNING] ⚠️ Step 1680 çok yavaş: 26.34s
2026-06-04 09:19:04,884 [INFO] step=1690 loss=2.8785 lm=2.8780 tps=13852
2026-06-04 09:19:04,885 [WARNING] ⚠️ Step 1690 çok yavaş: 26.31s
2026-06-04 09:19:35,152 [INFO] step=1700 loss=2.8610 lm=2.8605 tps=13726
2026-06-04 09:19:35,152 [WARNING] ⚠️ Step 1700 çok yavaş: 26.14s
2026-06-04 09:20:05,733 [INFO] step=1710 loss=2.8698 lm=2.8693 tps=13601
2026-06-04 09:20:05,734 [WARNING] ⚠️ Step 1710 çok yavaş: 26.56s
2026-06-04 09:20:35,994 [INFO] step=1720 loss=2.8655 lm=2.8650 tps=13483
2026-06-04 09:20:35,995 [WARNING] ⚠️ Step 1720 çok yavaş: 26.26s
2026-06-04 09:21:06,588 [INFO] step=1730 loss=2.8912 lm=2.8907 tps=13366
2026-06-04 09:21:06,589 [WARNING] ⚠️ Step 1730 çok yavaş: 26.59s
2026-06-04 09:21:36,895 [INFO] step=1740 loss=2.8832 lm=2.8827 tps=13253
2026-06-04 09:21:36,896 [WARNING] ⚠️ Step 1740 çok yavaş: 26.18s
2026-06-04 09:22:07,233 [INFO] step=1750 loss=2.8627 lm=2.8622 tps=13144
2026-06-04 09:22:07,234 [WARNING] ⚠️ Step 1750 çok yavaş: 26.31s
2026-06-04 09:22:37,551 [INFO] step=1760 loss=2.8488 lm=2.8483 tps=13038
2026-06-04 09:22:37,552 [WARNING] ⚠️ Step 1760 çok yavaş: 26.30s
2026-06-04 09:23:07,832 [INFO] step=1770 loss=2.8914 lm=2.8909 tps=12935
2026-06-04 09:23:07,833 [WARNING] ⚠️ Step 1770 çok yavaş: 26.26s
2026-06-04 09:23:38,121 [INFO] step=1780 loss=2.8756 lm=2.8751 tps=12835
2026-06-04 09:23:38,122 [WARNING] ⚠️ Step 1780 çok yavaş: 26.28s
2026-06-04 09:24:08,285 [INFO] step=1790 loss=2.8757 lm=2.8752 tps=12738
2026-06-04 09:24:08,286 [WARNING] ⚠️ Step 1790 çok yavaş: 26.04s
2026-06-04 09:24:38,535 [INFO] step=1800 loss=2.8833 lm=2.8828 tps=12643
2026-06-04 09:24:38,536 [WARNING] ⚠️ Step 1800 çok yavaş: 26.23s
2026-06-04 09:24:38,536 [INFO] 🧹 GPU belleği temizleniyor (step 1800)...
2026-06-04 09:24:38,885 [INFO] ✅ GPU belleği temizlendi
2026-06-04 09:25:09,039 [INFO] step=1810 loss=2.8497 lm=2.8492 tps=12549
2026-06-04 09:25:09,040 [WARNING] ⚠️ Step 1810 çok yavaş: 26.03s
2026-06-04 09:25:39,320 [INFO] step=1820 loss=2.8365 lm=2.8360 tps=12459
2026-06-04 09:25:39,321 [WARNING] ⚠️ Step 1820 çok yavaş: 26.26s
2026-06-04 09:26:09,622 [INFO] step=1830 loss=2.8609 lm=2.8604 tps=12371
2026-06-04 09:26:09,623 [WARNING] ⚠️ Step 1830 çok yavaş: 26.29s
2026-06-04 09:26:39,822 [INFO] step=1840 loss=2.8483 lm=2.8478 tps=12285
2026-06-04 09:26:39,823 [WARNING] ⚠️ Step 1840 çok yavaş: 26.19s
2026-06-04 09:27:10,000 [INFO] step=1850 loss=2.8710 lm=2.8705 tps=12202
2026-06-04 09:27:10,001 [WARNING] ⚠️ Step 1850 çok yavaş: 26.05s
2026-06-04 09:27:40,178 [INFO] step=1860 loss=2.8841 lm=2.8836 tps=12120
2026-06-04 09:27:40,180 [WARNING] ⚠️ Step 1860 çok yavaş: 26.14s
2026-06-04 09:28:10,371 [INFO] step=1870 loss=2.8192 lm=2.8187 tps=12041
2026-06-04 09:28:10,372 [WARNING] ⚠️ Step 1870 çok yavaş: 26.20s
2026-06-04 09:28:40,697 [INFO] step=1880 loss=2.8312 lm=2.8307 tps=11963
2026-06-04 09:28:40,698 [WARNING] ⚠️ Step 1880 çok yavaş: 26.30s
2026-06-04 09:29:10,912 [INFO] step=1890 loss=2.8828 lm=2.8823 tps=11887
2026-06-04 09:29:10,913 [WARNING] ⚠️ Step 1890 çok yavaş: 26.20s
2026-06-04 09:29:41,291 [INFO] step=1900 loss=2.8433 lm=2.8428 tps=11812
2026-06-04 09:29:41,292 [WARNING] ⚠️ Step 1900 çok yavaş: 26.23s
2026-06-04 09:30:11,523 [INFO] step=1910 loss=2.8680 lm=2.8675 tps=11740
2026-06-04 09:30:11,524 [WARNING] ⚠️ Step 1910 çok yavaş: 26.23s
2026-06-04 09:30:41,695 [INFO] step=1920 loss=2.8865 lm=2.8860 tps=11669
2026-06-04 09:30:41,696 [WARNING] ⚠️ Step 1920 çok yavaş: 26.15s
2026-06-04 09:31:11,818 [INFO] step=1930 loss=2.8560 lm=2.8555 tps=11600
2026-06-04 09:31:11,818 [WARNING] ⚠️ Step 1930 çok yavaş: 26.11s
2026-06-04 09:31:42,026 [INFO] step=1940 loss=2.9164 lm=2.9159 tps=11532
2026-06-04 09:31:42,027 [WARNING] ⚠️ Step 1940 çok yavaş: 26.20s
2026-06-04 09:32:12,223 [INFO] step=1950 loss=2.8568 lm=2.8563 tps=11466
2026-06-04 09:32:12,224 [WARNING] ⚠️ Step 1950 çok yavaş: 26.18s
2026-06-04 09:32:42,552 [INFO] step=1960 loss=2.8562 lm=2.8557 tps=11401
2026-06-04 09:32:42,553 [WARNING] ⚠️ Step 1960 çok yavaş: 26.31s
2026-06-04 09:33:12,910 [INFO] step=1970 loss=2.8835 lm=2.8830 tps=11337
2026-06-04 09:33:12,911 [WARNING] ⚠️ Step 1970 çok yavaş: 26.36s
2026-06-04 09:33:43,109 [INFO] step=1980 loss=2.8861 lm=2.8856 tps=11275
2026-06-04 09:33:43,110 [WARNING] ⚠️ Step 1980 çok yavaş: 26.18s
2026-06-04 09:34:13,413 [INFO] step=1990 loss=2.8463 lm=2.8458 tps=11214
2026-06-04 09:34:13,414 [WARNING] ⚠️ Step 1990 çok yavaş: 26.17s
2026-06-04 09:34:50,806 [INFO] step=2000 loss=2.8710 lm=2.8705 tps=11154
2026-06-04 09:34:50,807 [WARNING] ⚠️ Step 2000 çok yavaş: 33.38s
2026-06-04 09:34:50,807 [INFO] 🧹 GPU belleği temizleniyor (step 2000)...
2026-06-04 09:34:51,164 [INFO] ✅ GPU belleği temizlendi
2026-06-04 09:35:24,792 [INFO] step=2010 loss=2.8634 lm=2.8629 tps=11055
2026-06-04 09:35:24,793 [WARNING] ⚠️ Step 2010 çok yavaş: 29.40s
2026-06-04 09:35:54,894 [INFO] step=2020 loss=2.8743 lm=2.8738 tps=10999
2026-06-04 09:35:54,895 [WARNING] ⚠️ Step 2020 çok yavaş: 26.02s
2026-06-04 09:36:25,064 [INFO] step=2030 loss=2.8336 lm=2.8331 tps=10944
2026-06-04 09:36:25,065 [WARNING] ⚠️ Step 2030 çok yavaş: 26.12s
2026-06-04 09:36:55,779 [INFO] step=2040 loss=2.8141 lm=2.8136 tps=10888
2026-06-04 09:36:55,780 [WARNING] ⚠️ Step 2040 çok yavaş: 26.64s
2026-06-04 09:37:26,201 [INFO] step=2050 loss=2.8498 lm=2.8493 tps=10834
2026-06-04 09:37:26,202 [WARNING] ⚠️ Step 2050 çok yavaş: 26.21s
2026-06-04 09:37:56,510 [INFO] step=2060 loss=2.8454 lm=2.8449 tps=10781
2026-06-04 09:37:56,511 [WARNING] ⚠️ Step 2060 çok yavaş: 26.25s
2026-06-04 09:38:26,799 [INFO] step=2070 loss=2.8627 lm=2.8622 tps=10730
2026-06-04 09:38:26,799 [WARNING] ⚠️ Step 2070 çok yavaş: 26.22s
2026-06-04 09:38:57,144 [INFO] step=2080 loss=2.8374 lm=2.8369 tps=10679
2026-06-04 09:38:57,145 [WARNING] ⚠️ Step 2080 çok yavaş: 26.28s
2026-06-04 09:39:27,382 [INFO] step=2090 loss=2.8622 lm=2.8617 tps=10629
2026-06-04 09:39:27,383 [WARNING] ⚠️ Step 2090 çok yavaş: 26.10s
2026-06-04 09:39:57,933 [INFO] step=2100 loss=2.7832 lm=2.7827 tps=10580
2026-06-04 09:39:57,934 [WARNING] ⚠️ Step 2100 çok yavaş: 26.37s
2026-06-04 09:40:28,246 [INFO] step=2110 loss=2.8736 lm=2.8731 tps=10532
2026-06-04 09:40:28,247 [WARNING] ⚠️ Step 2110 çok yavaş: 26.21s
2026-06-04 09:40:58,747 [INFO] step=2120 loss=2.8332 lm=2.8327 tps=10485
2026-06-04 09:40:58,748 [WARNING] ⚠️ Step 2120 çok yavaş: 26.43s
2026-06-04 09:41:29,055 [INFO] step=2130 loss=2.8231 lm=2.8226 tps=10439
2026-06-04 09:41:29,056 [WARNING] ⚠️ Step 2130 çok yavaş: 26.25s
2026-06-04 09:41:59,423 [INFO] step=2140 loss=2.8046 lm=2.8041 tps=10393
2026-06-04 09:41:59,424 [WARNING] ⚠️ Step 2140 çok yavaş: 26.30s
2026-06-04 09:42:29,720 [INFO] step=2150 loss=2.8393 lm=2.8388 tps=10349
2026-06-04 09:42:29,721 [WARNING] ⚠️ Step 2150 çok yavaş: 26.23s
2026-06-04 09:43:00,388 [INFO] step=2160 loss=2.8540 lm=2.8535 tps=10304
2026-06-04 09:43:00,389 [WARNING] ⚠️ Step 2160 çok yavaş: 26.60s
2026-06-04 09:43:30,879 [INFO] step=2170 loss=2.8702 lm=2.8697 tps=10261
2026-06-04 09:43:30,880 [WARNING] ⚠️ Step 2170 çok yavaş: 26.44s
2026-06-04 09:44:01,096 [INFO] step=2180 loss=2.8655 lm=2.8650 tps=10219
2026-06-04 09:44:01,097 [WARNING] ⚠️ Step 2180 çok yavaş: 26.16s
2026-06-04 09:44:31,407 [INFO] step=2190 loss=2.8300 lm=2.8295 tps=10178
2026-06-04 09:44:31,407 [WARNING] ⚠️ Step 2190 çok yavaş: 26.13s
2026-06-04 09:45:01,731 [INFO] step=2200 loss=2.8369 lm=2.8364 tps=10137
2026-06-04 09:45:01,732 [WARNING] ⚠️ Step 2200 çok yavaş: 26.26s
2026-06-04 09:45:01,732 [INFO] 🧹 GPU belleği temizleniyor (step 2200)...
2026-06-04 09:45:02,082 [INFO] ✅ GPU belleği temizlendi
2026-06-04 09:45:32,480 [INFO] step=2210 loss=2.8273 lm=2.8268 tps=10096
2026-06-04 09:45:32,481 [WARNING] ⚠️ Step 2210 çok yavaş: 26.23s
2026-06-04 09:46:02,890 [INFO] step=2220 loss=2.8210 lm=2.8205 tps=10056
2026-06-04 09:46:02,891 [WARNING] ⚠️ Step 2220 çok yavaş: 26.36s
2026-06-04 09:46:33,320 [INFO] step=2230 loss=2.8450 lm=2.8445 tps=10017
2026-06-04 09:46:33,321 [WARNING] ⚠️ Step 2230 çok yavaş: 26.38s
2026-06-04 09:47:03,456 [INFO] step=2240 loss=2.8250 lm=2.8245 tps=9979
2026-06-04 09:47:03,457 [WARNING] ⚠️ Step 2240 çok yavaş: 26.08s
2026-06-04 09:47:33,836 [INFO] step=2250 loss=2.8395 lm=2.8391 tps=9942
2026-06-04 09:47:33,838 [WARNING] ⚠️ Step 2250 çok yavaş: 26.20s
2026-06-04 09:48:04,259 [INFO] step=2260 loss=2.8793 lm=2.8788 tps=9905
2026-06-04 09:48:04,260 [WARNING] ⚠️ Step 2260 çok yavaş: 26.36s
2026-06-04 09:48:34,555 [INFO] step=2270 loss=2.8444 lm=2.8439 tps=9869
2026-06-04 09:48:34,556 [WARNING] ⚠️ Step 2270 çok yavaş: 26.24s
2026-06-04 09:49:05,171 [INFO] step=2280 loss=2.8325 lm=2.8320 tps=9832
2026-06-04 09:49:05,173 [WARNING] ⚠️ Step 2280 çok yavaş: 26.54s
2026-06-04 09:49:35,409 [INFO] step=2290 loss=2.8240 lm=2.8235 tps=9797
2026-06-04 09:49:35,410 [WARNING] ⚠️ Step 2290 çok yavaş: 26.18s
2026-06-04 09:50:05,840 [INFO] step=2300 loss=2.8366 lm=2.8361 tps=9763
2026-06-04 09:50:05,841 [WARNING] ⚠️ Step 2300 çok yavaş: 26.25s
2026-06-04 09:50:36,134 [INFO] step=2310 loss=2.8273 lm=2.8269 tps=9729
2026-06-04 09:50:36,134 [WARNING] ⚠️ Step 2310 çok yavaş: 26.22s
2026-06-04 09:51:06,418 [INFO] step=2320 loss=2.8071 lm=2.8066 tps=9695
2026-06-04 09:51:06,419 [WARNING] ⚠️ Step 2320 çok yavaş: 26.22s
2026-06-04 09:51:36,756 [INFO] step=2330 loss=2.8858 lm=2.8853 tps=9662
2026-06-04 09:51:36,757 [WARNING] ⚠️ Step 2330 çok yavaş: 26.26s
2026-06-04 09:52:07,225 [INFO] step=2340 loss=2.8596 lm=2.8591 tps=9630
2026-06-04 09:52:07,226 [WARNING] ⚠️ Step 2340 çok yavaş: 26.41s
2026-06-04 09:52:37,451 [INFO] step=2350 loss=2.8411 lm=2.8406 tps=9598
2026-06-04 09:52:37,452 [WARNING] ⚠️ Step 2350 çok yavaş: 26.18s
2026-06-04 09:53:07,857 [INFO] step=2360 loss=2.8544 lm=2.8540 tps=9566
2026-06-04 09:53:07,857 [WARNING] ⚠️ Step 2360 çok yavaş: 26.34s
2026-06-04 09:53:38,140 [INFO] step=2370 loss=2.8058 lm=2.8053 tps=9535
2026-06-04 09:53:38,141 [WARNING] ⚠️ Step 2370 çok yavaş: 26.22s
2026-06-04 09:54:08,417 [INFO] step=2380 loss=2.8211 lm=2.8206 tps=9505
2026-06-04 09:54:08,418 [WARNING] ⚠️ Step 2380 çok yavaş: 26.21s
2026-06-04 09:54:38,835 [INFO] step=2390 loss=2.8344 lm=2.8339 tps=9475
2026-06-04 09:54:38,836 [WARNING] ⚠️ Step 2390 çok yavaş: 26.23s
2026-06-04 09:55:09,229 [INFO] step=2400 loss=2.8546 lm=2.8541 tps=9445
2026-06-04 09:55:09,230 [WARNING] ⚠️ Step 2400 çok yavaş: 26.34s
2026-06-04 09:55:09,230 [INFO] 🧹 GPU belleği temizleniyor (step 2400)...
2026-06-04 09:55:09,578 [INFO] ✅ GPU belleği temizlendi
2026-06-04 09:55:40,001 [INFO] step=2410 loss=2.8495 lm=2.8490 tps=9415
2026-06-04 09:55:40,002 [WARNING] ⚠️ Step 2410 çok yavaş: 26.26s
2026-06-04 09:56:10,307 [INFO] step=2420 loss=2.8447 lm=2.8442 tps=9386
2026-06-04 09:56:10,308 [WARNING] ⚠️ Step 2420 çok yavaş: 26.24s
2026-06-04 09:56:40,577 [INFO] step=2430 loss=2.8471 lm=2.8466 tps=9357
2026-06-04 09:56:40,578 [WARNING] ⚠️ Step 2430 çok yavaş: 26.21s
2026-06-04 09:57:10,920 [INFO] step=2440 loss=2.8612 lm=2.8607 tps=9329
2026-06-04 09:57:10,921 [WARNING] ⚠️ Step 2440 çok yavaş: 26.28s
2026-06-04 09:57:41,310 [INFO] step=2450 loss=2.8312 lm=2.8308 tps=9302
2026-06-04 09:57:41,311 [WARNING] ⚠️ Step 2450 çok yavaş: 26.20s
2026-06-04 09:58:11,657 [INFO] step=2460 loss=2.8304 lm=2.8299 tps=9274
2026-06-04 09:58:11,658 [WARNING] ⚠️ Step 2460 çok yavaş: 26.29s
2026-06-04 09:58:42,098 [INFO] step=2470 loss=2.8594 lm=2.8589 tps=9247
2026-06-04 09:58:42,099 [WARNING] ⚠️ Step 2470 çok yavaş: 26.38s
2026-06-04 09:59:12,366 [INFO] step=2480 loss=2.7951 lm=2.7946 tps=9221
2026-06-04 09:59:12,367 [WARNING] ⚠️ Step 2480 çok yavaş: 26.21s
2026-06-04 09:59:42,676 [INFO] step=2490 loss=2.8375 lm=2.8371 tps=9195
2026-06-04 09:59:42,677 [WARNING] ⚠️ Step 2490 çok yavaş: 26.25s
2026-06-04 10:00:18,952 [INFO] step=2500 loss=2.8503 lm=2.8499 tps=9169
2026-06-04 10:00:18,953 [WARNING] ⚠️ Step 2500 çok yavaş: 32.09s
2026-06-04 10:00:49,472 [INFO] step=2510 loss=2.8469 lm=2.8465 tps=9131
2026-06-04 10:00:49,473 [WARNING] ⚠️ Step 2510 çok yavaş: 26.50s
2026-06-04 10:01:19,830 [INFO] step=2520 loss=2.8111 lm=2.8106 tps=9106
2026-06-04 10:01:19,831 [WARNING] ⚠️ Step 2520 çok yavaş: 26.34s
2026-06-04 10:01:50,082 [INFO] step=2530 loss=2.7953 lm=2.7948 tps=9082
2026-06-04 10:01:50,083 [WARNING] ⚠️ Step 2530 çok yavaş: 26.24s
2026-06-04 10:02:20,246 [INFO] step=2540 loss=2.8354 lm=2.8350 tps=9058
2026-06-04 10:02:20,247 [WARNING] ⚠️ Step 2540 çok yavaş: 26.02s
2026-06-04 10:02:50,813 [INFO] step=2550 loss=2.8374 lm=2.8369 tps=9034
2026-06-04 10:02:50,814 [WARNING] ⚠️ Step 2550 çok yavaş: 26.54s
2026-06-04 10:03:21,201 [INFO] step=2560 loss=2.7961 lm=2.7956 tps=9010
2026-06-04 10:03:21,202 [WARNING] ⚠️ Step 2560 çok yavaş: 26.38s
2026-06-04 10:03:51,851 [INFO] step=2570 loss=2.8022 lm=2.8018 tps=8986
2026-06-04 10:03:51,852 [WARNING] ⚠️ Step 2570 çok yavaş: 26.63s
2026-06-04 10:04:22,233 [INFO] step=2580 loss=2.8585 lm=2.8580 tps=8963
2026-06-04 10:04:22,234 [WARNING] ⚠️ Step 2580 çok yavaş: 26.37s
2026-06-04 10:04:52,585 [INFO] step=2590 loss=2.8488 lm=2.8483 tps=8940
2026-06-04 10:04:52,586 [WARNING] ⚠️ Step 2590 çok yavaş: 26.21s
2026-06-04 10:05:22,880 [INFO] step=2600 loss=2.8575 lm=2.8571 tps=8917
2026-06-04 10:05:22,881 [WARNING] ⚠️ Step 2600 çok yavaş: 26.28s
2026-06-04 10:05:22,882 [INFO] 🧹 GPU belleği temizleniyor (step 2600)...
2026-06-04 10:05:23,232 [INFO] ✅ GPU belleği temizlendi
2026-06-04 10:05:53,658 [INFO] step=2610 loss=2.8619 lm=2.8614 tps=8894
2026-06-04 10:05:53,659 [WARNING] ⚠️ Step 2610 çok yavaş: 26.30s
2026-06-04 10:06:24,000 [INFO] step=2620 loss=2.8364 lm=2.8360 tps=8873
2026-06-04 10:06:24,001 [WARNING] ⚠️ Step 2620 çok yavaş: 26.33s
2026-06-04 10:06:55,334 [INFO] step=2630 loss=2.8512 lm=2.8507 tps=8849
2026-06-04 10:06:55,335 [WARNING] ⚠️ Step 2630 çok yavaş: 27.24s
2026-06-04 10:07:25,870 [INFO] step=2640 loss=2.8616 lm=2.8612 tps=8827
2026-06-04 10:07:25,871 [WARNING] ⚠️ Step 2640 çok yavaş: 26.48s
2026-06-04 10:07:56,120 [INFO] step=2650 loss=2.8283 lm=2.8278 tps=8806
2026-06-04 10:07:56,121 [WARNING] ⚠️ Step 2650 çok yavaş: 26.11s
2026-06-04 10:08:26,392 [INFO] step=2660 loss=2.8724 lm=2.8719 tps=8786
2026-06-04 10:08:26,393 [WARNING] ⚠️ Step 2660 çok yavaş: 26.26s
2026-06-04 10:08:57,528 [INFO] step=2670 loss=2.8674 lm=2.8669 tps=8764
2026-06-04 10:08:57,529 [WARNING] ⚠️ Step 2670 çok yavaş: 27.12s
2026-06-04 10:09:28,132 [INFO] step=2680 loss=2.8557 lm=2.8553 tps=8743
2026-06-04 10:09:28,133 [WARNING] ⚠️ Step 2680 çok yavaş: 26.45s
2026-06-04 10:09:58,140 [INFO] step=2690 loss=2.8179 lm=2.8174 tps=8723
2026-06-04 10:09:58,141 [WARNING] ⚠️ Step 2690 çok yavaş: 25.98s
2026-06-04 10:10:27,936 [INFO] step=2700 loss=2.8091 lm=2.8086 tps=8705
2026-06-04 10:10:27,937 [WARNING] ⚠️ Step 2700 çok yavaş: 25.55s
2026-06-04 10:10:57,509 [INFO] step=2710 loss=2.8188 lm=2.8184 tps=8686
2026-06-04 10:10:57,510 [WARNING] ⚠️ Step 2710 çok yavaş: 25.34s
2026-06-04 10:11:27,174 [INFO] step=2720 loss=2.8151 lm=2.8146 tps=8668
2026-06-04 10:11:27,175 [WARNING] ⚠️ Step 2720 çok yavaş: 25.44s
2026-06-04 10:11:57,201 [INFO] step=2730 loss=2.8656 lm=2.8652 tps=8649
2026-06-04 10:11:57,202 [WARNING] ⚠️ Step 2730 çok yavaş: 25.94s
2026-06-04 10:12:09,654 [INFO] AI Hızlandırıcı Durumu: Active
2026-06-04 10:12:26,923 [INFO] step=2740 loss=2.8086 lm=2.8082 tps=8631
2026-06-04 10:12:26,924 [WARNING] ⚠️ Step 2740 çok yavaş: 25.48s
2026-06-04 10:12:56,417 [INFO] step=2750 loss=2.8333 lm=2.8329 tps=8614
2026-06-04 10:12:56,418 [WARNING] ⚠️ Step 2750 çok yavaş: 25.27s
2026-06-04 10:13:26,060 [INFO] step=2760 loss=2.8236 lm=2.8231 tps=8597
2026-06-04 10:13:26,061 [WARNING] ⚠️ Step 2760 çok yavaş: 25.56s
2026-06-04 10:13:55,713 [INFO] step=2770 loss=2.8559 lm=2.8554 tps=8579
2026-06-04 10:13:55,714 [WARNING] ⚠️ Step 2770 çok yavaş: 25.46s
2026-06-04 10:14:03,210 [INFO] Eğitim durduruldu, GPU belleği temizleniyor...
2026-06-04 10:14:03,566 [INFO] GPU belleği temizlendi.
2026-06-04 10:14:14,457 [INFO] AI Hızlandırıcı Durumu: Active
2026-06-04 10:14:37,212 [INFO] Streaming dataset hazır: C:\Users\Administrator\Desktop\OTOYA\data_archive\eita_dataset.chatml.tokens.bin (87614005 token, prefetch=8, EFT=False, batch_size=64)
2026-06-04 10:14:37,961 [INFO] Backend hazır: CL
2026-06-04 10:14:37,961 [INFO] Backend tuning: CACHELEVEL=3 fast_math=on
2026-06-04 10:14:37,962 [INFO] AI Hızlandırıcılar: Vulkan (Direct) - Active
2026-06-04 10:14:37,962 [INFO] ✅ Doğrudan AI hızlandırıcı erişimi aktif (128 hızlandırıcı)
2026-06-04 10:14:38,047 [INFO] ✅ UltraWNN tekrar aktif (tinygrad, maksimum hiz modu)
2026-06-04 10:14:38,047 [INFO] ✅ UltraHybrid aktif (UltraWNN + hafif global memory izi)
2026-06-04 10:14:38,411 [INFO] ℹ️ JIT kapali — stabil eager yol kullaniliyor (49.7M). Force JIT ile test edebilirsin.
2026-06-04 10:14:38,411 [INFO] Cekirdek hazirlaniyor...
2026-06-04 10:14:40,259 [INFO] Eğitim durduruldu, GPU belleği temizleniyor...
2026-06-04 10:14:40,385 [INFO] GPU belleği temizlendi.
2026-06-04 10:14:40,808 [INFO] Eğitim durduruldu, GPU belleği temizleniyor...
2026-06-04 10:14:40,951 [INFO] GPU belleği temizlendi.
2026-06-04 10:14:41,532 [INFO] Eğitim durduruldu, GPU belleği temizleniyor...
2026-06-04 10:14:41,673 [INFO] GPU belleği temizlendi.
2026-06-04 10:14:42,058 [INFO] Eğitim durduruldu, GPU belleği temizleniyor...
2026-06-04 10:14:42,127 [INFO] GPU belleği temizlendi.
2026-06-04 10:14:42,473 [INFO] Eğitim durduruldu, GPU belleği temizleniyor...
2026-06-04 10:14:42,584 [INFO] GPU belleği temizlendi.
2026-06-04 10:14:43,166 [INFO] Eğitim durduruldu, GPU belleği temizleniyor...
2026-06-04 10:14:43,293 [INFO] GPU belleği temizlendi.
2026-06-04 10:14:43,720 [INFO] Eğitim durduruldu, GPU belleği temizleniyor...
2026-06-04 10:14:43,845 [INFO] GPU belleği temizlendi.
2026-06-04 10:14:44,317 [INFO] Eğitim durduruldu, GPU belleği temizleniyor...
2026-06-04 10:14:44,445 [INFO] GPU belleği temizlendi.
2026-06-04 10:14:45,042 [INFO] Eğitim durduruldu, GPU belleği temizleniyor...
2026-06-04 10:14:45,151 [INFO] GPU belleği temizlendi.
2026-06-04 10:14:45,155 [INFO] Eğitim durduruldu, GPU belleği temizleniyor...
2026-06-04 10:14:45,224 [INFO] GPU belleği temizlendi.
2026-06-04 10:14:45,226 [INFO] Eğitim durduruldu, GPU belleği temizleniyor...
2026-06-04 10:14:45,292 [INFO] GPU belleği temizlendi.
2026-06-04 10:14:45,299 [INFO] Eğitim durduruldu, GPU belleği temizleniyor...
2026-06-04 10:14:45,368 [INFO] GPU belleği temizlendi.
2026-06-04 10:14:45,369 [INFO] Eğitim durduruldu, GPU belleği temizleniyor...
2026-06-04 10:14:45,436 [INFO] GPU belleği temizlendi.
2026-06-04 10:14:45,444 [INFO] Eğitim durduruldu, GPU belleği temizleniyor...
2026-06-04 10:14:45,514 [INFO] GPU belleği temizlendi.
2026-06-04 10:14:45,514 [INFO] Eğitim durduruldu, GPU belleği temizleniyor...
2026-06-04 10:14:45,581 [INFO] GPU belleği temizlendi.
2026-06-04 10:14:45,590 [INFO] Eğitim durduruldu, GPU belleği temizleniyor...
2026-06-04 10:14:45,662 [INFO] GPU belleği temizlendi.
2026-06-04 10:14:45,666 [INFO] Eğitim durduruldu, GPU belleği temizleniyor...
2026-06-04 10:14:45,735 [INFO] GPU belleği temizlendi.
2026-06-04 10:14:45,744 [INFO] Eğitim durduruldu, GPU belleği temizleniyor...
2026-06-04 10:14:45,816 [INFO] GPU belleği temizlendi.
2026-06-04 10:14:45,817 [INFO] Eğitim durduruldu, GPU belleği temizleniyor...
2026-06-04 10:14:45,885 [INFO] GPU belleği temizlendi.
2026-06-04 10:14:45,899 [INFO] Eğitim durduruldu, GPU belleği temizleniyor...
2026-06-04 10:14:45,974 [INFO] GPU belleği temizlendi.
2026-06-04 10:14:46,289 [INFO] Warmup tamamlandı.
2026-06-04 10:14:49,189 [INFO] Streaming dataset hazır: C:\Users\Administrator\Desktop\OTOYA\data_archive\eita_dataset.chatml.tokens.bin (87614005 token, prefetch=8, EFT=False, batch_size=64)
2026-06-04 10:14:49,191 [INFO] Backend hazır: CL
2026-06-04 10:14:49,192 [INFO] Backend tuning: CACHELEVEL=3 fast_math=on
2026-06-04 10:14:49,192 [INFO] AI Hızlandırıcılar: Vulkan (Direct) - Active
2026-06-04 10:14:49,192 [INFO] ✅ Doğrudan AI hızlandırıcı erişimi aktif (128 hızlandırıcı)
2026-06-04 10:14:49,653 [INFO] ℹ️ JIT kapali — stabil eager yol kullaniliyor (49.7M). Force JIT ile test edebilirsin.
2026-06-04 10:14:49,653 [INFO] Cekirdek hazirlaniyor...
2026-06-04 10:14:50,585 [INFO] Warmup tamamlandı.
2026-06-04 10:14:50,585 [INFO] 🔄 Faz geçişi: -1 -> 1
2026-06-04 10:14:50,585 [INFO] Faz 1 — strength=0.000 [ULTRA_HYBRID]
2026-06-04 10:15:03,406 [INFO] step=1 loss=19.2526 lm=19.2526 tps=1278
2026-06-04 10:15:03,407 [INFO]   ↳ RAW: loss=19.252600 lm_loss=19.252600 lr=3.00e-04 phase=1
2026-06-04 10:15:03,407 [WARNING] ⚠️ Step 1 çok yavaş: 12.82s
2026-06-04 10:15:31,237 [INFO] step=10 loss=3.0963 lm=3.0963 tps=4030
2026-06-04 10:15:31,237 [INFO]   ↳ RAW: loss=3.096324 lm_loss=3.096324 lr=3.00e-04 phase=1
2026-06-04 10:15:36,408 [INFO] Eğitim durduruldu, GPU belleği temizleniyor...
2026-06-04 10:15:36,728 [INFO] GPU belleği temizlendi.
2026-06-04 10:15:42,596 [INFO] Streaming dataset hazır: C:\Users\Administrator\Desktop\OTOYA\data_archive\eita_dataset.chatml.tokens.bin (87614005 token, prefetch=8, EFT=False, batch_size=64)
2026-06-04 10:15:42,599 [INFO] Backend hazır: CL
2026-06-04 10:15:42,599 [INFO] Backend tuning: CACHELEVEL=3 fast_math=on
2026-06-04 10:15:42,599 [INFO] AI Hızlandırıcılar: Vulkan (Direct) - Active
2026-06-04 10:15:42,599 [INFO] ✅ Doğrudan AI hızlandırıcı erişimi aktif (128 hızlandırıcı)
2026-06-04 10:15:43,060 [INFO] ℹ️ JIT kapali — stabil eager yol kullaniliyor (49.7M). Force JIT ile test edebilirsin.
2026-06-04 10:15:43,061 [INFO] Cekirdek hazirlaniyor...
2026-06-04 10:15:44,031 [INFO] Warmup tamamlandı.
2026-06-04 10:15:44,031 [INFO] 🔄 Faz geçişi: -1 -> 1
2026-06-04 10:15:44,031 [INFO] Faz 1 — strength=0.000 [ULTRA_WNN]
2026-06-04 10:15:46,353 [INFO] step=1 loss=19.1743 lm=19.1743 tps=7056
2026-06-04 10:15:46,353 [INFO]   ↳ RAW: loss=19.174343 lm_loss=19.174343 lr=3.00e-04 phase=1
2026-06-04 10:16:04,255 [INFO] step=10 loss=3.0948 lm=3.0948 tps=8101
2026-06-04 10:16:04,255 [INFO]   ↳ RAW: loss=3.094825 lm_loss=3.094825 lr=3.00e-04 phase=1
2026-06-04 10:16:24,196 [INFO] step=20 loss=2.7467 lm=2.7467 tps=8158
2026-06-04 10:16:44,104 [INFO] step=30 loss=2.6226 lm=2.6226 tps=8182
2026-06-04 10:17:04,108 [INFO] step=40 loss=2.4476 lm=2.4476 tps=8184
2026-06-04 10:17:24,209 [INFO] step=50 loss=2.3066 lm=2.3066 tps=8177
2026-06-04 10:17:44,155 [INFO] step=60 loss=2.1511 lm=2.1511 tps=8184
2026-06-04 10:18:04,244 [INFO] step=70 loss=2.0011 lm=2.0011 tps=8180
2026-06-04 10:18:24,342 [INFO] step=80 loss=1.9548 lm=1.9548 tps=8176
2026-06-04 10:18:44,517 [INFO] step=90 loss=1.9564 lm=1.9564 tps=8170
2026-06-04 10:19:04,553 [INFO] step=100 loss=1.9177 lm=1.9177 tps=8171
2026-06-04 10:19:24,621 [INFO] step=110 loss=1.7561 lm=1.7561 tps=8170
2026-06-04 10:19:45,061 [INFO] step=120 loss=1.7367 lm=1.7367 tps=8157
2026-06-04 10:20:05,186 [INFO] step=130 loss=1.7340 lm=1.7340 tps=8156
2026-06-04 10:20:25,583 [INFO] step=140 loss=1.6891 lm=1.6891 tps=8147
2026-06-04 10:20:46,268 [INFO] step=150 loss=1.6257 lm=1.6257 tps=8131
2026-06-04 10:20:46,268 [INFO] 🔄 Faz geçişi: 1 -> 2
2026-06-04 10:20:46,270 [INFO] Faz 2 — strength=0.008 [ULTRA_WNN]
2026-06-04 10:21:15,505 [INFO] step=160 loss=1.6086 lm=1.6075 tps=7908
2026-06-04 10:21:38,276 [INFO] step=170 loss=1.6581 lm=1.6571 tps=7863
2026-06-04 10:22:01,534 [INFO] step=180 loss=1.5226 lm=1.5215 tps=7812
2026-06-04 10:22:25,222 [INFO] step=190 loss=1.5505 lm=1.5495 tps=7759
2026-06-04 10:22:49,442 [INFO] step=200 loss=1.6660 lm=1.6650 tps=7703
2026-06-04 10:22:49,442 [INFO] 🧹 GPU belleği temizleniyor (step 200)...
2026-06-04 10:22:49,788 [INFO] ✅ GPU belleği temizlendi
2026-06-04 10:23:14,378 [INFO] step=210 loss=1.4166 lm=1.4156 tps=7640
2026-06-04 10:23:39,902 [INFO] step=220 loss=1.4973 lm=1.4963 tps=7574
2026-06-04 10:24:07,357 [INFO] step=230 loss=1.4555 lm=1.4546 tps=7487
2026-06-04 10:24:35,874 [INFO] step=240 loss=1.4514 lm=1.4504 tps=7393
2026-06-04 10:25:05,017 [INFO] step=250 loss=1.4276 lm=1.4266 tps=7301
2026-06-04 10:25:35,621 [INFO] step=260 loss=1.3983 lm=1.3974 tps=7201
2026-06-04 10:26:06,682 [INFO] step=270 loss=1.5074 lm=1.5065 tps=7105
2026-06-04 10:26:38,531 [INFO] step=280 loss=1.3436 lm=1.3427 tps=7009
2026-06-04 10:27:11,570 [INFO] step=290 loss=1.4461 lm=1.4451 tps=6911
2026-06-04 10:27:45,349 [INFO] step=300 loss=1.2868 lm=1.2859 tps=6814
2026-06-04 10:28:20,243 [INFO] step=310 loss=1.3034 lm=1.3026 tps=6716
2026-06-04 10:28:55,858 [INFO] step=320 loss=1.4361 lm=1.4352 tps=6621
2026-06-04 10:29:32,401 [INFO] step=330 loss=1.4366 lm=1.4357 tps=6527
2026-06-04 10:30:10,107 [INFO] step=340 loss=1.3413 lm=1.3404 tps=6432
2026-06-04 10:30:49,267 [INFO] step=350 loss=1.2642 lm=1.2633 tps=6335
2026-06-04 10:30:49,267 [INFO] 🔄 Faz geçişi: 2 -> 3
2026-06-04 10:30:49,267 [INFO] 🧹 Faz geçişi öncesi GPU belleği temizleniyor...
2026-06-04 10:30:50,131 [INFO] ✅ GPU belleği temizlendi
2026-06-04 10:30:50,132 [INFO] Faz 3 — strength=1.000 [ULTRA_WNN]
2026-06-04 10:31:36,998 [INFO] step=360 loss=1.1706 lm=1.1692 tps=6189
2026-06-04 10:32:19,435 [INFO] step=370 loss=1.1939 lm=1.1925 tps=6090
2026-06-04 10:32:43,747 [INFO] Eğitim durduruldu, GPU belleği temizleniyor...
2026-06-04 10:32:44,254 [INFO] GPU belleği temizlendi.
2026-06-04 10:32:44,462 [INFO] Eğitim durduruldu, GPU belleği temizleniyor...
2026-06-04 10:32:44,895 [INFO] GPU belleği temizlendi.
2026-06-04 10:32:45,148 [INFO] Eğitim durduruldu, GPU belleği temizleniyor...
2026-06-04 10:32:45,666 [INFO] GPU belleği temizlendi.
2026-06-04 10:32:45,919 [INFO] Eğitim durduruldu, GPU belleği temizleniyor...
2026-06-04 10:32:46,360 [INFO] GPU belleği temizlendi.
2026-06-04 10:34:27,712 [INFO] AI Hızlandırıcı Durumu: Active
2026-06-04 10:34:50,802 [INFO] Streaming dataset hazır: C:\Users\Administrator\Desktop\OTOYA\data_archive\eita_dataset.chatml.tokens.bin (87614005 token, prefetch=8, EFT=False, batch_size=32)
2026-06-04 10:34:51,538 [INFO] Backend hazır: CL
2026-06-04 10:34:51,538 [INFO] Backend tuning: CACHELEVEL=3 fast_math=on
2026-06-04 10:34:51,538 [INFO] AI Hızlandırıcılar: Vulkan (Direct) - Active
2026-06-04 10:34:51,538 [INFO] ✅ Doğrudan AI hızlandırıcı erişimi aktif (128 hızlandırıcı)
2026-06-04 10:34:51,622 [INFO] ✅ UltraWNN tekrar aktif (tinygrad, maksimum hiz modu)
2026-06-04 10:34:51,981 [INFO] ✅ Force JIT aktif (49.7M) — deneysel JIT yolu kullanılıyor.
2026-06-04 10:34:51,981 [INFO] Cekirdek hazirlaniyor...
2026-06-04 10:35:02,238 [INFO] 🧩 ScalableJIT: 4 blok sarmalandi (period=3, tinyjit=on)
2026-06-04 10:35:02,238 [INFO] Warmup tamamlandı.
2026-06-04 10:35:02,239 [INFO] 🔄 Faz geçişi: -1 -> 1
2026-06-04 10:35:02,239 [INFO] 🧩 ScalableJIT: 4 blok sarmalandi (period=3, tinyjit=on)
2026-06-04 10:35:02,239 [INFO] Faz 1 — strength=0.000 [ULTRA_WNN JIT]
2026-06-04 10:35:25,990 [INFO] step=1 loss=19.2842 lm=19.2842 tps=345
2026-06-04 10:35:25,990 [INFO]   ↳ RAW: loss=19.284212 lm_loss=19.284212 lr=3.00e-04 phase=1
2026-06-04 10:35:25,990 [WARNING] ⚠️ Step 1 çok yavaş: 23.75s
2026-06-04 10:35:38,045 [INFO] step=10 loss=10.2247 lm=10.2247 tps=2288
2026-06-04 10:35:38,045 [INFO]   ↳ RAW: loss=10.224729 lm_loss=10.224729 lr=3.00e-04 phase=1
2026-06-04 10:35:42,324 [INFO] step=20 loss=9.2075 lm=9.2075 tps=4087
2026-06-04 10:35:46,592 [INFO] step=30 loss=8.2188 lm=8.2188 tps=5541
2026-06-04 10:35:50,880 [INFO] step=40 loss=7.3194 lm=7.3194 tps=6737
2026-06-04 10:35:55,168 [INFO] step=50 loss=6.6490 lm=6.6490 tps=7739
2026-06-04 10:35:59,460 [INFO] step=60 loss=6.0602 lm=6.0602 tps=8590
2026-06-04 10:36:03,745 [INFO] step=70 loss=5.5670 lm=5.5670 tps=9323
2026-06-04 10:36:08,030 [INFO] step=80 loss=5.0811 lm=5.0811 tps=9961
2026-06-04 10:36:12,328 [INFO] step=90 loss=4.8311 lm=4.8311 tps=10519
2026-06-04 10:36:16,620 [INFO] step=100 loss=4.4305 lm=4.4305 tps=11013
2026-06-04 10:36:20,914 [INFO] step=110 loss=4.2371 lm=4.2371 tps=11454
2026-06-04 10:36:25,213 [INFO] step=120 loss=4.0600 lm=4.0600 tps=11848
2026-06-04 10:36:29,504 [INFO] step=130 loss=3.9247 lm=3.9247 tps=12204
2026-06-04 10:36:33,793 [INFO] step=140 loss=3.8310 lm=3.8310 tps=12527
2026-06-04 10:36:38,091 [INFO] step=150 loss=3.7610 lm=3.7610 tps=12820
2026-06-04 10:36:42,389 [INFO] step=160 loss=3.6299 lm=3.6299 tps=13088
2026-06-04 10:36:46,682 [INFO] step=170 loss=3.5434 lm=3.5434 tps=13334
2026-06-04 10:36:50,980 [INFO] step=180 loss=3.5421 lm=3.5421 tps=13560
2026-06-04 10:36:55,277 [INFO] step=190 loss=3.4836 lm=3.4836 tps=13769
2026-06-04 10:36:59,573 [INFO] step=200 loss=3.4375 lm=3.4375 tps=13964
2026-06-04 10:36:59,573 [INFO] 🧹 GPU belleği temizleniyor (step 200)...
2026-06-04 10:36:59,756 [INFO] ✅ GPU belleği temizlendi
2026-06-04 10:37:04,043 [INFO] step=210 loss=3.4305 lm=3.4305 tps=14124
2026-06-04 10:37:08,340 [INFO] step=220 loss=3.4123 lm=3.4123 tps=14292
2026-06-04 10:37:12,641 [INFO] step=230 loss=3.3874 lm=3.3874 tps=14449
2026-06-04 10:37:16,939 [INFO] step=240 loss=3.2949 lm=3.2949 tps=14596
2026-06-04 10:37:21,250 [INFO] step=250 loss=3.2708 lm=3.2708 tps=14733
2026-06-04 10:37:25,559 [INFO] step=260 loss=3.2911 lm=3.2911 tps=14861
2026-06-04 10:37:29,861 [INFO] step=270 loss=3.3010 lm=3.3010 tps=14983
2026-06-04 10:37:34,156 [INFO] step=280 loss=3.1804 lm=3.1804 tps=15099
2026-06-04 10:37:38,459 [INFO] step=290 loss=3.1903 lm=3.1903 tps=15207
2026-06-04 10:37:42,756 [INFO] step=300 loss=3.1661 lm=3.1661 tps=15310
2026-06-04 10:37:47,054 [INFO] step=310 loss=3.2000 lm=3.2000 tps=15408
2026-06-04 10:37:51,357 [INFO] step=320 loss=3.1597 lm=3.1597 tps=15501
2026-06-04 10:37:55,657 [INFO] step=330 loss=3.1964 lm=3.1964 tps=15589
2026-06-04 10:37:59,960 [INFO] step=340 loss=3.2476 lm=3.2476 tps=15672
2026-06-04 10:38:04,262 [INFO] step=350 loss=3.1500 lm=3.1500 tps=15752
2026-06-04 10:38:08,558 [INFO] step=360 loss=3.1090 lm=3.1090 tps=15828
2026-06-04 10:38:12,862 [INFO] step=370 loss=3.1227 lm=3.1227 tps=15901
2026-06-04 10:38:17,163 [INFO] step=380 loss=3.0726 lm=3.0726 tps=15970
2026-06-04 10:38:21,461 [INFO] step=390 loss=3.1349 lm=3.1349 tps=16037
2026-06-04 10:38:25,765 [INFO] step=400 loss=3.1370 lm=3.1370 tps=16100
2026-06-04 10:38:25,765 [INFO] 🧹 GPU belleği temizleniyor (step 400)...
2026-06-04 10:38:25,996 [INFO] ✅ GPU belleği temizlendi
2026-06-04 10:38:30,288 [INFO] step=410 loss=3.0951 lm=3.0951 tps=16144
2026-06-04 10:38:34,586 [INFO] step=420 loss=3.1091 lm=3.1091 tps=16203
2026-06-04 10:38:38,887 [INFO] step=430 loss=3.1363 lm=3.1363 tps=16259
2026-06-04 10:38:43,186 [INFO] step=440 loss=3.0346 lm=3.0346 tps=16314
2026-06-04 10:38:47,492 [INFO] step=450 loss=3.0349 lm=3.0349 tps=16366
2026-06-04 10:38:51,793 [INFO] step=460 loss=3.0084 lm=3.0084 tps=16416
2026-06-04 10:38:56,096 [INFO] step=470 loss=3.1182 lm=3.1182 tps=16464
2026-06-04 10:39:00,395 [INFO] step=480 loss=3.0856 lm=3.0856 tps=16511
2026-06-04 10:39:04,698 [INFO] step=490 loss=3.1010 lm=3.1010 tps=16556
2026-06-04 10:39:12,412 [INFO] step=500 loss=3.1531 lm=3.1531 tps=16599
2026-06-04 10:39:16,700 [INFO] step=510 loss=3.1013 lm=3.1013 tps=16419
2026-06-04 10:39:21,004 [INFO] step=520 loss=3.0294 lm=3.0294 tps=16462
2026-06-04 10:39:25,305 [INFO] step=530 loss=3.0207 lm=3.0207 tps=16504
2026-06-04 10:39:29,600 [INFO] step=540 loss=3.0096 lm=3.0096 tps=16546
2026-06-04 10:39:33,900 [INFO] step=550 loss=3.0128 lm=3.0128 tps=16585
2026-06-04 10:39:38,197 [INFO] step=560 loss=3.0060 lm=3.0060 tps=16624
2026-06-04 10:39:42,497 [INFO] step=570 loss=3.0278 lm=3.0278 tps=16661
2026-06-04 10:39:46,802 [INFO] step=580 loss=2.9835 lm=2.9835 tps=16697
2026-06-04 10:39:51,104 [INFO] step=590 loss=3.0750 lm=3.0750 tps=16732
2026-06-04 10:39:55,408 [INFO] step=600 loss=3.0038 lm=3.0038 tps=16766
2026-06-04 10:39:55,408 [INFO] 🧹 GPU belleği temizleniyor (step 600)...
2026-06-04 10:39:55,607 [INFO] ✅ GPU belleği temizlendi
2026-06-04 10:40:00,155 [INFO] step=610 loss=3.0184 lm=3.0184 tps=16774
2026-06-04 10:40:04,458 [INFO] step=620 loss=3.0734 lm=3.0734 tps=16806
2026-06-04 10:40:08,758 [INFO] step=630 loss=3.1337 lm=3.1337 tps=16837
2026-06-04 10:40:13,059 [INFO] step=640 loss=3.0282 lm=3.0282 tps=16868
2026-06-04 10:40:17,360 [INFO] step=650 loss=3.0273 lm=3.0273 tps=16898
2026-06-04 10:40:21,670 [INFO] step=660 loss=3.0428 lm=3.0428 tps=16926
2026-06-04 10:40:25,967 [INFO] step=670 loss=2.9888 lm=2.9888 tps=16954
2026-06-04 10:40:30,272 [INFO] step=680 loss=2.9998 lm=2.9998 tps=16982
2026-06-04 10:40:34,577 [INFO] step=690 loss=3.0503 lm=3.0503 tps=17008
2026-06-04 10:40:38,886 [INFO] step=700 loss=3.0047 lm=3.0047 tps=17034
2026-06-04 10:40:43,176 [INFO] step=710 loss=3.0152 lm=3.0152 tps=17060
2026-06-04 10:40:47,425 [INFO] step=720 loss=2.9755 lm=2.9755 tps=17087
2026-06-04 10:40:51,643 [INFO] step=730 loss=3.0409 lm=3.0409 tps=17115
2026-06-04 10:40:55,859 [INFO] step=740 loss=2.9746 lm=2.9746 tps=17143
2026-06-04 10:41:00,073 [INFO] step=750 loss=3.0370 lm=3.0370 tps=17170
2026-06-04 10:41:04,287 [INFO] step=760 loss=3.0263 lm=3.0263 tps=17196
2026-06-04 10:41:08,500 [INFO] step=770 loss=3.0026 lm=3.0026 tps=17222
2026-06-04 10:41:12,710 [INFO] step=780 loss=2.9710 lm=2.9710 tps=17248
2026-06-04 10:41:16,923 [INFO] step=790 loss=2.9687 lm=2.9687 tps=17272
2026-06-04 10:41:21,139 [INFO] step=800 loss=3.0366 lm=3.0366 tps=17296
2026-06-04 10:41:21,140 [INFO] 🧹 GPU belleği temizleniyor (step 800)...
2026-06-04 10:41:21,385 [INFO] ✅ GPU belleği temizlendi
2026-06-04 10:41:25,592 [INFO] step=810 loss=3.0440 lm=3.0440 tps=17309
2026-06-04 10:41:29,803 [INFO] step=820 loss=3.0418 lm=3.0418 tps=17332
2026-06-04 10:41:34,011 [INFO] step=830 loss=2.9809 lm=2.9809 tps=17355
2026-06-04 10:41:38,227 [INFO] step=840 loss=2.9971 lm=2.9971 tps=17377
2026-06-04 10:41:42,435 [INFO] step=850 loss=3.0022 lm=3.0022 tps=17399
2026-06-04 10:41:46,649 [INFO] step=860 loss=2.9446 lm=2.9446 tps=17421
2026-06-04 10:41:50,862 [INFO] step=870 loss=2.9814 lm=2.9814 tps=17442
2026-06-04 10:41:55,081 [INFO] step=880 loss=2.9976 lm=2.9976 tps=17462
2026-06-04 10:41:59,299 [INFO] step=890 loss=2.9964 lm=2.9964 tps=17482
2026-06-04 10:42:03,515 [INFO] step=900 loss=2.9603 lm=2.9603 tps=17501
2026-06-04 10:42:07,727 [INFO] step=910 loss=2.9921 lm=2.9921 tps=17520
2026-06-04 10:42:11,945 [INFO] step=920 loss=3.0230 lm=3.0230 tps=17539
2026-06-04 10:42:16,165 [INFO] step=930 loss=3.0015 lm=3.0015 tps=17557
2026-06-04 10:42:20,380 [INFO] step=940 loss=2.9712 lm=2.9712 tps=17575
2026-06-04 10:42:24,594 [INFO] step=950 loss=3.0324 lm=3.0324 tps=17593
2026-06-04 10:42:28,812 [INFO] step=960 loss=2.9605 lm=2.9605 tps=17610
2026-06-04 10:42:33,029 [INFO] step=970 loss=3.0112 lm=3.0112 tps=17627
2026-06-04 10:42:37,244 [INFO] step=980 loss=2.9629 lm=2.9629 tps=17644
2026-06-04 10:42:41,465 [INFO] step=990 loss=2.9933 lm=2.9933 tps=17660
2026-06-04 10:42:47,934 [INFO] step=1000 loss=2.9928 lm=2.9928 tps=17676
2026-06-04 10:42:47,935 [INFO] 🧹 GPU belleği temizleniyor (step 1000)...
2026-06-04 10:42:48,132 [INFO] ✅ GPU belleği temizlendi
2026-06-04 10:42:52,341 [INFO] step=1010 loss=3.0072 lm=3.0072 tps=17600
2026-06-04 10:42:56,554 [INFO] step=1020 loss=2.9677 lm=2.9677 tps=17617
2026-06-04 10:43:00,762 [INFO] step=1030 loss=2.9700 lm=2.9700 tps=17633
2026-06-04 10:43:04,975 [INFO] step=1040 loss=2.9431 lm=2.9431 tps=17649
2026-06-04 10:43:09,181 [INFO] step=1050 loss=2.9792 lm=2.9792 tps=17664
2026-06-04 10:43:13,393 [INFO] step=1060 loss=3.0158 lm=3.0158 tps=17680
2026-06-04 10:43:17,609 [INFO] step=1070 loss=3.0310 lm=3.0310 tps=17695
2026-06-04 10:43:21,822 [INFO] step=1080 loss=2.9539 lm=2.9539 tps=17709
2026-06-04 10:43:26,031 [INFO] step=1090 loss=2.9670 lm=2.9670 tps=17724
2026-06-04 10:43:30,245 [INFO] step=1100 loss=2.9953 lm=2.9953 tps=17738
2026-06-04 10:43:34,454 [INFO] step=1110 loss=3.0017 lm=3.0017 tps=17753
2026-06-04 10:43:38,670 [INFO] step=1120 loss=2.9720 lm=2.9720 tps=17766
2026-06-04 10:43:42,883 [INFO] step=1130 loss=2.9642 lm=2.9642 tps=17780
2026-06-04 10:43:47,096 [INFO] step=1140 loss=3.0055 lm=3.0055 tps=17793
2026-06-04 10:43:51,317 [INFO] step=1150 loss=3.0249 lm=3.0249 tps=17806
2026-06-04 10:43:55,532 [INFO] step=1160 loss=2.9893 lm=2.9893 tps=17819
2026-06-04 10:43:59,745 [INFO] step=1170 loss=2.9703 lm=2.9703 tps=17832
2026-06-04 10:44:03,960 [INFO] step=1180 loss=3.0046 lm=3.0046 tps=17844
2026-06-04 10:44:08,167 [INFO] step=1190 loss=2.9865 lm=2.9865 tps=17857
2026-06-04 10:44:12,381 [INFO] step=1200 loss=2.9660 lm=2.9660 tps=17869
2026-06-04 10:44:12,381 [INFO] 🧹 GPU belleği temizleniyor (step 1200)...
2026-06-04 10:44:12,628 [INFO] ✅ GPU belleği temizlendi
2026-06-04 10:44:16,834 [INFO] step=1210 loss=3.0048 lm=3.0048 tps=17873
2026-06-04 10:44:21,051 [INFO] step=1220 loss=2.9698 lm=2.9698 tps=17885
2026-06-04 10:44:25,266 [INFO] step=1230 loss=2.9876 lm=2.9876 tps=17896
2026-06-04 10:44:29,484 [INFO] step=1240 loss=3.0860 lm=3.0860 tps=17908
2026-06-04 10:44:33,698 [INFO] step=1250 loss=3.0282 lm=3.0282 tps=17919
2026-06-04 10:44:37,917 [INFO] step=1260 loss=2.9963 lm=2.9963 tps=17930
2026-06-04 10:44:42,132 [INFO] step=1270 loss=3.0336 lm=3.0336 tps=17941
2026-06-04 10:44:46,350 [INFO] step=1280 loss=3.0227 lm=3.0227 tps=17952
2026-06-04 10:44:50,566 [INFO] step=1290 loss=2.9693 lm=2.9693 tps=17962
2026-06-04 10:44:54,781 [INFO] step=1300 loss=3.0189 lm=3.0189 tps=17973
2026-06-04 10:44:58,995 [INFO] step=1310 loss=2.9725 lm=2.9725 tps=17983
2026-06-04 10:45:03,208 [INFO] step=1320 loss=3.0029 lm=3.0029 tps=17993
2026-06-04 10:45:07,415 [INFO] step=1330 loss=2.9593 lm=2.9593 tps=18004
2026-06-04 10:45:11,634 [INFO] step=1340 loss=3.0079 lm=3.0079 tps=18013
2026-06-04 10:45:15,855 [INFO] step=1350 loss=3.0322 lm=3.0322 tps=18023
2026-06-04 10:45:20,069 [INFO] step=1360 loss=3.0223 lm=3.0223 tps=18033
2026-06-04 10:45:24,281 [INFO] step=1370 loss=3.0435 lm=3.0435 tps=18042
2026-06-04 10:45:28,491 [INFO] step=1380 loss=3.0560 lm=3.0560 tps=18052
2026-06-04 10:45:32,704 [INFO] step=1390 loss=3.0035 lm=3.0035 tps=18061
2026-06-04 10:45:36,917 [INFO] step=1400 loss=2.9634 lm=2.9634 tps=18070
2026-06-04 10:45:36,917 [INFO] 🧹 GPU belleği temizleniyor (step 1400)...
2026-06-04 10:45:37,165 [INFO] ✅ GPU belleği temizlendi
2026-06-04 10:45:41,368 [INFO] step=1410 loss=2.9856 lm=2.9856 tps=18073
2026-06-04 10:45:45,583 [INFO] step=1420 loss=2.9850 lm=2.9850 tps=18082
2026-06-04 10:45:49,790 [INFO] step=1430 loss=3.0204 lm=3.0204 tps=18091
2026-06-04 10:45:54,009 [INFO] step=1440 loss=3.0386 lm=3.0386 tps=18099
2026-06-04 10:45:58,214 [INFO] step=1450 loss=3.0334 lm=3.0334 tps=18108
2026-06-04 10:46:02,429 [INFO] step=1460 loss=3.0077 lm=3.0077 tps=18116
2026-06-04 10:46:06,649 [INFO] step=1470 loss=3.0670 lm=3.0670 tps=18125
2026-06-04 10:46:10,858 [INFO] step=1480 loss=2.9559 lm=2.9559 tps=18133
2026-06-04 10:46:15,072 [INFO] step=1490 loss=3.0904 lm=3.0904 tps=18141
2026-06-04 10:46:21,500 [INFO] step=1500 loss=3.0569 lm=3.0569 tps=18149
2026-06-04 10:46:25,707 [INFO] step=1510 loss=2.9995 lm=2.9995 tps=18099
2026-06-04 10:46:29,927 [INFO] step=1520 loss=3.0314 lm=3.0314 tps=18107
2026-06-04 10:46:34,145 [INFO] step=1530 loss=3.0453 lm=3.0453 tps=18115
2026-06-04 10:46:38,355 [INFO] step=1540 loss=2.9996 lm=2.9996 tps=18123
2026-06-04 10:46:42,571 [INFO] step=1550 loss=3.0133 lm=3.0133 tps=18131
2026-06-04 10:46:46,782 [INFO] step=1560 loss=3.0388 lm=3.0388 tps=18139
2026-06-04 10:46:50,994 [INFO] step=1570 loss=3.0730 lm=3.0730 tps=18147
2026-06-04 10:46:55,216 [INFO] step=1580 loss=3.0059 lm=3.0059 tps=18154
2026-06-04 10:46:59,440 [INFO] step=1590 loss=2.9784 lm=2.9784 tps=18161
2026-06-04 10:47:03,651 [INFO] step=1600 loss=3.0527 lm=3.0527 tps=18169
2026-06-04 10:47:03,651 [INFO] 🧹 GPU belleği temizleniyor (step 1600)...
2026-06-04 10:47:03,853 [INFO] ✅ GPU belleği temizlendi
2026-06-04 10:47:08,060 [INFO] step=1610 loss=3.0442 lm=3.0442 tps=18171
2026-06-04 10:47:12,274 [INFO] step=1620 loss=2.9597 lm=2.9597 tps=18179
2026-06-04 10:47:16,494 [INFO] step=1630 loss=3.0568 lm=3.0568 tps=18186
2026-06-04 10:47:20,714 [INFO] step=1640 loss=3.0195 lm=3.0195 tps=18193
2026-06-04 10:47:24,930 [INFO] step=1650 loss=2.9845 lm=2.9845 tps=18200
2026-06-04 10:47:29,150 [INFO] step=1660 loss=3.0342 lm=3.0342 tps=18207
2026-06-04 10:47:33,370 [INFO] step=1670 loss=3.0312 lm=3.0312 tps=18213
2026-06-04 10:47:37,593 [INFO] step=1680 loss=3.0166 lm=3.0166 tps=18220
2026-06-04 10:47:41,811 [INFO] step=1690 loss=2.9710 lm=2.9710 tps=18227
2026-06-04 10:47:46,023 [INFO] step=1700 loss=2.9924 lm=2.9924 tps=18233
2026-06-04 10:47:50,233 [INFO] step=1710 loss=3.0068 lm=3.0068 tps=18240
2026-06-04 10:47:54,452 [INFO] step=1720 loss=2.9696 lm=2.9696 tps=18247
2026-06-04 10:47:58,662 [INFO] step=1730 loss=3.0255 lm=3.0255 tps=18253
2026-06-04 10:48:02,880 [INFO] step=1740 loss=2.9700 lm=2.9700 tps=18259
2026-06-04 10:48:07,096 [INFO] step=1750 loss=2.9854 lm=2.9854 tps=18266
2026-06-04 10:48:11,320 [INFO] step=1760 loss=3.0648 lm=3.0648 tps=18272
2026-06-04 10:48:15,536 [INFO] step=1770 loss=2.9936 lm=2.9936 tps=18278
2026-06-04 10:48:19,754 [INFO] step=1780 loss=3.0488 lm=3.0488 tps=18284
2026-06-04 10:48:23,972 [INFO] step=1790 loss=3.0344 lm=3.0344 tps=18290
2026-06-04 10:48:28,194 [INFO] step=1800 loss=3.0242 lm=3.0242 tps=18296
2026-06-04 10:48:28,194 [INFO] 🧹 GPU belleği temizleniyor (step 1800)...
2026-06-04 10:48:28,442 [INFO] ✅ GPU belleği temizlendi
2026-06-04 10:48:32,653 [INFO] step=1810 loss=3.0747 lm=3.0747 tps=18296
2026-06-04 10:48:36,872 [INFO] step=1820 loss=3.0263 lm=3.0263 tps=18302
2026-06-04 10:48:41,096 [INFO] step=1830 loss=3.0434 lm=3.0434 tps=18308
2026-06-04 10:48:45,312 [INFO] step=1840 loss=3.0021 lm=3.0021 tps=18313
2026-06-04 10:48:49,525 [INFO] step=1850 loss=3.0027 lm=3.0027 tps=18319
2026-06-04 10:48:53,746 [INFO] step=1860 loss=3.0799 lm=3.0799 tps=18325
2026-06-04 10:48:57,964 [INFO] step=1870 loss=3.0108 lm=3.0108 tps=18330
2026-06-04 10:49:02,176 [INFO] step=1880 loss=2.9655 lm=2.9655 tps=18336
2026-06-04 10:49:06,397 [INFO] step=1890 loss=2.9961 lm=2.9961 tps=18341
2026-06-04 10:49:10,607 [INFO] step=1900 loss=3.0156 lm=3.0156 tps=18347
2026-06-04 10:49:14,821 [INFO] step=1910 loss=2.9862 lm=2.9862 tps=18352
2026-06-04 10:49:19,045 [INFO] step=1920 loss=3.1143 lm=3.1143 tps=18357
2026-06-04 10:49:23,263 [INFO] step=1930 loss=3.0311 lm=3.0311 tps=18362
2026-06-04 10:49:27,478 [INFO] step=1940 loss=3.0121 lm=3.0121 tps=18368
2026-06-04 10:49:31,697 [INFO] step=1950 loss=3.0204 lm=3.0204 tps=18373
2026-06-04 10:49:35,908 [INFO] step=1960 loss=3.0248 lm=3.0248 tps=18378
2026-06-04 10:49:40,121 [INFO] step=1970 loss=3.0355 lm=3.0355 tps=18383
2026-06-04 10:49:44,339 [INFO] step=1980 loss=2.9766 lm=2.9766 tps=18388
2026-06-04 10:49:48,554 [INFO] step=1990 loss=2.9902 lm=2.9902 tps=18393
2026-06-04 10:49:54,985 [INFO] step=2000 loss=3.0663 lm=3.0663 tps=18398
2026-06-04 10:49:54,985 [INFO] 🧹 GPU belleği temizleniyor (step 2000)...
2026-06-04 10:49:55,178 [INFO] ✅ GPU belleği temizlendi
2026-06-04 10:49:59,388 [INFO] step=2010 loss=3.0158 lm=3.0158 tps=18354
2026-06-04 10:50:03,615 [INFO] step=2020 loss=3.0168 lm=3.0168 tps=18358
2026-06-04 10:50:07,823 [INFO] step=2030 loss=2.9990 lm=2.9990 tps=18364
2026-06-04 10:50:12,032 [INFO] step=2040 loss=3.0259 lm=3.0259 tps=18369
2026-06-04 10:50:16,249 [INFO] step=2050 loss=2.9878 lm=2.9878 tps=18374
2026-06-04 10:50:20,465 [INFO] step=2060 loss=3.0452 lm=3.0452 tps=18378
2026-06-04 10:50:24,683 [INFO] step=2070 loss=3.0331 lm=3.0331 tps=18383
2026-06-04 10:50:28,907 [INFO] step=2080 loss=3.0684 lm=3.0684 tps=18388
2026-06-04 10:50:33,116 [INFO] step=2090 loss=3.0290 lm=3.0290 tps=18393
2026-06-04 10:50:37,331 [INFO] step=2100 loss=2.9988 lm=2.9988 tps=18397
2026-06-04 10:50:41,539 [INFO] step=2110 loss=3.0302 lm=3.0302 tps=18402
2026-06-04 10:50:45,757 [INFO] step=2120 loss=3.0483 lm=3.0483 tps=18407
2026-06-04 10:50:49,975 [INFO] step=2130 loss=2.9689 lm=2.9689 tps=18411
2026-06-04 10:50:54,184 [INFO] step=2140 loss=2.9917 lm=2.9917 tps=18416
2026-06-04 10:50:58,404 [INFO] step=2150 loss=2.9881 lm=2.9881 tps=18420
2026-06-04 10:51:02,621 [INFO] step=2160 loss=3.0854 lm=3.0854 tps=18425
2026-06-04 10:51:06,832 [INFO] step=2170 loss=2.9744 lm=2.9744 tps=18429
2026-06-04 10:51:11,054 [INFO] step=2180 loss=3.0129 lm=3.0129 tps=18433
2026-06-04 10:51:15,263 [INFO] step=2190 loss=2.9536 lm=2.9536 tps=18438
2026-06-04 10:51:19,480 [INFO] step=2200 loss=3.0261 lm=3.0261 tps=18442
2026-06-04 10:51:19,480 [INFO] 🧹 GPU belleği temizleniyor (step 2200)...
2026-06-04 10:51:19,723 [INFO] ✅ GPU belleği temizlendi
2026-06-04 10:51:23,941 [INFO] step=2210 loss=3.0431 lm=3.0431 tps=18442
2026-06-04 10:51:28,160 [INFO] step=2220 loss=3.0367 lm=3.0367 tps=18446
2026-06-04 10:51:32,374 [INFO] step=2230 loss=3.0500 lm=3.0500 tps=18450
2026-06-04 10:51:36,592 [INFO] step=2240 loss=3.0182 lm=3.0182 tps=18454
2026-06-04 10:51:40,801 [INFO] step=2250 loss=2.9869 lm=2.9869 tps=18459
2026-06-04 10:51:45,016 [INFO] step=2260 loss=3.0103 lm=3.0103 tps=18463
2026-06-04 10:51:49,223 [INFO] step=2270 loss=3.0357 lm=3.0357 tps=18467
2026-06-04 10:51:53,444 [INFO] step=2280 loss=3.0104 lm=3.0104 tps=18471
2026-06-04 10:51:57,653 [INFO] step=2290 loss=3.0102 lm=3.0102 tps=18475
2026-06-04 10:52:01,864 [INFO] step=2300 loss=3.0115 lm=3.0115 tps=18479
2026-06-04 10:52:06,073 [INFO] step=2310 loss=2.9901 lm=2.9901 tps=18483
2026-06-04 10:52:10,290 [INFO] step=2320 loss=3.0350 lm=3.0350 tps=18487
2026-06-04 10:52:14,504 [INFO] step=2330 loss=3.0436 lm=3.0436 tps=18491
2026-06-04 10:52:18,715 [INFO] step=2340 loss=3.0135 lm=3.0135 tps=18495
2026-06-04 10:52:22,934 [INFO] step=2350 loss=2.9849 lm=2.9849 tps=18498
2026-06-04 10:52:27,152 [INFO] step=2360 loss=2.9881 lm=2.9881 tps=18502
2026-06-04 10:52:31,358 [INFO] step=2370 loss=2.9996 lm=2.9996 tps=18506
2026-06-04 10:52:35,570 [INFO] step=2380 loss=2.9801 lm=2.9801 tps=18510
2026-06-04 10:52:39,789 [INFO] step=2390 loss=3.0073 lm=3.0073 tps=18513
2026-06-04 10:52:44,005 [INFO] step=2400 loss=3.0084 lm=3.0084 tps=18517
2026-06-04 10:52:44,006 [INFO] 🧹 GPU belleği temizleniyor (step 2400)...
2026-06-04 10:52:44,252 [INFO] ✅ GPU belleği temizlendi
2026-06-04 10:52:48,459 [INFO] step=2410 loss=3.0261 lm=3.0261 tps=18517
2026-06-04 10:52:52,678 [INFO] step=2420 loss=3.0457 lm=3.0457 tps=18520
2026-06-04 10:52:56,895 [INFO] step=2430 loss=2.9575 lm=2.9575 tps=18524
2026-06-04 10:53:01,114 [INFO] step=2440 loss=2.9865 lm=2.9865 tps=18527
2026-06-04 10:53:05,329 [INFO] step=2450 loss=3.0079 lm=3.0079 tps=18531
2026-06-04 10:53:09,541 [INFO] step=2460 loss=3.0090 lm=3.0090 tps=18534
2026-06-04 10:53:13,752 [INFO] step=2470 loss=2.9985 lm=2.9985 tps=18538
2026-06-04 10:53:17,966 [INFO] step=2480 loss=3.0395 lm=3.0395 tps=18541
2026-06-04 10:53:22,184 [INFO] step=2490 loss=3.0108 lm=3.0108 tps=18545
2026-06-04 10:53:28,947 [INFO] step=2500 loss=2.9620 lm=2.9620 tps=18548
2026-06-04 10:53:33,150 [INFO] step=2510 loss=2.9946 lm=2.9946 tps=18509
2026-06-04 10:53:37,363 [INFO] step=2520 loss=2.9780 lm=2.9780 tps=18513
2026-06-04 10:53:41,580 [INFO] step=2530 loss=3.0178 lm=3.0178 tps=18516
2026-06-04 10:53:45,798 [INFO] step=2540 loss=3.0351 lm=3.0351 tps=18519
2026-06-04 10:53:50,022 [INFO] step=2550 loss=2.9981 lm=2.9981 tps=18523
2026-06-04 10:53:54,238 [INFO] step=2560 loss=3.0512 lm=3.0512 tps=18526
2026-06-04 10:53:58,456 [INFO] step=2570 loss=3.0167 lm=3.0167 tps=18529
2026-06-04 10:54:02,676 [INFO] step=2580 loss=3.0380 lm=3.0380 tps=18533
2026-06-04 10:54:06,894 [INFO] step=2590 loss=2.9924 lm=2.9924 tps=18536
2026-06-04 10:54:11,113 [INFO] step=2600 loss=3.0707 lm=3.0707 tps=18539
2026-06-04 10:54:11,114 [INFO] 🧹 GPU belleği temizleniyor (step 2600)...
2026-06-04 10:54:11,311 [INFO] ✅ GPU belleği temizlendi
2026-06-04 10:54:15,515 [INFO] step=2610 loss=3.0215 lm=3.0215 tps=18539
2026-06-04 10:54:19,731 [INFO] step=2620 loss=3.0180 lm=3.0180 tps=18543
2026-06-04 10:54:23,947 [INFO] step=2630 loss=2.9758 lm=2.9758 tps=18546
2026-06-04 10:54:28,159 [INFO] step=2640 loss=2.9892 lm=2.9892 tps=18549
2026-06-04 10:54:32,379 [INFO] step=2650 loss=3.0054 lm=3.0054 tps=18552
2026-06-04 10:54:36,599 [INFO] step=2660 loss=2.9879 lm=2.9879 tps=18555
2026-06-04 10:54:40,821 [INFO] step=2670 loss=3.0789 lm=3.0789 tps=18558
2026-06-04 10:54:45,042 [INFO] step=2680 loss=2.9981 lm=2.9981 tps=18561
2026-06-04 10:54:49,258 [INFO] step=2690 loss=3.0798 lm=3.0798 tps=18565
2026-06-04 10:54:53,475 [INFO] step=2700 loss=3.0383 lm=3.0383 tps=18568
2026-06-04 10:54:57,690 [INFO] step=2710 loss=2.9470 lm=2.9470 tps=18571
2026-06-04 10:55:01,909 [INFO] step=2720 loss=3.0007 lm=3.0007 tps=18574
2026-06-04 10:55:06,126 [INFO] step=2730 loss=2.9673 lm=2.9673 tps=18577
2026-06-04 10:55:10,342 [INFO] step=2740 loss=2.9508 lm=2.9508 tps=18580
2026-06-04 10:55:14,563 [INFO] step=2750 loss=3.0000 lm=3.0000 tps=18582
2026-06-04 10:55:18,781 [INFO] step=2760 loss=3.0191 lm=3.0191 tps=18585
2026-06-04 10:55:22,999 [INFO] step=2770 loss=2.9798 lm=2.9798 tps=18588
2026-06-04 10:55:27,217 [INFO] step=2780 loss=3.0056 lm=3.0056 tps=18591
2026-06-04 10:55:31,437 [INFO] step=2790 loss=3.0193 lm=3.0193 tps=18594
2026-06-04 10:55:35,647 [INFO] step=2800 loss=3.0580 lm=3.0580 tps=18597
2026-06-04 10:55:35,648 [INFO] 🧹 GPU belleği temizleniyor (step 2800)...
2026-06-04 10:55:35,895 [INFO] ✅ GPU belleği temizlendi
2026-06-04 10:55:40,103 [INFO] step=2810 loss=3.0015 lm=3.0015 tps=18596
2026-06-04 10:55:44,318 [INFO] step=2820 loss=3.0401 lm=3.0401 tps=18599
2026-06-04 10:55:48,537 [INFO] step=2830 loss=2.9909 lm=2.9909 tps=18602
2026-06-04 10:55:52,754 [INFO] step=2840 loss=3.0428 lm=3.0428 tps=18605
2026-06-04 10:55:56,985 [INFO] step=2850 loss=3.1143 lm=3.1143 tps=18607
2026-06-04 10:56:01,199 [INFO] step=2860 loss=3.0069 lm=3.0069 tps=18610
2026-06-04 10:56:05,412 [INFO] step=2870 loss=2.9960 lm=2.9960 tps=18613
2026-06-04 10:56:09,628 [INFO] step=2880 loss=2.9920 lm=2.9920 tps=18615
2026-06-04 10:56:13,847 [INFO] step=2890 loss=3.0778 lm=3.0778 tps=18618
2026-06-04 10:56:18,069 [INFO] step=2900 loss=2.9985 lm=2.9985 tps=18621
2026-06-04 10:56:22,283 [INFO] step=2910 loss=3.0002 lm=3.0002 tps=18623
2026-06-04 10:56:26,498 [INFO] step=2920 loss=3.0005 lm=3.0005 tps=18626
2026-06-04 10:56:30,711 [INFO] step=2930 loss=3.0523 lm=3.0523 tps=18629
2026-06-04 10:56:34,927 [INFO] step=2940 loss=3.0161 lm=3.0161 tps=18631
2026-06-04 10:56:39,152 [INFO] step=2950 loss=2.9680 lm=2.9680 tps=18634
2026-06-04 10:56:43,367 [INFO] step=2960 loss=3.0217 lm=3.0217 tps=18636
2026-06-04 10:56:47,583 [INFO] step=2970 loss=3.0430 lm=3.0430 tps=18639
2026-06-04 10:56:51,808 [INFO] step=2980 loss=3.0254 lm=3.0254 tps=18641
2026-06-04 10:56:56,024 [INFO] step=2990 loss=3.0511 lm=3.0511 tps=18644
2026-06-04 10:57:02,488 [INFO] step=3000 loss=2.9291 lm=2.9291 tps=18646
2026-06-04 10:57:02,488 [INFO] 🧹 GPU belleği temizleniyor (step 3000)...
2026-06-04 10:57:02,685 [INFO] ✅ GPU belleği temizlendi
2026-06-04 10:57:02,685 [INFO] 🔄 Faz geçişi: 1 -> 2
2026-06-04 10:57:02,685 [INFO] 🧩 ScalableJIT: 4 blok sarmalandi (period=3, tinyjit=on)
2026-06-04 10:57:02,686 [INFO] Faz 2 — strength=0.000 [ULTRA_WNN JIT]
2026-06-04 10:57:35,626 [INFO] step=3010 loss=3.1221 lm=3.1214 tps=18219
2026-06-04 10:57:48,821 [INFO] step=3020 loss=3.1514 lm=3.1507 tps=18103
2026-06-04 10:58:02,036 [INFO] step=3030 loss=3.0871 lm=3.0865 tps=17989
2026-06-04 10:58:15,219 [INFO] step=3040 loss=3.1108 lm=3.1103 tps=17878
2026-06-04 10:58:28,461 [INFO] step=3050 loss=3.0252 lm=3.0247 tps=17768
2026-06-04 10:58:41,678 [INFO] step=3060 loss=3.1154 lm=3.1149 tps=17660
2026-06-04 10:58:54,888 [INFO] step=3070 loss=3.0585 lm=3.0580 tps=17555
2026-06-04 10:59:08,122 [INFO] step=3080 loss=3.0907 lm=3.0902 tps=17450
2026-06-04 10:59:21,346 [INFO] step=3090 loss=3.0322 lm=3.0317 tps=17348
2026-06-04 10:59:34,554 [INFO] step=3100 loss=3.0611 lm=3.0606 tps=17248
2026-06-04 10:59:47,811 [INFO] step=3110 loss=3.0546 lm=3.0541 tps=17150
2026-06-04 11:00:01,116 [INFO] step=3120 loss=3.0160 lm=3.0155 tps=17052
2026-06-04 11:00:14,300 [INFO] step=3130 loss=3.0655 lm=3.0650 tps=16958
2026-06-04 11:00:27,499 [INFO] step=3140 loss=3.0728 lm=3.0723 tps=16865
2026-06-04 11:00:40,710 [INFO] step=3150 loss=3.0370 lm=3.0365 tps=16773
2026-06-04 11:00:53,920 [INFO] step=3160 loss=3.0452 lm=3.0447 tps=16683
2026-06-04 11:01:07,099 [INFO] step=3170 loss=3.0178 lm=3.0173 tps=16595
2026-06-04 11:01:20,316 [INFO] step=3180 loss=3.0043 lm=3.0038 tps=16508
2026-06-04 11:01:33,501 [INFO] step=3190 loss=2.9784 lm=2.9779 tps=16422
2026-06-04 11:01:46,751 [INFO] step=3200 loss=2.9992 lm=2.9987 tps=16338
2026-06-04 11:01:46,752 [INFO] 🧹 GPU belleği temizleniyor (step 3200)...
2026-06-04 11:01:47,004 [INFO] ✅ GPU belleği temizlendi
2026-06-04 11:02:00,210 [INFO] step=3210 loss=2.9982 lm=2.9977 tps=16253
2026-06-04 11:02:13,420 [INFO] step=3220 loss=3.0684 lm=3.0679 tps=16171
2026-06-04 11:02:26,598 [INFO] step=3230 loss=3.0028 lm=3.0023 tps=16091
2026-06-04 11:02:39,816 [INFO] step=3240 loss=3.0597 lm=3.0592 tps=16013
2026-06-04 11:02:53,026 [INFO] step=3250 loss=3.0321 lm=3.0316 tps=15935
2026-06-04 11:03:06,241 [INFO] step=3260 loss=3.0339 lm=3.0334 tps=15859
2026-06-04 11:03:19,484 [INFO] step=3270 loss=3.0150 lm=3.0145 tps=15783
2026-06-04 11:03:32,719 [INFO] step=3280 loss=3.0337 lm=3.0332 tps=15709
2026-06-04 11:03:45,947 [INFO] step=3290 loss=2.9695 lm=2.9690 tps=15636
2026-06-04 11:03:59,200 [INFO] step=3300 loss=3.0615 lm=3.0610 tps=15564
2026-06-04 11:04:12,424 [INFO] step=3310 loss=3.0335 lm=3.0330 tps=15493
2026-06-04 11:04:25,645 [INFO] step=3320 loss=2.9836 lm=2.9831 tps=15423
2026-06-04 11:04:38,870 [INFO] step=3330 loss=2.9771 lm=2.9766 tps=15355
2026-06-04 11:04:52,083 [INFO] step=3340 loss=3.0302 lm=3.0297 tps=15287
2026-06-04 11:05:05,325 [INFO] step=3350 loss=3.0377 lm=3.0372 tps=15220
2026-06-04 11:05:18,505 [INFO] step=3360 loss=3.0313 lm=3.0308 tps=15155
2026-06-04 11:05:31,722 [INFO] step=3370 loss=3.0116 lm=3.0111 tps=15090
2026-06-04 11:05:44,922 [INFO] step=3380 loss=2.9990 lm=2.9985 tps=15026
2026-06-04 11:05:58,156 [INFO] step=3390 loss=3.0454 lm=3.0449 tps=14963
2026-06-04 11:06:11,372 [INFO] step=3400 loss=3.0424 lm=3.0419 tps=14901
2026-06-04 11:06:11,373 [INFO] 🧹 GPU belleği temizleniyor (step 3400)...
2026-06-04 11:06:11,625 [INFO] ✅ GPU belleği temizlendi
2026-06-04 11:06:24,847 [INFO] step=3410 loss=3.0163 lm=3.0158 tps=14838
2026-06-04 11:06:38,019 [INFO] step=3420 loss=2.9769 lm=2.9764 tps=14778
2026-06-04 11:06:51,183 [INFO] step=3430 loss=2.9561 lm=2.9556 tps=14719
2026-06-04 11:07:04,436 [INFO] step=3440 loss=2.9549 lm=2.9544 tps=14661
2026-06-04 11:07:17,697 [INFO] step=3450 loss=2.9977 lm=2.9972 tps=14602
2026-06-04 11:07:30,895 [INFO] step=3460 loss=2.9902 lm=2.9897 tps=14546
2026-06-04 11:07:44,111 [INFO] step=3470 loss=2.9965 lm=2.9960 tps=14489
2026-06-04 11:07:57,306 [INFO] step=3480 loss=2.9922 lm=2.9917 tps=14434
2026-06-04 11:08:10,499 [INFO] step=3490 loss=2.9674 lm=2.9669 tps=14379
2026-06-04 11:08:25,995 [INFO] step=3500 loss=2.9727 lm=2.9722 tps=14325
2026-06-04 11:08:25,996 [WARNING] ⚠️ Step 3500 çok yavaş: 11.58s
2026-06-04 11:08:39,221 [INFO] step=3510 loss=3.0823 lm=3.0818 tps=14256
2026-06-04 11:08:52,464 [INFO] step=3520 loss=3.0295 lm=3.0290 tps=14203
2026-06-04 11:09:05,741 [INFO] step=3530 loss=2.9556 lm=2.9551 tps=14151
2026-06-04 11:09:18,992 [INFO] step=3540 loss=3.0125 lm=3.0120 tps=14100
2026-06-04 11:09:32,175 [INFO] step=3550 loss=2.9744 lm=2.9739 tps=14050
2026-06-04 11:09:45,401 [INFO] step=3560 loss=2.9991 lm=2.9986 tps=14000
2026-06-04 11:09:58,644 [INFO] step=3570 loss=2.9565 lm=2.9560 tps=13950
2026-06-04 11:10:11,842 [INFO] step=3580 loss=2.9746 lm=2.9741 tps=13902
2026-06-04 11:10:25,050 [INFO] step=3590 loss=2.9930 lm=2.9925 tps=13854
2026-06-04 11:10:38,271 [INFO] step=3600 loss=2.9971 lm=2.9966 tps=13807
2026-06-04 11:10:38,271 [INFO] 🧹 GPU belleği temizleniyor (step 3600)...
2026-06-04 11:10:38,523 [INFO] ✅ GPU belleği temizlendi
2026-06-04 11:10:51,777 [INFO] step=3610 loss=3.0385 lm=3.0380 tps=13758
2026-06-04 11:11:04,988 [INFO] step=3620 loss=2.9994 lm=2.9989 tps=13712
2026-06-04 11:11:18,192 [INFO] step=3630 loss=2.9675 lm=2.9670 tps=13666
2026-06-04 11:11:31,366 [INFO] step=3640 loss=2.9907 lm=2.9902 tps=13621
2026-06-04 11:11:44,602 [INFO] step=3650 loss=3.0078 lm=3.0073 tps=13577
2026-06-04 11:11:57,871 [INFO] step=3660 loss=3.0025 lm=3.0020 tps=13532
2026-06-04 11:12:11,119 [INFO] step=3670 loss=2.9948 lm=2.9943 tps=13489
2026-06-04 11:12:24,367 [INFO] step=3680 loss=3.0202 lm=3.0197 tps=13446
2026-06-04 11:12:37,531 [INFO] step=3690 loss=3.0263 lm=3.0258 tps=13403
2026-06-04 11:12:50,729 [INFO] step=3700 loss=2.9609 lm=2.9604 tps=13361
2026-06-04 11:13:03,941 [INFO] step=3710 loss=3.1234 lm=3.1229 tps=13320
2026-06-04 11:13:17,151 [INFO] step=3720 loss=2.9463 lm=2.9458 tps=13279
2026-06-04 11:13:30,361 [INFO] step=3730 loss=2.9392 lm=2.9387 tps=13239
2026-06-04 11:13:43,537 [INFO] step=3740 loss=3.0506 lm=3.0501 tps=13199
2026-06-04 11:13:56,765 [INFO] step=3750 loss=2.9748 lm=2.9743 tps=13159
2026-06-04 11:14:10,011 [INFO] step=3760 loss=2.9911 lm=2.9906 tps=13120
2026-06-04 11:14:23,255 [INFO] step=3770 loss=2.9842 lm=2.9837 tps=13081
2026-06-04 11:14:36,484 [INFO] step=3780 loss=3.0006 lm=3.0001 tps=13042
2026-06-04 11:14:49,760 [INFO] step=3790 loss=3.0273 lm=3.0268 tps=13004
2026-06-04 11:15:03,015 [INFO] step=3800 loss=2.9958 lm=2.9953 tps=12966
2026-06-04 11:15:03,016 [INFO] 🧹 GPU belleği temizleniyor (step 3800)...
2026-06-04 11:15:03,268 [INFO] ✅ GPU belleği temizlendi
2026-06-04 11:15:16,495 [INFO] step=3810 loss=3.0162 lm=3.0157 tps=12928
2026-06-04 11:15:29,712 [INFO] step=3820 loss=2.9564 lm=2.9559 tps=12891
2026-06-04 11:15:42,931 [INFO] step=3830 loss=2.9487 lm=2.9482 tps=12855
2026-06-04 11:15:56,174 [INFO] step=3840 loss=3.0060 lm=3.0055 tps=12819
2026-06-04 11:16:09,403 [INFO] step=3850 loss=2.9640 lm=2.9635 tps=12784
2026-06-04 11:16:22,621 [INFO] step=3860 loss=3.0244 lm=3.0239 tps=12748
2026-06-04 11:16:35,845 [INFO] step=3870 loss=3.0279 lm=3.0274 tps=12714
2026-06-04 11:16:49,058 [INFO] step=3880 loss=2.9763 lm=2.9758 tps=12679
2026-06-04 11:17:02,316 [INFO] step=3890 loss=3.0185 lm=3.0180 tps=12645
2026-06-04 11:17:15,563 [INFO] step=3900 loss=2.9542 lm=2.9537 tps=12611
2026-06-04 11:17:28,823 [INFO] step=3910 loss=2.9534 lm=2.9529 tps=12578
2026-06-04 11:17:42,090 [INFO] step=3920 loss=2.9660 lm=2.9655 tps=12545
2026-06-04 11:17:55,343 [INFO] step=3930 loss=3.0026 lm=3.0021 tps=12512
2026-06-04 11:18:08,536 [INFO] step=3940 loss=2.9778 lm=2.9773 tps=12480
2026-06-04 11:18:21,758 [INFO] step=3950 loss=2.9596 lm=2.9591 tps=12448
2026-06-04 11:18:34,991 [INFO] step=3960 loss=2.9620 lm=2.9615 tps=12416
2026-06-04 11:18:48,236 [INFO] step=3970 loss=2.9766 lm=2.9761 tps=12385
2026-06-04 11:19:01,448 [INFO] step=3980 loss=3.0144 lm=3.0139 tps=12354
2026-06-04 11:19:14,686 [INFO] step=3990 loss=2.9787 lm=2.9782 tps=12323
2026-06-04 11:19:30,136 [INFO] step=4000 loss=2.9904 lm=2.9900 tps=12292
2026-06-04 11:19:30,137 [WARNING] ⚠️ Step 4000 çok yavaş: 11.49s
2026-06-04 11:19:30,137 [INFO] 🧹 GPU belleği temizleniyor (step 4000)...
2026-06-04 11:19:30,392 [INFO] ✅ GPU belleği temizlendi
2026-06-04 11:19:43,648 [INFO] step=4010 loss=2.9944 lm=2.9939 tps=12251
2026-06-04 11:19:56,863 [INFO] step=4020 loss=3.0088 lm=3.0083 tps=12221
2026-06-04 11:20:10,139 [INFO] step=4030 loss=3.0121 lm=3.0116 tps=12192
2026-06-04 11:20:23,397 [INFO] step=4040 loss=3.0023 lm=3.0018 tps=12162
2026-06-04 11:20:36,633 [INFO] step=4050 loss=2.9869 lm=2.9864 tps=12133
2026-06-04 11:20:49,824 [INFO] step=4060 loss=3.0612 lm=3.0607 tps=12105
2026-06-04 11:21:03,043 [INFO] step=4070 loss=2.9673 lm=2.9668 tps=12077
2026-06-04 11:21:16,264 [INFO] step=4080 loss=2.9702 lm=2.9697 tps=12049
2026-06-04 11:21:29,488 [INFO] step=4090 loss=3.0326 lm=3.0321 tps=12021
2026-06-04 11:21:42,726 [INFO] step=4100 loss=3.0010 lm=3.0005 tps=11993
2026-06-04 11:21:55,943 [INFO] step=4110 loss=2.9833 lm=2.9828 tps=11966
2026-06-04 11:22:09,122 [INFO] step=4120 loss=2.9428 lm=2.9423 tps=11939
2026-06-04 11:22:22,354 [INFO] step=4130 loss=2.9719 lm=2.9714 tps=11913
2026-06-04 11:22:35,582 [INFO] step=4140 loss=2.9682 lm=2.9677 tps=11886
2026-06-04 11:22:48,816 [INFO] step=4150 loss=3.0072 lm=3.0067 tps=11860
2026-06-04 11:23:01,985 [INFO] step=4160 loss=3.0040 lm=3.0035 tps=11834
2026-06-04 11:23:15,252 [INFO] step=4170 loss=2.9806 lm=2.9801 tps=11808
2026-06-04 11:23:28,498 [INFO] step=4180 loss=2.9811 lm=2.9806 tps=11782
2026-06-04 11:23:41,741 [INFO] step=4190 loss=2.9913 lm=2.9908 tps=11757
2026-06-04 11:23:54,955 [INFO] step=4200 loss=3.0015 lm=3.0010 tps=11732
2026-06-04 11:23:54,956 [INFO] 🧹 GPU belleği temizleniyor (step 4200)...
2026-06-04 11:23:55,207 [INFO] ✅ GPU belleği temizlendi
2026-06-04 11:24:08,442 [INFO] step=4210 loss=2.9802 lm=2.9797 tps=11706
2026-06-04 11:24:21,644 [INFO] step=4220 loss=3.0352 lm=3.0347 tps=11681
2026-06-04 11:24:34,860 [INFO] step=4230 loss=2.9933 lm=2.9928 tps=11657
2026-06-04 11:24:48,055 [INFO] step=4240 loss=3.0246 lm=3.0241 tps=11633
2026-06-04 11:25:01,296 [INFO] step=4250 loss=3.0051 lm=3.0046 tps=11609
2026-06-04 11:25:14,530 [INFO] step=4260 loss=2.9856 lm=2.9851 tps=11585
2026-06-04 11:25:27,782 [INFO] step=4270 loss=3.0545 lm=3.0540 tps=11562
2026-06-04 11:25:41,015 [INFO] step=4280 loss=2.9846 lm=2.9841 tps=11538
2026-06-04 11:25:54,242 [INFO] step=4290 loss=3.0386 lm=3.0381 tps=11515
2026-06-04 11:26:07,465 [INFO] step=4300 loss=3.0977 lm=3.0972 tps=11492
2026-06-04 11:26:20,659 [INFO] step=4310 loss=2.9382 lm=2.9377 tps=11469
2026-06-04 11:26:33,822 [INFO] step=4320 loss=2.9562 lm=2.9558 tps=11447
2026-06-04 11:26:47,059 [INFO] step=4330 loss=3.0247 lm=3.0242 tps=11425
2026-06-04 11:27:00,279 [INFO] step=4340 loss=2.9832 lm=2.9828 tps=11402
2026-06-04 11:27:13,500 [INFO] step=4350 loss=2.9618 lm=2.9613 tps=11380
2026-06-04 11:27:26,774 [INFO] step=4360 loss=3.0471 lm=3.0466 tps=11358
2026-06-04 11:27:40,001 [INFO] step=4370 loss=2.9601 lm=2.9596 tps=11337
2026-06-04 11:27:53,259 [INFO] step=4380 loss=2.9843 lm=2.9838 tps=11315
2026-06-04 11:28:06,491 [INFO] step=4390 loss=2.9758 lm=2.9753 tps=11294
2026-06-04 11:28:19,676 [INFO] step=4400 loss=2.9759 lm=2.9754 tps=11273
2026-06-04 11:28:19,677 [INFO] 🧹 GPU belleği temizleniyor (step 4400)...
2026-06-04 11:28:19,928 [INFO] ✅ GPU belleği temizlendi
2026-06-04 11:28:33,180 [INFO] step=4410 loss=2.9906 lm=2.9901 tps=11251
2026-06-04 11:28:46,405 [INFO] step=4420 loss=3.0337 lm=3.0333 tps=11230
2026-06-04 11:28:59,708 [INFO] step=4430 loss=3.0077 lm=3.0072 tps=11210
2026-06-04 11:29:12,984 [INFO] step=4440 loss=3.0147 lm=3.0142 tps=11189
2026-06-04 11:29:26,220 [INFO] step=4450 loss=3.0081 lm=3.0076 tps=11169
2026-06-04 11:29:39,723 [INFO] step=4460 loss=2.9644 lm=2.9639 tps=11148
2026-06-04 11:29:53,396 [INFO] step=4470 loss=3.0569 lm=3.0564 tps=11126
2026-06-04 11:30:06,916 [INFO] step=4480 loss=2.9958 lm=2.9953 tps=11106
2026-06-04 11:30:20,415 [INFO] step=4490 loss=2.9954 lm=2.9949 tps=11085
2026-06-04 11:30:36,048 [INFO] step=4500 loss=2.9844 lm=2.9840 tps=11065
2026-06-04 11:30:36,050 [WARNING] ⚠️ Step 4500 çok yavaş: 11.68s
2026-06-04 11:30:49,570 [INFO] step=4510 loss=2.9687 lm=2.9682 tps=11037
2026-06-04 11:31:03,059 [INFO] step=4520 loss=2.9562 lm=2.9558 tps=11018
2026-06-04 11:31:16,592 [INFO] step=4530 loss=2.9788 lm=2.9783 tps=10998
2026-06-04 11:31:30,070 [INFO] step=4540 loss=3.0286 lm=3.0281 tps=10978
2026-06-04 11:31:43,568 [INFO] step=4550 loss=2.9903 lm=2.9899 tps=10959
2026-06-04 11:31:57,077 [INFO] step=4560 loss=2.9859 lm=2.9854 tps=10939
2026-06-04 11:32:10,582 [INFO] step=4570 loss=3.0200 lm=3.0195 tps=10920
2026-06-04 11:32:24,085 [INFO] step=4580 loss=3.0089 lm=3.0085 tps=10901
2026-06-04 11:32:37,566 [INFO] step=4590 loss=2.9870 lm=2.9866 tps=10882
2026-06-04 11:32:51,044 [INFO] step=4600 loss=2.9966 lm=2.9961 tps=10863
2026-06-04 11:32:51,045 [INFO] 🧹 GPU belleği temizleniyor (step 4600)...
2026-06-04 11:32:51,301 [INFO] ✅ GPU belleği temizlendi
2026-06-04 11:33:04,755 [INFO] step=4610 loss=3.0008 lm=3.0003 tps=10844
2026-06-04 11:33:18,239 [INFO] step=4620 loss=2.9596 lm=2.9591 tps=10826
2026-06-04 11:33:31,736 [INFO] step=4630 loss=2.9630 lm=2.9625 tps=10808
2026-06-04 11:33:45,212 [INFO] step=4640 loss=2.9680 lm=2.9675 tps=10789
2026-06-04 11:33:58,719 [INFO] step=4650 loss=2.9906 lm=2.9902 tps=10771
2026-06-04 11:34:12,198 [INFO] step=4660 loss=2.9857 lm=2.9852 tps=10754
2026-06-04 11:34:25,650 [INFO] step=4670 loss=3.0102 lm=3.0098 tps=10736
2026-06-04 11:34:39,121 [INFO] step=4680 loss=2.9733 lm=2.9729 tps=10718
2026-06-04 11:34:52,617 [INFO] step=4690 loss=2.9369 lm=2.9364 tps=10701
2026-06-04 11:35:06,110 [INFO] step=4700 loss=3.0232 lm=3.0227 tps=10684
2026-06-04 11:35:19,611 [INFO] step=4710 loss=2.9945 lm=2.9940 tps=10666
2026-06-04 11:35:33,075 [INFO] step=4720 loss=2.9916 lm=2.9912 tps=10649
2026-06-04 11:35:46,566 [INFO] step=4730 loss=3.0544 lm=3.0539 tps=10632
2026-06-04 11:36:00,046 [INFO] step=4740 loss=2.9903 lm=2.9899 tps=10616
2026-06-04 11:36:13,522 [INFO] step=4750 loss=3.0407 lm=3.0402 tps=10599
2026-06-04 11:36:26,950 [INFO] step=4760 loss=2.9678 lm=2.9674 tps=10583
2026-06-04 11:36:40,461 [INFO] step=4770 loss=3.0040 lm=3.0035 tps=10566
2026-06-04 11:36:53,996 [INFO] step=4780 loss=3.0133 lm=3.0129 tps=10550
2026-06-04 11:37:07,530 [INFO] step=4790 loss=3.0406 lm=3.0401 tps=10533
2026-06-04 11:37:21,002 [INFO] step=4800 loss=3.0098 lm=3.0094 tps=10517
2026-06-04 11:37:21,003 [INFO] 🧹 GPU belleği temizleniyor (step 4800)...
2026-06-04 11:37:21,257 [INFO] ✅ GPU belleği temizlendi
2026-06-04 11:37:34,793 [INFO] step=4810 loss=2.9993 lm=2.9989 tps=10500
2026-06-04 11:37:48,324 [INFO] step=4820 loss=2.9835 lm=2.9831 tps=10484
2026-06-04 11:38:01,808 [INFO] step=4830 loss=2.9933 lm=2.9929 tps=10469
2026-06-04 11:38:15,304 [INFO] step=4840 loss=3.0156 lm=3.0151 tps=10453
2026-06-04 11:38:28,802 [INFO] step=4850 loss=2.9577 lm=2.9573 tps=10438
2026-06-04 11:38:42,259 [INFO] step=4860 loss=3.0320 lm=3.0315 tps=10422
2026-06-04 11:38:55,730 [INFO] step=4870 loss=3.0047 lm=3.0042 tps=10407
2026-06-04 11:39:09,205 [INFO] step=4880 loss=3.0533 lm=3.0528 tps=10392
2026-06-04 11:39:22,727 [INFO] step=4890 loss=2.9777 lm=2.9772 tps=10377
2026-06-04 11:39:36,249 [INFO] step=4900 loss=3.0080 lm=3.0075 tps=10362
2026-06-04 11:39:49,752 [INFO] step=4910 loss=2.9684 lm=2.9679 tps=10347
2026-06-04 11:40:03,261 [INFO] step=4920 loss=3.0142 lm=3.0137 tps=10332
2026-06-04 11:40:16,745 [INFO] step=4930 loss=2.9716 lm=2.9711 tps=10317
2026-06-04 11:40:30,285 [INFO] step=4940 loss=2.9682 lm=2.9677 tps=10302
2026-06-04 11:40:43,773 [INFO] step=4950 loss=3.0733 lm=3.0729 tps=10288
2026-06-04 11:40:57,297 [INFO] step=4960 loss=2.9758 lm=2.9754 tps=10274
2026-06-04 11:41:10,800 [INFO] step=4970 loss=3.0310 lm=3.0305 tps=10259
2026-06-04 11:41:24,297 [INFO] step=4980 loss=3.0150 lm=3.0146 tps=10245
2026-06-04 11:41:37,796 [INFO] step=4990 loss=2.9941 lm=2.9936 tps=10231
2026-06-04 11:41:53,500 [INFO] step=5000 loss=2.9827 lm=2.9822 tps=10217
2026-06-04 11:41:53,501 [WARNING] ⚠️ Step 5000 çok yavaş: 11.71s
2026-06-04 11:41:53,501 [INFO] 🧹 GPU belleği temizleniyor (step 5000)...
2026-06-04 11:41:53,759 [INFO] ✅ GPU belleği temizlendi
2026-06-04 11:42:07,285 [INFO] step=5010 loss=3.0174 lm=3.0169 tps=10197
2026-06-04 11:42:20,763 [INFO] step=5020 loss=2.9709 lm=2.9705 tps=10183
2026-06-04 11:42:34,261 [INFO] step=5030 loss=2.9557 lm=2.9553 tps=10169
2026-06-04 11:42:47,744 [INFO] step=5040 loss=2.9853 lm=2.9849 tps=10156
2026-06-04 11:43:01,248 [INFO] step=5050 loss=3.0042 lm=3.0037 tps=10142
2026-06-04 11:43:14,722 [INFO] step=5060 loss=3.0261 lm=3.0256 tps=10129
2026-06-04 11:43:28,214 [INFO] step=5070 loss=2.9673 lm=2.9668 tps=10115
2026-06-04 11:43:41,692 [INFO] step=5080 loss=2.9730 lm=2.9726 tps=10102
2026-06-04 11:43:55,156 [INFO] step=5090 loss=2.9995 lm=2.9990 tps=10089
2026-06-04 11:44:08,604 [INFO] step=5100 loss=2.9663 lm=2.9658 tps=10076
2026-06-04 11:44:22,132 [INFO] step=5110 loss=2.9921 lm=2.9917 tps=10063
2026-06-04 11:44:35,660 [INFO] step=5120 loss=2.9946 lm=2.9941 tps=10050
2026-06-04 11:44:49,165 [INFO] step=5130 loss=3.0465 lm=3.0460 tps=10037
2026-06-04 11:45:02,616 [INFO] step=5140 loss=2.9865 lm=2.9861 tps=10025
2026-06-04 11:45:16,103 [INFO] step=5150 loss=3.0167 lm=3.0162 tps=10012
2026-06-04 11:45:29,578 [INFO] step=5160 loss=3.0408 lm=3.0403 tps=9999
2026-06-04 11:45:42,999 [INFO] step=5170 loss=2.9825 lm=2.9820 tps=9987
2026-06-04 11:45:56,487 [INFO] step=5180 loss=3.0261 lm=3.0257 tps=9975
2026-06-04 11:46:09,947 [INFO] step=5190 loss=3.0038 lm=3.0033 tps=9962
2026-06-04 11:46:23,360 [INFO] step=5200 loss=3.0317 lm=3.0313 tps=9950
2026-06-04 11:46:23,361 [INFO] 🧹 GPU belleği temizleniyor (step 5200)...
2026-06-04 11:46:23,616 [INFO] ✅ GPU belleği temizlendi
2026-06-04 11:46:37,107 [INFO] step=5210 loss=3.0167 lm=3.0162 tps=9938
2026-06-04 11:46:50,534 [INFO] step=5220 loss=3.0276 lm=3.0272 tps=9926
2026-06-04 11:47:03,984 [INFO] step=5230 loss=2.9637 lm=2.9632 tps=9914
2026-06-04 11:47:17,459 [INFO] step=5240 loss=3.0701 lm=3.0696 tps=9902
2026-06-04 11:47:30,934 [INFO] step=5250 loss=3.0266 lm=3.0262 tps=9890
2026-06-04 11:47:44,416 [INFO] step=5260 loss=3.0369 lm=3.0364 tps=9878
2026-06-04 11:47:57,886 [INFO] step=5270 loss=2.9930 lm=2.9925 tps=9866
2026-06-04 11:48:11,345 [INFO] step=5280 loss=3.0130 lm=3.0126 tps=9855
2026-06-04 11:48:24,785 [INFO] step=5290 loss=3.0428 lm=3.0423 tps=9843
2026-06-04 11:48:38,035 [INFO] step=5300 loss=3.0147 lm=3.0143 tps=9832
2026-06-04 11:48:51,287 [INFO] step=5310 loss=3.0014 lm=3.0010 tps=9821
2026-06-04 11:49:04,490 [INFO] step=5320 loss=2.9914 lm=2.9910 tps=9811
2026-06-04 11:49:17,702 [INFO] step=5330 loss=2.9820 lm=2.9816 tps=9800
2026-06-04 11:49:30,931 [INFO] step=5340 loss=3.0029 lm=3.0025 tps=9789
2026-06-04 11:49:44,142 [INFO] step=5350 loss=2.9677 lm=2.9673 tps=9779
2026-06-04 11:49:57,392 [INFO] step=5360 loss=3.0121 lm=3.0116 tps=9768
2026-06-04 11:50:10,586 [INFO] step=5370 loss=3.0276 lm=3.0272 tps=9758
2026-06-04 11:50:23,839 [INFO] step=5380 loss=2.9662 lm=2.9658 tps=9747
2026-06-04 11:50:37,045 [INFO] step=5390 loss=2.9789 lm=2.9785 tps=9737
2026-06-04 11:50:50,290 [INFO] step=5400 loss=3.0029 lm=3.0025 tps=9727
2026-06-04 11:50:50,291 [INFO] 🧹 GPU belleği temizleniyor (step 5400)...
2026-06-04 11:50:50,544 [INFO] ✅ GPU belleği temizlendi
2026-06-04 11:51:03,737 [INFO] step=5410 loss=3.0111 lm=3.0107 tps=9716
2026-06-04 11:51:17,000 [INFO] step=5420 loss=2.9771 lm=2.9767 tps=9706
2026-06-04 11:51:30,180 [INFO] step=5430 loss=3.0157 lm=3.0152 tps=9696
2026-06-04 11:51:43,399 [INFO] step=5440 loss=3.0359 lm=3.0355 tps=9685
2026-06-04 11:51:56,597 [INFO] step=5450 loss=3.0312 lm=3.0308 tps=9676
2026-06-04 11:52:09,820 [INFO] step=5460 loss=3.0115 lm=3.0111 tps=9666
2026-06-04 11:52:23,039 [INFO] step=5470 loss=2.9892 lm=2.9888 tps=9656
2026-06-04 11:52:36,272 [INFO] step=5480 loss=3.0040 lm=3.0035 tps=9646
2026-06-04 11:52:49,485 [INFO] step=5490 loss=3.0306 lm=3.0302 tps=9636
2026-06-04 11:53:04,948 [INFO] step=5500 loss=2.9721 lm=2.9717 tps=9626
2026-06-04 11:53:04,949 [WARNING] ⚠️ Step 5500 çok yavaş: 11.52s
2026-06-04 11:53:18,152 [INFO] step=5510 loss=2.9753 lm=2.9748 tps=9612
2026-06-04 11:53:31,364 [INFO] step=5520 loss=3.0759 lm=3.0755 tps=9603
2026-06-04 11:53:44,573 [INFO] step=5530 loss=2.9524 lm=2.9520 tps=9593
2026-06-04 11:53:57,816 [INFO] step=5540 loss=3.0319 lm=3.0315 tps=9584
2026-06-04 11:54:10,995 [INFO] step=5550 loss=2.9824 lm=2.9820 tps=9574
2026-06-04 11:54:24,208 [INFO] step=5560 loss=3.0101 lm=3.0097 tps=9565
2026-06-04 11:54:37,398 [INFO] step=5570 loss=2.9695 lm=2.9691 tps=9556
2026-06-04 11:54:50,654 [INFO] step=5580 loss=3.0544 lm=3.0540 tps=9546
2026-06-04 11:55:03,865 [INFO] step=5590 loss=2.9661 lm=2.9657 tps=9537
2026-06-04 11:55:17,069 [INFO] step=5600 loss=2.9950 lm=2.9945 tps=9528
2026-06-04 11:55:17,070 [INFO] 🧹 GPU belleği temizleniyor (step 5600)...
2026-06-04 11:55:17,323 [INFO] ✅ GPU belleği temizlendi
2026-06-04 11:55:30,543 [INFO] step=5610 loss=2.9998 lm=2.9993 tps=9518
2026-06-04 11:55:43,780 [INFO] step=5620 loss=2.9944 lm=2.9939 tps=9509
2026-06-04 11:55:56,974 [INFO] step=5630 loss=3.0224 lm=3.0220 tps=9500
2026-06-04 11:56:10,136 [INFO] step=5640 loss=3.0191 lm=3.0187 tps=9491
2026-06-04 11:56:23,349 [INFO] step=5650 loss=3.0027 lm=3.0022 tps=9482
2026-06-04 11:56:36,582 [INFO] step=5660 loss=2.9993 lm=2.9989 tps=9474
2026-06-04 11:56:49,824 [INFO] step=5670 loss=3.0196 lm=3.0192 tps=9465
2026-06-04 11:57:03,072 [INFO] step=5680 loss=3.0386 lm=3.0381 tps=9456
2026-06-04 11:57:16,319 [INFO] step=5690 loss=2.9830 lm=2.9826 tps=9447
2026-06-04 11:57:29,561 [INFO] step=5700 loss=2.9732 lm=2.9727 tps=9438
2026-06-04 11:57:42,781 [INFO] step=5710 loss=2.9947 lm=2.9942 tps=9430
2026-06-04 11:57:55,967 [INFO] step=5720 loss=2.9919 lm=2.9915 tps=9421
2026-06-04 11:58:09,203 [INFO] step=5730 loss=3.0204 lm=3.0200 tps=9413
2026-06-04 11:58:22,448 [INFO] step=5740 loss=2.9672 lm=2.9667 tps=9404
2026-06-04 11:58:35,666 [INFO] step=5750 loss=2.9963 lm=2.9959 tps=9396
2026-06-04 11:58:48,938 [INFO] step=5760 loss=2.9191 lm=2.9187 tps=9387
2026-06-04 11:59:02,447 [INFO] step=5770 loss=3.0200 lm=3.0195 tps=9378
2026-06-04 11:59:15,985 [INFO] step=5780 loss=3.0135 lm=3.0131 tps=9369
2026-06-04 11:59:29,520 [INFO] step=5790 loss=3.0127 lm=3.0123 tps=9360
2026-06-04 11:59:42,859 [INFO] step=5800 loss=2.9843 lm=2.9839 tps=9352
2026-06-04 11:59:42,860 [INFO] 🧹 GPU belleği temizleniyor (step 5800)...
2026-06-04 11:59:43,138 [INFO] ✅ GPU belleği temizlendi
2026-06-04 11:59:56,562 [INFO] step=5810 loss=3.0526 lm=3.0521 tps=9343
2026-06-04 12:00:09,963 [INFO] step=5820 loss=3.0043 lm=3.0039 tps=9334
2026-06-04 12:00:23,310 [INFO] step=5830 loss=3.0405 lm=3.0401 tps=9326
2026-06-04 12:00:36,630 [INFO] step=5840 loss=2.9573 lm=2.9569 tps=9318
2026-06-04 12:00:49,901 [INFO] step=5850 loss=3.0149 lm=3.0144 tps=9310
2026-06-04 12:01:03,432 [INFO] step=5860 loss=2.9674 lm=2.9669 tps=9301
2026-06-04 12:01:17,097 [INFO] step=5870 loss=2.9966 lm=2.9962 tps=9292
2026-06-04 12:01:30,360 [INFO] step=5880 loss=3.0257 lm=3.0253 tps=9284
2026-06-04 12:01:43,661 [INFO] step=5890 loss=3.0145 lm=3.0140 tps=9276
2026-06-04 12:01:57,142 [INFO] step=5900 loss=2.9963 lm=2.9958 tps=9268
2026-06-04 12:02:10,470 [INFO] step=5910 loss=3.0086 lm=3.0082 tps=9260
2026-06-04 12:02:23,749 [INFO] step=5920 loss=2.9504 lm=2.9500 tps=9252
2026-06-04 12:02:36,941 [INFO] step=5930 loss=3.0284 lm=3.0280 tps=9245
2026-06-04 12:02:50,280 [INFO] step=5940 loss=2.9554 lm=2.9550 tps=9237
2026-06-04 12:03:03,564 [INFO] step=5950 loss=2.9877 lm=2.9873 tps=9229
2026-06-04 12:03:16,852 [INFO] step=5960 loss=2.9935 lm=2.9930 tps=9222
2026-06-04 12:03:30,132 [INFO] step=5970 loss=3.0232 lm=3.0227 tps=9214
2026-06-04 12:03:43,428 [INFO] step=5980 loss=2.9973 lm=2.9969 tps=9206
2026-06-04 12:03:56,701 [INFO] step=5990 loss=3.0143 lm=3.0139 tps=9199
2026-06-04 12:04:12,810 [INFO] step=6000 loss=3.0046 lm=3.0041 tps=9191
2026-06-04 12:04:12,811 [WARNING] ⚠️ Step 6000 çok yavaş: 11.67s
2026-06-04 12:04:12,811 [INFO] 🧹 GPU belleği temizleniyor (step 6000)...
2026-06-04 12:04:13,091 [INFO] ✅ GPU belleği temizlendi
2026-06-04 12:04:26,560 [INFO] step=6010 loss=2.9810 lm=2.9805 tps=9178
2026-06-04 12:04:39,805 [INFO] step=6020 loss=3.0086 lm=3.0082 tps=9171
2026-06-04 12:04:53,095 [INFO] step=6030 loss=3.0277 lm=3.0273 tps=9163
2026-06-04 12:05:06,398 [INFO] step=6040 loss=2.9931 lm=2.9926 tps=9156
2026-06-04 12:05:19,688 [INFO] step=6050 loss=3.0044 lm=3.0040 tps=9149
2026-06-04 12:05:32,949 [INFO] step=6060 loss=2.9703 lm=2.9699 tps=9141
2026-06-04 12:05:46,189 [INFO] step=6070 loss=3.0081 lm=3.0076 tps=9134
2026-06-04 12:05:59,448 [INFO] step=6080 loss=2.9789 lm=2.9785 tps=9127
2026-06-04 12:06:12,703 [INFO] step=6090 loss=2.9345 lm=2.9341 tps=9120
2026-06-04 12:06:25,940 [INFO] step=6100 loss=2.9473 lm=2.9468 tps=9113
2026-06-04 12:06:39,156 [INFO] step=6110 loss=2.9641 lm=2.9637 tps=9106
2026-06-04 12:06:52,460 [INFO] step=6120 loss=3.0101 lm=3.0097 tps=9099
2026-06-04 12:07:05,713 [INFO] step=6130 loss=2.9804 lm=2.9800 tps=9092
2026-06-04 12:07:18,945 [INFO] step=6140 loss=2.9838 lm=2.9833 tps=9085
2026-06-04 12:07:32,205 [INFO] step=6150 loss=3.0075 lm=3.0071 tps=9078
2026-06-04 12:07:45,495 [INFO] step=6160 loss=3.0405 lm=3.0401 tps=9071
2026-06-04 12:07:58,752 [INFO] step=6170 loss=2.9624 lm=2.9620 tps=9064
2026-06-04 12:08:12,038 [INFO] step=6180 loss=2.9518 lm=2.9514 tps=9057
2026-06-04 12:08:25,299 [INFO] step=6190 loss=3.0655 lm=3.0650 tps=9050
2026-06-04 12:08:38,578 [INFO] step=6200 loss=2.9285 lm=2.9280 tps=9043
2026-06-04 12:08:38,579 [INFO] 🧹 GPU belleği temizleniyor (step 6200)...
2026-06-04 12:08:38,836 [INFO] ✅ GPU belleği temizlendi
2026-06-04 12:08:52,087 [INFO] step=6210 loss=2.9683 lm=2.9679 tps=9036
2026-06-04 12:09:05,309 [INFO] step=6220 loss=3.0007 lm=3.0002 tps=9030
2026-06-04 12:09:18,556 [INFO] step=6230 loss=2.9761 lm=2.9756 tps=9023
2026-06-04 12:09:31,796 [INFO] step=6240 loss=2.9883 lm=2.9879 tps=9016
2026-06-04 12:09:45,029 [INFO] step=6250 loss=3.0274 lm=3.0270 tps=9010
2026-06-04 12:09:58,319 [INFO] step=6260 loss=2.9852 lm=2.9847 tps=9003
2026-06-04 12:10:11,587 [INFO] step=6270 loss=2.9869 lm=2.9865 tps=8996
2026-06-04 12:10:24,908 [INFO] step=6280 loss=2.9931 lm=2.9927 tps=8990
2026-06-04 12:10:38,149 [INFO] step=6290 loss=2.9755 lm=2.9751 tps=8983
2026-06-04 12:10:51,466 [INFO] step=6300 loss=2.9697 lm=2.9693 tps=8977
2026-06-04 12:11:04,848 [INFO] step=6310 loss=3.0125 lm=3.0120 tps=8970
2026-06-04 12:11:16,570 [INFO] Eğitim durduruldu, GPU belleği temizleniyor...
2026-06-04 12:11:16,824 [INFO] GPU belleği temizlendi.
2026-06-04 12:11:16,828 [INFO] Eğitim durduruldu, GPU belleği temizleniyor...
2026-06-04 12:11:17,146 [INFO] GPU belleği temizlendi.
2026-06-04 12:11:17,150 [INFO] Eğitim durduruldu, GPU belleği temizleniyor...
2026-06-04 12:11:17,462 [INFO] GPU belleği temizlendi.
2026-06-04 12:11:17,467 [INFO] Eğitim durduruldu, GPU belleği temizleniyor...
2026-06-04 12:11:17,790 [INFO] GPU belleği temizlendi.
2026-06-04 12:11:17,794 [INFO] Eğitim durduruldu, GPU belleği temizleniyor...
2026-06-04 12:11:18,110 [INFO] GPU belleği temizlendi.
2026-06-04 12:11:18,122 [INFO] Eğitim durduruldu, GPU belleği temizleniyor...
2026-06-04 12:11:18,442 [INFO] GPU belleği temizlendi.
2026-06-04 12:11:18,443 [INFO] step=6320 loss=3.0062 lm=3.0057 tps=8963
2026-06-04 12:18:58,025 [INFO] AI Hızlandırıcı Durumu: Active
2026-06-04 12:19:31,965 [INFO] Streaming dataset hazır: C:\Users\Administrator\Desktop\OTOYA\data_archive\eita_dataset.chatml.tokens.bin (87614005 token, prefetch=8, EFT=False, batch_size=32)
2026-06-04 12:19:32,696 [INFO] Backend hazır: CL
2026-06-04 12:19:32,696 [INFO] Backend tuning: CACHELEVEL=3 fast_math=on
2026-06-04 12:19:32,696 [INFO] AI Hızlandırıcılar: Vulkan (Direct) - Active
2026-06-04 12:19:32,696 [INFO] ✅ Doğrudan AI hızlandırıcı erişimi aktif (128 hızlandırıcı)
2026-06-04 12:19:32,779 [INFO] ✅ UltraWNN tekrar aktif (tinygrad, maksimum hiz modu)
2026-06-04 12:19:33,138 [INFO] ✅ Force JIT aktif (49.7M) — deneysel JIT yolu kullanılıyor.
2026-06-04 12:19:33,138 [INFO] Cekirdek hazirlaniyor...
2026-06-04 12:19:39,580 [INFO] 🧩 ScalableJIT: 4 blok sarmalandi (period=0, tinyjit=on)
2026-06-04 12:19:39,580 [INFO] Warmup tamamlandı.
2026-06-04 12:19:39,580 [INFO] 🔄 Faz geçişi: -1 -> 1
2026-06-04 12:19:39,582 [INFO] 🧩 ScalableJIT: 4 blok sarmalandi (period=0, tinyjit=on)
2026-06-04 12:19:39,582 [INFO] Faz 1 — strength=0.000 [ULTRA_WNN JIT]
2026-06-04 12:19:41,689 [INFO] step=1 loss=19.2814 lm=19.2814 tps=3884
2026-06-04 12:19:41,689 [INFO]   ↳ RAW: loss=19.281446 lm_loss=19.281446 lr=3.00e-04 phase=1
2026-06-04 12:19:47,206 [INFO] step=10 loss=17.4463 lm=17.4463 tps=10743
2026-06-04 12:19:47,206 [INFO]   ↳ RAW: loss=17.446283 lm_loss=17.446283 lr=3.00e-04 phase=1
2026-06-04 12:19:51,139 [INFO] step=20 loss=15.5764 lm=15.5764 tps=14175
2026-06-04 12:19:55,084 [INFO] step=30 loss=13.7501 lm=13.7501 tps=15852
2026-06-04 12:19:59,029 [INFO] step=40 loss=12.0180 lm=12.0180 tps=16848
2026-06-04 12:20:02,988 [INFO] step=50 loss=10.7041 lm=10.7041 tps=17498
2026-06-04 12:20:06,942 [INFO] step=60 loss=9.4431 lm=9.4431 tps=17964
2026-06-04 12:20:10,898 [INFO] step=70 loss=8.2737 lm=8.2737 tps=18310
2026-06-04 12:20:14,856 [INFO] step=80 loss=7.2894 lm=7.2894 tps=18578
2026-06-04 12:20:18,815 [INFO] step=90 loss=6.5196 lm=6.5196 tps=18791
2026-06-04 12:20:22,767 [INFO] step=100 loss=5.7788 lm=5.7788 tps=18969
2026-06-04 12:20:26,677 [INFO] step=110 loss=5.2461 lm=5.2461 tps=19134
2026-06-04 12:20:30,510 [INFO] step=120 loss=4.7602 lm=4.7602 tps=19302
2026-06-04 12:20:34,335 [INFO] step=130 loss=4.4390 lm=4.4390 tps=19449
2026-06-04 12:20:38,166 [INFO] step=140 loss=4.1947 lm=4.1947 tps=19576
2026-06-04 12:20:42,005 [INFO] step=150 loss=4.0209 lm=4.0209 tps=19685
2026-06-04 12:20:45,834 [INFO] step=160 loss=3.8251 lm=3.8251 tps=19783
2026-06-04 12:20:49,676 [INFO] step=170 loss=3.6826 lm=3.6826 tps=19868
2026-06-04 12:20:53,511 [INFO] step=180 loss=3.6521 lm=3.6521 tps=19945
2026-06-04 12:20:57,356 [INFO] step=190 loss=3.5736 lm=3.5736 tps=20013
2026-06-04 12:21:01,188 [INFO] step=200 loss=3.5090 lm=3.5090 tps=20076
2026-06-04 12:21:01,189 [INFO] 🧹 GPU belleği temizleniyor (step 200)...
2026-06-04 12:21:01,273 [INFO] ✅ GPU belleği temizlendi
2026-06-04 12:21:05,102 [INFO] step=210 loss=3.5016 lm=3.5016 tps=20116
2026-06-04 12:21:08,939 [INFO] step=220 loss=3.4569 lm=3.4569 tps=20169
2026-06-04 12:21:12,775 [INFO] step=230 loss=3.4426 lm=3.4426 tps=20217
2026-06-04 12:21:16,606 [INFO] step=240 loss=3.3411 lm=3.3411 tps=20264
2026-06-04 12:21:20,444 [INFO] step=250 loss=3.3227 lm=3.3227 tps=20305
2026-06-04 12:21:24,279 [INFO] step=260 loss=3.3312 lm=3.3312 tps=20343
2026-06-04 12:21:28,113 [INFO] step=270 loss=3.3587 lm=3.3587 tps=20379
2026-06-04 12:21:31,948 [INFO] step=280 loss=3.2382 lm=3.2382 tps=20413
2026-06-04 12:21:35,787 [INFO] step=290 loss=3.2610 lm=3.2610 tps=20444
2026-06-04 12:21:39,626 [INFO] step=300 loss=3.2374 lm=3.2374 tps=20472
2026-06-04 12:21:43,453 [INFO] step=310 loss=3.2538 lm=3.2538 tps=20501
2026-06-04 12:21:47,284 [INFO] step=320 loss=3.2393 lm=3.2393 tps=20528
2026-06-04 12:21:51,122 [INFO] step=330 loss=3.2623 lm=3.2623 tps=20551
2026-06-04 12:21:54,961 [INFO] step=340 loss=3.3170 lm=3.3170 tps=20574
2026-06-04 12:21:58,798 [INFO] step=350 loss=3.2225 lm=3.2225 tps=20595
2026-06-04 12:22:02,637 [INFO] step=360 loss=3.1744 lm=3.1744 tps=20615
2026-06-04 12:22:06,480 [INFO] step=370 loss=3.1998 lm=3.1998 tps=20633
2026-06-04 12:22:10,322 [INFO] step=380 loss=3.1631 lm=3.1631 tps=20651
2026-06-04 12:22:14,160 [INFO] step=390 loss=3.2025 lm=3.2025 tps=20668
2026-06-04 12:22:17,997 [INFO] step=400 loss=3.2288 lm=3.2288 tps=20685
2026-06-04 12:22:17,997 [INFO] 🧹 GPU belleği temizleniyor (step 400)...
2026-06-04 12:22:18,097 [INFO] ✅ GPU belleği temizlendi
2026-06-04 12:22:21,939 [INFO] step=410 loss=3.1994 lm=3.1994 tps=20687
2026-06-04 12:22:25,777 [INFO] step=420 loss=3.2003 lm=3.2003 tps=20702
2026-06-04 12:22:29,620 [INFO] step=430 loss=3.2133 lm=3.2133 tps=20716
2026-06-04 12:22:33,456 [INFO] step=440 loss=3.1319 lm=3.1319 tps=20730
2026-06-04 12:22:37,294 [INFO] step=450 loss=3.1300 lm=3.1300 tps=20743
2026-06-04 12:22:41,134 [INFO] step=460 loss=3.0906 lm=3.0906 tps=20756
2026-06-04 12:22:44,976 [INFO] step=470 loss=3.2097 lm=3.2097 tps=20768
2026-06-04 12:22:48,815 [INFO] step=480 loss=3.1708 lm=3.1708 tps=20779
2026-06-04 12:22:52,657 [INFO] step=490 loss=3.2129 lm=3.2129 tps=20790
2026-06-04 12:22:58,814 [INFO] step=500 loss=3.2425 lm=3.2425 tps=20801
2026-06-04 12:23:02,655 [INFO] step=510 loss=3.2188 lm=3.2188 tps=20573
2026-06-04 12:23:06,485 [INFO] step=520 loss=3.1359 lm=3.1359 tps=20588
2026-06-04 12:23:10,325 [INFO] step=530 loss=3.1338 lm=3.1338 tps=20602
2026-06-04 12:23:14,166 [INFO] step=540 loss=3.1193 lm=3.1193 tps=20615
2026-06-04 12:23:18,006 [INFO] step=550 loss=3.1124 lm=3.1124 tps=20628
2026-06-04 12:23:21,847 [INFO] step=560 loss=3.1098 lm=3.1098 tps=20640
2026-06-04 12:23:25,683 [INFO] step=570 loss=3.1332 lm=3.1332 tps=20652
2026-06-04 12:23:29,524 [INFO] step=580 loss=3.0936 lm=3.0936 tps=20663
2026-06-04 12:23:33,368 [INFO] step=590 loss=3.1910 lm=3.1910 tps=20674
2026-06-04 12:23:37,204 [INFO] step=600 loss=3.1116 lm=3.1116 tps=20685
2026-06-04 12:23:37,205 [INFO] 🧹 GPU belleği temizleniyor (step 600)...
2026-06-04 12:23:37,283 [INFO] ✅ GPU belleği temizlendi
2026-06-04 12:23:41,122 [INFO] step=610 loss=3.1249 lm=3.1249 tps=20688
2026-06-04 12:23:44,965 [INFO] step=620 loss=3.1802 lm=3.1802 tps=20698
2026-06-04 12:23:48,810 [INFO] step=630 loss=3.2590 lm=3.2590 tps=20708
2026-06-04 12:23:52,648 [INFO] step=640 loss=3.1388 lm=3.1388 tps=20717
2026-06-04 12:23:56,491 [INFO] step=650 loss=3.1487 lm=3.1487 tps=20726
2026-06-04 12:24:00,338 [INFO] step=660 loss=3.1450 lm=3.1450 tps=20735
2026-06-04 12:24:04,173 [INFO] step=670 loss=3.1139 lm=3.1139 tps=20744
2026-06-04 12:24:08,010 [INFO] step=680 loss=3.1197 lm=3.1197 tps=20752
2026-06-04 12:24:11,859 [INFO] step=690 loss=3.1723 lm=3.1723 tps=20760
2026-06-04 12:24:15,706 [INFO] step=700 loss=3.1244 lm=3.1244 tps=20767
2026-06-04 12:24:19,541 [INFO] step=710 loss=3.1316 lm=3.1316 tps=20775
2026-06-04 12:24:23,382 [INFO] step=720 loss=3.0938 lm=3.0938 tps=20783
2026-06-04 12:24:27,229 [INFO] step=730 loss=3.1674 lm=3.1674 tps=20790
2026-06-04 12:24:31,071 [INFO] step=740 loss=3.0839 lm=3.0839 tps=20797
2026-06-04 12:24:34,902 [INFO] step=750 loss=3.1706 lm=3.1706 tps=20804
2026-06-04 12:24:38,744 [INFO] step=760 loss=3.1493 lm=3.1493 tps=20811
2026-06-04 12:24:42,582 [INFO] step=770 loss=3.1264 lm=3.1264 tps=20818
2026-06-04 12:24:46,428 [INFO] step=780 loss=3.1013 lm=3.1013 tps=20824
2026-06-04 12:24:50,271 [INFO] step=790 loss=3.0922 lm=3.0922 tps=20830
2026-06-04 12:24:54,112 [INFO] step=800 loss=3.1652 lm=3.1652 tps=20836
2026-06-04 12:24:54,112 [INFO] 🧹 GPU belleği temizleniyor (step 800)...
2026-06-04 12:24:54,214 [INFO] ✅ GPU belleği temizlendi
2026-06-04 12:24:58,052 [INFO] step=810 loss=3.1610 lm=3.1610 tps=20835
2026-06-04 12:25:01,904 [INFO] step=820 loss=3.1499 lm=3.1499 tps=20841
2026-06-04 12:25:05,745 [INFO] step=830 loss=3.1196 lm=3.1196 tps=20846
2026-06-04 12:25:09,582 [INFO] step=840 loss=3.1258 lm=3.1258 tps=20852
2026-06-04 12:25:13,416 [INFO] step=850 loss=3.1104 lm=3.1104 tps=20858
2026-06-04 12:25:17,264 [INFO] step=860 loss=3.0629 lm=3.0629 tps=20863
2026-06-04 12:25:21,107 [INFO] step=870 loss=3.1064 lm=3.1064 tps=20868
2026-06-04 12:25:24,949 [INFO] step=880 loss=3.1224 lm=3.1224 tps=20873
2026-06-04 12:25:28,778 [INFO] step=890 loss=3.1231 lm=3.1231 tps=20879
2026-06-04 12:25:32,617 [INFO] step=900 loss=3.0880 lm=3.0880 tps=20884
2026-06-04 12:25:36,457 [INFO] step=910 loss=3.1091 lm=3.1091 tps=20889
2026-06-04 12:25:40,294 [INFO] step=920 loss=3.1580 lm=3.1580 tps=20894
2026-06-04 12:25:44,140 [INFO] step=930 loss=3.1343 lm=3.1343 tps=20898
2026-06-04 12:25:47,984 [INFO] step=940 loss=3.0883 lm=3.0883 tps=20902
2026-06-04 12:25:51,827 [INFO] step=950 loss=3.1636 lm=3.1636 tps=20907
2026-06-04 12:25:55,661 [INFO] step=960 loss=3.0946 lm=3.0946 tps=20911
2026-06-04 12:25:59,502 [INFO] step=970 loss=3.1391 lm=3.1391 tps=20915
2026-06-04 12:26:03,343 [INFO] step=980 loss=3.0827 lm=3.0827 tps=20920
2026-06-04 12:26:07,181 [INFO] step=990 loss=3.1117 lm=3.1117 tps=20924
2026-06-04 12:26:13,015 [INFO] step=1000 loss=3.1158 lm=3.1158 tps=20928
2026-06-04 12:26:13,016 [INFO] 🧹 GPU belleği temizleniyor (step 1000)...
2026-06-04 12:26:13,093 [INFO] ✅ GPU belleği temizlendi
2026-06-04 12:26:16,922 [INFO] step=1010 loss=3.1373 lm=3.1373 tps=20823
2026-06-04 12:26:20,765 [INFO] step=1020 loss=3.0866 lm=3.0866 tps=20828
2026-06-04 12:26:24,606 [INFO] step=1030 loss=3.1066 lm=3.1066 tps=20833
2026-06-04 12:26:28,451 [INFO] step=1040 loss=3.0497 lm=3.0497 tps=20837
2026-06-04 12:26:32,288 [INFO] step=1050 loss=3.0972 lm=3.0972 tps=20842
2026-06-04 12:26:36,140 [INFO] step=1060 loss=3.1440 lm=3.1440 tps=20846
2026-06-04 12:26:39,986 [INFO] step=1070 loss=3.1631 lm=3.1631 tps=20850
2026-06-04 12:26:43,833 [INFO] step=1080 loss=3.0682 lm=3.0682 tps=20854
2026-06-04 12:26:47,672 [INFO] step=1090 loss=3.0755 lm=3.0755 tps=20858
2026-06-04 12:26:51,515 [INFO] step=1100 loss=3.1123 lm=3.1123 tps=20862
2026-06-04 12:26:55,356 [INFO] step=1110 loss=3.1222 lm=3.1222 tps=20867
2026-06-04 12:26:59,195 [INFO] step=1120 loss=3.0760 lm=3.0760 tps=20871
2026-06-04 12:27:03,048 [INFO] step=1130 loss=3.0756 lm=3.0756 tps=20874
2026-06-04 12:27:06,886 [INFO] step=1140 loss=3.1220 lm=3.1220 tps=20878
2026-06-04 12:27:10,731 [INFO] step=1150 loss=3.1430 lm=3.1430 tps=20882
2026-06-04 12:27:14,567 [INFO] step=1160 loss=3.1165 lm=3.1165 tps=20886
2026-06-04 12:27:18,406 [INFO] step=1170 loss=3.0901 lm=3.0901 tps=20889
2026-06-04 12:27:22,247 [INFO] step=1180 loss=3.1223 lm=3.1223 tps=20893
2026-06-04 12:27:26,084 [INFO] step=1190 loss=3.1126 lm=3.1126 tps=20897
2026-06-04 12:27:29,924 [INFO] step=1200 loss=3.0681 lm=3.0681 tps=20900
2026-06-04 12:27:29,924 [INFO] 🧹 GPU belleği temizleniyor (step 1200)...
2026-06-04 12:27:30,025 [INFO] ✅ GPU belleği temizlendi
2026-06-04 12:27:33,857 [INFO] step=1210 loss=3.1188 lm=3.1188 tps=20900
2026-06-04 12:27:37,699 [INFO] step=1220 loss=3.0861 lm=3.0861 tps=20903
2026-06-04 12:27:41,540 [INFO] step=1230 loss=3.1001 lm=3.1001 tps=20907
2026-06-04 12:27:45,388 [INFO] step=1240 loss=3.2150 lm=3.2150 tps=20910
2026-06-04 12:27:49,222 [INFO] step=1250 loss=3.1310 lm=3.1310 tps=20913
2026-06-04 12:27:53,063 [INFO] step=1260 loss=3.0961 lm=3.0961 tps=20916
2026-06-04 12:27:56,908 [INFO] step=1270 loss=3.1428 lm=3.1428 tps=20919
2026-06-04 12:28:00,749 [INFO] step=1280 loss=3.1296 lm=3.1296 tps=20923
2026-06-04 12:28:04,586 [INFO] step=1290 loss=3.0922 lm=3.0922 tps=20926
2026-06-04 12:28:08,431 [INFO] step=1300 loss=3.1238 lm=3.1238 tps=20929
2026-06-04 12:28:12,274 [INFO] step=1310 loss=3.0836 lm=3.0836 tps=20932
2026-06-04 12:28:16,114 [INFO] step=1320 loss=3.1110 lm=3.1110 tps=20935
2026-06-04 12:28:19,953 [INFO] step=1330 loss=3.0636 lm=3.0636 tps=20938
2026-06-04 12:28:23,796 [INFO] step=1340 loss=3.1155 lm=3.1155 tps=20940
2026-06-04 12:28:27,637 [INFO] step=1350 loss=3.1413 lm=3.1413 tps=20943
2026-06-04 12:28:31,476 [INFO] step=1360 loss=3.1277 lm=3.1277 tps=20946
2026-06-04 12:28:35,315 [INFO] step=1370 loss=3.1517 lm=3.1517 tps=20949
2026-06-04 12:28:39,161 [INFO] step=1380 loss=3.1698 lm=3.1698 tps=20951
2026-06-04 12:28:43,007 [INFO] step=1390 loss=3.1014 lm=3.1014 tps=20954
2026-06-04 12:28:46,847 [INFO] step=1400 loss=3.0599 lm=3.0599 tps=20957
2026-06-04 12:28:46,847 [INFO] 🧹 GPU belleği temizleniyor (step 1400)...
2026-06-04 12:28:46,950 [INFO] ✅ GPU belleği temizlendi
2026-06-04 12:28:50,784 [INFO] step=1410 loss=3.0830 lm=3.0830 tps=20955
2026-06-04 12:28:54,623 [INFO] step=1420 loss=3.1052 lm=3.1052 tps=20958
2026-06-04 12:28:58,460 [INFO] step=1430 loss=3.1280 lm=3.1280 tps=20961
2026-06-04 12:29:02,299 [INFO] step=1440 loss=3.1492 lm=3.1492 tps=20963
2026-06-04 12:29:06,145 [INFO] step=1450 loss=3.1523 lm=3.1523 tps=20966
2026-06-04 12:29:09,997 [INFO] step=1460 loss=3.1159 lm=3.1159 tps=20968
2026-06-04 12:29:13,836 [INFO] step=1470 loss=3.1868 lm=3.1868 tps=20970
2026-06-04 12:29:17,673 [INFO] step=1480 loss=3.0643 lm=3.0643 tps=20973
2026-06-04 12:29:21,515 [INFO] step=1490 loss=3.2148 lm=3.2148 tps=20975
2026-06-04 12:29:27,599 [INFO] step=1500 loss=3.2111 lm=3.2111 tps=20977
2026-06-04 12:29:31,428 [INFO] step=1510 loss=3.1116 lm=3.1116 tps=20901
2026-06-04 12:29:35,268 [INFO] step=1520 loss=3.1398 lm=3.1398 tps=20903
2026-06-04 12:29:39,112 [INFO] step=1530 loss=3.1541 lm=3.1541 tps=20906
2026-06-04 12:29:42,952 [INFO] step=1540 loss=3.1017 lm=3.1017 tps=20909
2026-06-04 12:29:46,799 [INFO] step=1550 loss=3.1298 lm=3.1298 tps=20911
2026-06-04 12:29:50,639 [INFO] step=1560 loss=3.1602 lm=3.1602 tps=20914
2026-06-04 12:29:54,478 [INFO] step=1570 loss=3.1867 lm=3.1867 tps=20916
2026-06-04 12:29:58,317 [INFO] step=1580 loss=3.1226 lm=3.1226 tps=20919
2026-06-04 12:30:02,158 [INFO] step=1590 loss=3.0824 lm=3.0824 tps=20922
2026-06-04 12:30:05,998 [INFO] step=1600 loss=3.1502 lm=3.1502 tps=20924
2026-06-04 12:30:05,999 [INFO] 🧹 GPU belleği temizleniyor (step 1600)...
2026-06-04 12:30:06,078 [INFO] ✅ GPU belleği temizlendi
2026-06-04 12:30:09,915 [INFO] step=1610 loss=3.1688 lm=3.1688 tps=20924
2026-06-04 12:30:13,759 [INFO] step=1620 loss=3.0632 lm=3.0632 tps=20926
2026-06-04 12:30:17,594 [INFO] step=1630 loss=3.1821 lm=3.1821 tps=20929
2026-06-04 12:30:21,437 [INFO] step=1640 loss=3.1299 lm=3.1299 tps=20931
2026-06-04 12:30:25,273 [INFO] step=1650 loss=3.0994 lm=3.0994 tps=20934
2026-06-04 12:30:29,117 [INFO] step=1660 loss=3.1480 lm=3.1480 tps=20936
2026-06-04 12:30:32,958 [INFO] step=1670 loss=3.1402 lm=3.1402 tps=20938
2026-06-04 12:30:36,796 [INFO] step=1680 loss=3.1306 lm=3.1306 tps=20941
2026-06-04 12:30:40,639 [INFO] step=1690 loss=3.0732 lm=3.0732 tps=20943
2026-06-04 12:30:44,474 [INFO] step=1700 loss=3.1068 lm=3.1068 tps=20945
2026-06-04 12:30:48,316 [INFO] step=1710 loss=3.1156 lm=3.1156 tps=20947
2026-06-04 12:30:52,162 [INFO] step=1720 loss=3.0703 lm=3.0703 tps=20949
2026-06-04 12:30:56,007 [INFO] step=1730 loss=3.1432 lm=3.1432 tps=20952
2026-06-04 12:30:59,848 [INFO] step=1740 loss=3.0737 lm=3.0737 tps=20954
2026-06-04 12:31:03,686 [INFO] step=1750 loss=3.1039 lm=3.1039 tps=20956
2026-06-04 12:31:07,528 [INFO] step=1760 loss=3.1802 lm=3.1802 tps=20958
2026-06-04 12:31:11,362 [INFO] step=1770 loss=3.0946 lm=3.0946 tps=20960
2026-06-04 12:31:15,203 [INFO] step=1780 loss=3.1784 lm=3.1784 tps=20962
2026-06-04 12:31:19,038 [INFO] step=1790 loss=3.1511 lm=3.1511 tps=20964
2026-06-04 12:31:22,871 [INFO] step=1800 loss=3.1288 lm=3.1288 tps=20967
2026-06-04 12:31:22,871 [INFO] 🧹 GPU belleği temizleniyor (step 1800)...
2026-06-04 12:31:22,971 [INFO] ✅ GPU belleği temizlendi
2026-06-04 12:31:26,809 [INFO] step=1810 loss=3.1914 lm=3.1914 tps=20966
2026-06-04 12:31:30,651 [INFO] step=1820 loss=3.1317 lm=3.1317 tps=20968
2026-06-04 12:31:34,495 [INFO] step=1830 loss=3.1413 lm=3.1413 tps=20969
2026-06-04 12:31:38,343 [INFO] step=1840 loss=3.1190 lm=3.1190 tps=20971
2026-06-04 12:31:42,186 [INFO] step=1850 loss=3.1325 lm=3.1325 tps=20973
2026-06-04 12:31:46,029 [INFO] step=1860 loss=3.1938 lm=3.1938 tps=20975
2026-06-04 12:31:49,874 [INFO] step=1870 loss=3.1209 lm=3.1209 tps=20977
2026-06-04 12:31:53,719 [INFO] step=1880 loss=3.0817 lm=3.0817 tps=20978
2026-06-04 12:31:57,568 [INFO] step=1890 loss=3.1090 lm=3.1090 tps=20980
2026-06-04 12:32:01,409 [INFO] step=1900 loss=3.1226 lm=3.1226 tps=20982
2026-06-04 12:32:05,250 [INFO] step=1910 loss=3.0961 lm=3.0961 tps=20983
2026-06-04 12:32:09,090 [INFO] step=1920 loss=3.2468 lm=3.2468 tps=20985
2026-06-04 12:32:12,929 [INFO] step=1930 loss=3.1403 lm=3.1403 tps=20987
2026-06-04 12:32:16,769 [INFO] step=1940 loss=3.1194 lm=3.1194 tps=20989
2026-06-04 12:32:20,624 [INFO] step=1950 loss=3.1320 lm=3.1320 tps=20990
2026-06-04 12:32:24,473 [INFO] step=1960 loss=3.1374 lm=3.1374 tps=20992
2026-06-04 12:32:28,312 [INFO] step=1970 loss=3.1500 lm=3.1500 tps=20993
2026-06-04 12:32:32,157 [INFO] step=1980 loss=3.0919 lm=3.0919 tps=20995
2026-06-04 12:32:36,002 [INFO] step=1990 loss=3.0987 lm=3.0987 tps=20996
2026-06-04 12:32:41,834 [INFO] step=2000 loss=3.1842 lm=3.1842 tps=20998
2026-06-04 12:32:41,835 [INFO] 🧹 GPU belleği temizleniyor (step 2000)...
2026-06-04 12:32:41,914 [INFO] ✅ GPU belleği temizlendi
2026-06-04 12:32:45,746 [INFO] step=2010 loss=3.1293 lm=3.1293 tps=20945
2026-06-04 12:32:49,583 [INFO] step=2020 loss=3.1249 lm=3.1249 tps=20947
2026-06-04 12:32:53,420 [INFO] step=2030 loss=3.1158 lm=3.1158 tps=20948
2026-06-04 12:32:57,259 [INFO] step=2040 loss=3.1556 lm=3.1556 tps=20950
2026-06-04 12:33:01,109 [INFO] step=2050 loss=3.1018 lm=3.1018 tps=20952
2026-06-04 12:33:04,954 [INFO] step=2060 loss=3.1693 lm=3.1693 tps=20954
2026-06-04 12:33:08,802 [INFO] step=2070 loss=3.1451 lm=3.1451 tps=20955
2026-06-04 12:33:12,647 [INFO] step=2080 loss=3.1768 lm=3.1768 tps=20957
2026-06-04 12:33:16,490 [INFO] step=2090 loss=3.1427 lm=3.1427 tps=20959
2026-06-04 12:33:20,332 [INFO] step=2100 loss=3.1064 lm=3.1064 tps=20960
2026-06-04 12:33:24,182 [INFO] step=2110 loss=3.1668 lm=3.1668 tps=20962
2026-06-04 12:33:28,045 [INFO] step=2120 loss=3.1618 lm=3.1618 tps=20963
2026-06-04 12:33:31,890 [INFO] step=2130 loss=3.0692 lm=3.0692 tps=20965
2026-06-04 12:33:35,739 [INFO] step=2140 loss=3.1054 lm=3.1054 tps=20966
2026-06-04 12:33:39,581 [INFO] step=2150 loss=3.0969 lm=3.0969 tps=20968
2026-06-04 12:33:43,432 [INFO] step=2160 loss=3.2021 lm=3.2021 tps=20969
2026-06-04 12:33:47,278 [INFO] step=2170 loss=3.0791 lm=3.0791 tps=20970
2026-06-04 12:33:51,123 [INFO] step=2180 loss=3.1312 lm=3.1312 tps=20972
2026-06-04 12:33:54,969 [INFO] step=2190 loss=3.0555 lm=3.0555 tps=20973
2026-06-04 12:33:58,814 [INFO] step=2200 loss=3.1365 lm=3.1365 tps=20975
2026-06-04 12:33:58,814 [INFO] 🧹 GPU belleği temizleniyor (step 2200)...
2026-06-04 12:33:58,915 [INFO] ✅ GPU belleği temizlendi
2026-06-04 12:34:02,752 [INFO] step=2210 loss=3.1727 lm=3.1727 tps=20974
2026-06-04 12:34:06,594 [INFO] step=2220 loss=3.1547 lm=3.1547 tps=20976
2026-06-04 12:34:10,438 [INFO] step=2230 loss=3.1895 lm=3.1895 tps=20977
2026-06-04 12:34:14,285 [INFO] step=2240 loss=3.1249 lm=3.1249 tps=20979
2026-06-04 12:34:18,134 [INFO] step=2250 loss=3.0872 lm=3.0872 tps=20980
2026-06-04 12:34:21,972 [INFO] step=2260 loss=3.1071 lm=3.1071 tps=20982
2026-06-04 12:34:25,818 [INFO] step=2270 loss=3.1660 lm=3.1660 tps=20983
2026-06-04 12:34:29,661 [INFO] step=2280 loss=3.1044 lm=3.1044 tps=20984
2026-06-04 12:34:33,506 [INFO] step=2290 loss=3.1113 lm=3.1113 tps=20986
2026-06-04 12:34:37,356 [INFO] step=2300 loss=3.1057 lm=3.1057 tps=20987
2026-06-04 12:34:41,203 [INFO] step=2310 loss=3.1039 lm=3.1039 tps=20988
2026-06-04 12:34:45,056 [INFO] step=2320 loss=3.1512 lm=3.1512 tps=20989
2026-06-04 12:34:48,898 [INFO] step=2330 loss=3.1878 lm=3.1878 tps=20991
2026-06-04 12:34:52,738 [INFO] step=2340 loss=3.1209 lm=3.1209 tps=20992
2026-06-04 12:34:56,580 [INFO] step=2350 loss=3.1110 lm=3.1110 tps=20994
2026-06-04 12:35:00,424 [INFO] step=2360 loss=3.0871 lm=3.0871 tps=20995
2026-06-04 12:35:04,261 [INFO] step=2370 loss=3.1112 lm=3.1112 tps=20996
2026-06-04 12:35:08,100 [INFO] step=2380 loss=3.0988 lm=3.0988 tps=20998
2026-06-04 12:35:11,938 [INFO] step=2390 loss=3.1220 lm=3.1220 tps=20999
2026-06-04 12:35:15,785 [INFO] step=2400 loss=3.1238 lm=3.1238 tps=21001
2026-06-04 12:35:15,785 [INFO] 🧹 GPU belleği temizleniyor (step 2400)...
2026-06-04 12:35:15,886 [INFO] ✅ GPU belleği temizlendi
2026-06-04 12:35:19,726 [INFO] step=2410 loss=3.1445 lm=3.1445 tps=21000
2026-06-04 12:35:23,569 [INFO] step=2420 loss=3.1717 lm=3.1717 tps=21001
2026-06-04 12:35:27,405 [INFO] step=2430 loss=3.0626 lm=3.0626 tps=21002
2026-06-04 12:35:31,245 [INFO] step=2440 loss=3.1007 lm=3.1007 tps=21004
2026-06-04 12:35:35,091 [INFO] step=2450 loss=3.1263 lm=3.1263 tps=21005
2026-06-04 12:35:38,933 [INFO] step=2460 loss=3.1264 lm=3.1264 tps=21006
2026-06-04 12:35:42,768 [INFO] step=2470 loss=3.1275 lm=3.1275 tps=21008
2026-06-04 12:35:46,615 [INFO] step=2480 loss=3.1776 lm=3.1776 tps=21009
2026-06-04 12:35:50,454 [INFO] step=2490 loss=3.1327 lm=3.1327 tps=21010
2026-06-04 12:35:56,288 [INFO] step=2500 loss=3.0789 lm=3.0789 tps=21011
2026-06-04 12:36:00,119 [INFO] step=2510 loss=3.0964 lm=3.0964 tps=20970
2026-06-04 12:36:03,964 [INFO] step=2520 loss=3.1121 lm=3.1121 tps=20971
2026-06-04 12:36:07,808 [INFO] step=2530 loss=3.1330 lm=3.1330 tps=20973
2026-06-04 12:36:11,652 [INFO] step=2540 loss=3.1564 lm=3.1564 tps=20974
2026-06-04 12:36:15,493 [INFO] step=2550 loss=3.1105 lm=3.1105 tps=20975
2026-06-04 12:36:19,333 [INFO] step=2560 loss=3.2097 lm=3.2097 tps=20977
2026-06-04 12:36:23,167 [INFO] step=2570 loss=3.1494 lm=3.1494 tps=20978
2026-06-04 12:36:27,016 [INFO] step=2580 loss=3.1774 lm=3.1774 tps=20979
2026-06-04 12:36:30,861 [INFO] step=2590 loss=3.1157 lm=3.1157 tps=20981
2026-06-04 12:36:34,711 [INFO] step=2600 loss=3.2053 lm=3.2053 tps=20982
2026-06-04 12:36:34,711 [INFO] 🧹 GPU belleği temizleniyor (step 2600)...
2026-06-04 12:36:34,790 [INFO] ✅ GPU belleği temizlendi
2026-06-04 12:36:38,629 [INFO] step=2610 loss=3.1580 lm=3.1580 tps=20981
2026-06-04 12:36:42,472 [INFO] step=2620 loss=3.1227 lm=3.1227 tps=20983
2026-06-04 12:36:46,320 [INFO] step=2630 loss=3.0864 lm=3.0864 tps=20984
2026-06-04 12:36:50,161 [INFO] step=2640 loss=3.1006 lm=3.1006 tps=20985
2026-06-04 12:36:54,003 [INFO] step=2650 loss=3.1247 lm=3.1247 tps=20986
2026-06-04 12:36:57,848 [INFO] step=2660 loss=3.1284 lm=3.1284 tps=20988
2026-06-04 12:37:01,693 [INFO] step=2670 loss=3.1991 lm=3.1991 tps=20989
2026-06-04 12:37:05,540 [INFO] step=2680 loss=3.1199 lm=3.1199 tps=20990
2026-06-04 12:37:09,378 [INFO] step=2690 loss=3.2141 lm=3.2141 tps=20991
2026-06-04 12:37:13,215 [INFO] step=2700 loss=3.1459 lm=3.1459 tps=20992
2026-06-04 12:37:17,054 [INFO] step=2710 loss=3.0864 lm=3.0864 tps=20994
2026-06-04 12:37:20,895 [INFO] step=2720 loss=3.1259 lm=3.1259 tps=20995
2026-06-04 12:37:24,740 [INFO] step=2730 loss=3.0934 lm=3.0934 tps=20996
2026-06-04 12:37:28,590 [INFO] step=2740 loss=3.0581 lm=3.0581 tps=20997
2026-06-04 12:37:32,433 [INFO] step=2750 loss=3.1233 lm=3.1233 tps=20998
2026-06-04 12:37:36,278 [INFO] step=2760 loss=3.1426 lm=3.1426 tps=20999
2026-06-04 12:37:40,126 [INFO] step=2770 loss=3.1067 lm=3.1067 tps=21000
2026-06-04 12:37:43,975 [INFO] step=2780 loss=3.1409 lm=3.1409 tps=21001
2026-06-04 12:37:47,812 [INFO] step=2790 loss=3.1503 lm=3.1503 tps=21003
2026-06-04 12:37:51,653 [INFO] step=2800 loss=3.1770 lm=3.1770 tps=21004
2026-06-04 12:37:51,653 [INFO] 🧹 GPU belleği temizleniyor (step 2800)...
2026-06-04 12:37:51,754 [INFO] ✅ GPU belleği temizlendi
2026-06-04 12:37:55,585 [INFO] step=2810 loss=3.1021 lm=3.1021 tps=21003
2026-06-04 12:37:59,430 [INFO] step=2820 loss=3.1597 lm=3.1597 tps=21004
2026-06-04 12:38:03,268 [INFO] step=2830 loss=3.1180 lm=3.1180 tps=21005
2026-06-04 12:38:07,105 [INFO] step=2840 loss=3.1657 lm=3.1657 tps=21007
2026-06-04 12:38:10,945 [INFO] step=2850 loss=3.2478 lm=3.2478 tps=21008
2026-06-04 12:38:14,780 [INFO] step=2860 loss=3.1225 lm=3.1225 tps=21009
2026-06-04 12:38:18,621 [INFO] step=2870 loss=3.1248 lm=3.1248 tps=21010
2026-06-04 12:38:22,465 [INFO] step=2880 loss=3.1075 lm=3.1075 tps=21011
2026-06-04 12:38:26,306 [INFO] step=2890 loss=3.2001 lm=3.2001 tps=21012
2026-06-04 12:38:30,147 [INFO] step=2900 loss=3.1293 lm=3.1293 tps=21013
2026-06-04 12:38:33,990 [INFO] step=2910 loss=3.1167 lm=3.1167 tps=21014
2026-06-04 12:38:37,836 [INFO] step=2920 loss=3.1248 lm=3.1248 tps=21015
2026-06-04 12:38:41,686 [INFO] step=2930 loss=3.1752 lm=3.1752 tps=21016
2026-06-04 12:38:45,524 [INFO] step=2940 loss=3.1481 lm=3.1481 tps=21017
2026-06-04 12:38:49,356 [INFO] step=2950 loss=3.0937 lm=3.0937 tps=21018
2026-06-04 12:38:53,200 [INFO] step=2960 loss=3.1347 lm=3.1347 tps=21019
2026-06-04 12:38:57,037 [INFO] step=2970 loss=3.1847 lm=3.1847 tps=21020
2026-06-04 12:39:00,878 [INFO] step=2980 loss=3.1426 lm=3.1426 tps=21021
2026-06-04 12:39:04,714 [INFO] step=2990 loss=3.1856 lm=3.1856 tps=21023
2026-06-04 12:39:10,543 [INFO] step=3000 loss=3.0471 lm=3.0471 tps=21024
2026-06-04 12:39:10,544 [INFO] 🧹 GPU belleği temizleniyor (step 3000)...
2026-06-04 12:39:10,621 [INFO] ✅ GPU belleği temizlendi
2026-06-04 12:39:10,621 [INFO] 🔄 Faz geçişi: 1 -> 2
2026-06-04 12:39:10,622 [INFO] 🧩 ScalableJIT: 4 blok sarmalandi (period=0, tinyjit=on)
2026-06-04 12:39:10,622 [INFO] Faz 2 — strength=0.000 [ULTRA_WNN JIT]
2026-06-04 12:40:01,279 [INFO] step=3010 loss=3.4253 lm=3.4247 tps=20183
2026-06-04 12:40:12,797 [INFO] step=3020 loss=3.5888 lm=3.5883 tps=20061
2026-06-04 12:40:24,254 [INFO] step=3030 loss=3.5099 lm=3.5094 tps=19942
2026-06-04 12:40:35,742 [INFO] step=3040 loss=3.5026 lm=3.5021 tps=19825
2026-06-04 12:40:47,248 [INFO] step=3050 loss=3.3230 lm=3.3225 tps=19710
2026-06-04 12:40:58,735 [INFO] step=3060 loss=3.4146 lm=3.4141 tps=19597
2026-06-04 12:41:10,226 [INFO] step=3070 loss=3.2979 lm=3.2974 tps=19486
2026-06-04 12:41:21,762 [INFO] step=3080 loss=3.3220 lm=3.3215 tps=19376
2026-06-04 12:41:33,261 [INFO] step=3090 loss=3.2247 lm=3.2242 tps=19269
2026-06-04 12:41:44,779 [INFO] step=3100 loss=3.2549 lm=3.2544 tps=19163
2026-06-04 12:41:56,269 [INFO] step=3110 loss=3.2319 lm=3.2314 tps=19060
2026-06-04 12:42:07,795 [INFO] step=3120 loss=3.1929 lm=3.1924 tps=18958
2026-06-04 12:42:19,308 [INFO] step=3130 loss=3.2305 lm=3.2300 tps=18857
2026-06-04 12:42:30,827 [INFO] step=3140 loss=3.2316 lm=3.2311 tps=18759
2026-06-04 12:42:42,356 [INFO] step=3150 loss=3.2122 lm=3.2117 tps=18662
2026-06-04 12:42:53,840 [INFO] step=3160 loss=3.2180 lm=3.2175 tps=18567
2026-06-04 12:43:05,337 [INFO] step=3170 loss=3.1758 lm=3.1753 tps=18473
2026-06-04 12:43:16,871 [INFO] step=3180 loss=3.1698 lm=3.1693 tps=18381
2026-06-04 12:43:28,356 [INFO] step=3190 loss=3.1324 lm=3.1319 tps=18290
2026-06-04 12:43:39,852 [INFO] step=3200 loss=3.1615 lm=3.1610 tps=18201
2026-06-04 12:43:39,853 [INFO] 🧹 GPU belleği temizleniyor (step 3200)...
2026-06-04 12:43:40,129 [INFO] ✅ GPU belleği temizlendi
2026-06-04 12:43:51,649 [INFO] step=3210 loss=3.1543 lm=3.1538 tps=18110
2026-06-04 12:44:03,143 [INFO] step=3220 loss=3.2270 lm=3.2265 tps=18023
2026-06-04 12:44:14,635 [INFO] step=3230 loss=3.1747 lm=3.1742 tps=17938
2026-06-04 12:44:26,145 [INFO] step=3240 loss=3.2330 lm=3.2325 tps=17855
2026-06-04 12:44:37,673 [INFO] step=3250 loss=3.1913 lm=3.1908 tps=17772
2026-06-04 12:44:49,196 [INFO] step=3260 loss=3.1989 lm=3.1984 tps=17691
2026-06-04 12:45:00,694 [INFO] step=3270 loss=3.1891 lm=3.1886 tps=17611
2026-06-04 12:45:12,186 [INFO] step=3280 loss=3.2017 lm=3.2012 tps=17532
2026-06-04 12:45:23,678 [INFO] step=3290 loss=3.1298 lm=3.1293 tps=17455
2026-06-04 12:45:35,162 [INFO] step=3300 loss=3.2345 lm=3.2340 tps=17378
2026-06-04 12:45:46,661 [INFO] step=3310 loss=3.2206 lm=3.2201 tps=17303
2026-06-04 12:45:58,154 [INFO] step=3320 loss=3.1451 lm=3.1446 tps=17229
2026-06-04 12:46:09,641 [INFO] step=3330 loss=3.1454 lm=3.1449 tps=17156
2026-06-04 12:46:21,159 [INFO] step=3340 loss=3.2251 lm=3.2246 tps=17084
2026-06-04 12:46:32,692 [INFO] step=3350 loss=3.2017 lm=3.2012 tps=17013
2026-06-04 12:46:44,192 [INFO] step=3360 loss=3.2113 lm=3.2108 tps=16943
2026-06-04 12:46:55,683 [INFO] step=3370 loss=3.2011 lm=3.2006 tps=16874
2026-06-04 12:47:07,172 [INFO] step=3380 loss=3.1901 lm=3.1896 tps=16806
2026-06-04 12:47:18,671 [INFO] step=3390 loss=3.2390 lm=3.2385 tps=16739
2026-06-04 12:47:30,194 [INFO] step=3400 loss=3.2233 lm=3.2228 tps=16672
2026-06-04 12:47:30,195 [INFO] 🧹 GPU belleği temizleniyor (step 3400)...
2026-06-04 12:47:30,457 [INFO] ✅ GPU belleği temizlendi
2026-06-04 12:47:41,927 [INFO] step=3410 loss=3.1922 lm=3.1917 tps=16605
2026-06-04 12:47:53,443 [INFO] step=3420 loss=3.1410 lm=3.1405 tps=16540
2026-06-04 12:48:04,934 [INFO] step=3430 loss=3.1289 lm=3.1284 tps=16477
2026-06-04 12:48:16,456 [INFO] step=3440 loss=3.1281 lm=3.1276 tps=16414
2026-06-04 12:48:27,971 [INFO] step=3450 loss=3.1663 lm=3.1658 tps=16352
2026-06-04 12:48:39,508 [INFO] step=3460 loss=3.1493 lm=3.1488 tps=16291
2026-06-04 12:48:51,023 [INFO] step=3470 loss=3.1791 lm=3.1786 tps=16230
2026-06-04 12:49:02,529 [INFO] step=3480 loss=3.1583 lm=3.1578 tps=16171
2026-06-04 12:49:14,043 [INFO] step=3490 loss=3.1235 lm=3.1230 tps=16112
2026-06-04 12:49:28,111 [INFO] step=3500 loss=3.1544 lm=3.1539 tps=16054
2026-06-04 12:49:39,628 [INFO] step=3510 loss=3.2766 lm=3.2761 tps=15974
2026-06-04 12:49:51,121 [INFO] step=3520 loss=3.2295 lm=3.2290 tps=15918
2026-06-04 12:50:02,599 [INFO] step=3530 loss=3.1368 lm=3.1363 tps=15863
2026-06-04 12:50:14,092 [INFO] step=3540 loss=3.1817 lm=3.1812 tps=15808
2026-06-04 12:50:25,575 [INFO] step=3550 loss=3.1442 lm=3.1437 tps=15754
2026-06-04 12:50:37,093 [INFO] step=3560 loss=3.1731 lm=3.1726 tps=15700
2026-06-04 12:50:48,585 [INFO] step=3570 loss=3.1291 lm=3.1286 tps=15648
2026-06-04 12:51:00,069 [INFO] step=3580 loss=3.1607 lm=3.1602 tps=15596
2026-06-04 12:51:11,556 [INFO] step=3590 loss=3.1609 lm=3.1604 tps=15544
2026-06-04 12:51:23,045 [INFO] step=3600 loss=3.1830 lm=3.1825 tps=15493
2026-06-04 12:51:23,045 [INFO] 🧹 GPU belleği temizleniyor (step 3600)...
2026-06-04 12:51:23,309 [INFO] ✅ GPU belleği temizlendi
2026-06-04 12:51:34,801 [INFO] step=3610 loss=3.2360 lm=3.2355 tps=15441
2026-06-04 12:51:46,309 [INFO] step=3620 loss=3.1930 lm=3.1925 tps=15391
2026-06-04 12:51:57,826 [INFO] step=3630 loss=3.1499 lm=3.1494 tps=15342
2026-06-04 12:52:09,329 [INFO] step=3640 loss=3.1525 lm=3.1520 tps=15294
2026-06-04 12:52:20,833 [INFO] step=3650 loss=3.1902 lm=3.1897 tps=15246
2026-06-04 12:52:32,360 [INFO] step=3660 loss=3.1991 lm=3.1986 tps=15198
2026-06-04 12:52:43,865 [INFO] step=3670 loss=3.1819 lm=3.1814 tps=15151
2026-06-04 12:52:55,364 [INFO] step=3680 loss=3.2134 lm=3.2129 tps=15105
2026-06-04 12:53:06,878 [INFO] step=3690 loss=3.1999 lm=3.1994 tps=15059
2026-06-04 12:53:18,378 [INFO] step=3700 loss=3.1125 lm=3.1120 tps=15014
2026-06-04 12:53:29,866 [INFO] step=3710 loss=3.3156 lm=3.3151 tps=14969
2026-06-04 12:53:41,407 [INFO] step=3720 loss=3.1071 lm=3.1066 tps=14925
2026-06-04 12:53:52,899 [INFO] step=3730 loss=3.0853 lm=3.0848 tps=14881
2026-06-04 12:54:04,429 [INFO] step=3740 loss=3.2071 lm=3.2066 tps=14838
2026-06-04 12:54:15,929 [INFO] step=3750 loss=3.1181 lm=3.1176 tps=14795
2026-06-04 12:54:27,453 [INFO] step=3760 loss=3.1271 lm=3.1266 tps=14753
2026-06-04 12:54:38,970 [INFO] step=3770 loss=3.1260 lm=3.1255 tps=14711
2026-06-04 12:54:50,457 [INFO] step=3780 loss=3.1403 lm=3.1398 tps=14670
2026-06-04 12:55:01,953 [INFO] step=3790 loss=3.1505 lm=3.1500 tps=14629
2026-06-04 12:55:13,448 [INFO] step=3800 loss=3.1274 lm=3.1269 tps=14588
2026-06-04 12:55:13,449 [INFO] 🧹 GPU belleği temizleniyor (step 3800)...
2026-06-04 12:55:13,711 [INFO] ✅ GPU belleği temizlendi
2026-06-04 12:55:25,223 [INFO] step=3810 loss=3.1455 lm=3.1450 tps=14546
2026-06-04 12:55:36,725 [INFO] step=3820 loss=3.0882 lm=3.0877 tps=14507
2026-06-04 12:55:48,206 [INFO] step=3830 loss=3.0627 lm=3.0622 tps=14468
2026-06-04 12:55:59,726 [INFO] step=3840 loss=3.1352 lm=3.1347 tps=14429
2026-06-04 12:56:11,227 [INFO] step=3850 loss=3.0995 lm=3.0990 tps=14391
2026-06-04 12:56:22,716 [INFO] step=3860 loss=3.1407 lm=3.1402 tps=14353
2026-06-04 12:56:34,202 [INFO] step=3870 loss=3.1370 lm=3.1365 tps=14315
2026-06-04 12:56:45,659 [INFO] step=3880 loss=3.1098 lm=3.1094 tps=14278
2026-06-04 12:56:57,130 [INFO] step=3890 loss=3.1410 lm=3.1405 tps=14242
2026-06-04 12:57:08,649 [INFO] step=3900 loss=3.0668 lm=3.0663 tps=14205
2026-06-04 12:57:20,141 [INFO] step=3910 loss=3.0811 lm=3.0806 tps=14169
2026-06-04 12:57:31,622 [INFO] step=3920 loss=3.0862 lm=3.0857 tps=14134
2026-06-04 12:57:43,107 [INFO] step=3930 loss=3.1286 lm=3.1281 tps=14099
2026-06-04 12:57:54,647 [INFO] step=3940 loss=3.0971 lm=3.0966 tps=14063
2026-06-04 12:58:06,108 [INFO] step=3950 loss=3.0721 lm=3.0716 tps=14029
2026-06-04 12:58:17,613 [INFO] step=3960 loss=3.0773 lm=3.0768 tps=13995
2026-06-04 12:58:29,118 [INFO] step=3970 loss=3.0715 lm=3.0710 tps=13961
2026-06-04 12:58:40,618 [INFO] step=3980 loss=3.1295 lm=3.1290 tps=13927
2026-06-04 12:58:52,115 [INFO] step=3990 loss=3.0841 lm=3.0836 tps=13894
2026-06-04 12:59:05,829 [INFO] step=4000 loss=3.0859 lm=3.0854 tps=13861
2026-06-04 12:59:05,829 [INFO] 🧹 GPU belleği temizleniyor (step 4000)...
2026-06-04 12:59:06,094 [INFO] ✅ GPU belleği temizlendi
2026-06-04 12:59:17,607 [INFO] step=4010 loss=3.0961 lm=3.0956 tps=13814
2026-06-04 12:59:29,126 [INFO] step=4020 loss=3.1083 lm=3.1078 tps=13782
2026-06-04 12:59:40,582 [INFO] step=4030 loss=3.1194 lm=3.1189 tps=13750
2026-06-04 12:59:52,068 [INFO] step=4040 loss=3.0954 lm=3.0949 tps=13718
2026-06-04 13:00:03,586 [INFO] step=4050 loss=3.0808 lm=3.0803 tps=13687
2026-06-04 13:00:15,061 [INFO] step=4060 loss=3.1636 lm=3.1631 tps=13656
2026-06-04 13:00:26,596 [INFO] step=4070 loss=3.0558 lm=3.0553 tps=13625
2026-06-04 13:00:38,094 [INFO] step=4080 loss=3.0622 lm=3.0617 tps=13595
2026-06-04 13:00:49,617 [INFO] step=4090 loss=3.1164 lm=3.1159 tps=13565
2026-06-04 13:01:01,132 [INFO] step=4100 loss=3.0953 lm=3.0948 tps=13535
2026-06-04 13:01:12,609 [INFO] step=4110 loss=3.0703 lm=3.0698 tps=13505
2026-06-04 13:01:24,102 [INFO] step=4120 loss=3.0257 lm=3.0252 tps=13476
2026-06-04 13:01:35,621 [INFO] step=4130 loss=3.0455 lm=3.0450 tps=13447
2026-06-04 13:01:47,116 [INFO] step=4140 loss=3.0435 lm=3.0430 tps=13418
2026-06-04 13:01:58,612 [INFO] step=4150 loss=3.0868 lm=3.0863 tps=13390
2026-06-04 13:02:10,117 [INFO] step=4160 loss=3.0819 lm=3.0814 tps=13361
2026-06-04 13:02:21,593 [INFO] step=4170 loss=3.0568 lm=3.0563 tps=13334
2026-06-04 13:02:33,067 [INFO] step=4180 loss=3.0601 lm=3.0596 tps=13306
2026-06-04 13:02:44,564 [INFO] step=4190 loss=3.0536 lm=3.0531 tps=13278
2026-06-04 13:02:56,050 [INFO] step=4200 loss=3.0661 lm=3.0657 tps=13251
2026-06-04 13:02:56,051 [INFO] 🧹 GPU belleği temizleniyor (step 4200)...
2026-06-04 13:02:56,316 [INFO] ✅ GPU belleği temizlendi
2026-06-04 13:03:07,829 [INFO] step=4210 loss=3.0524 lm=3.0519 tps=13223
2026-06-04 13:03:19,287 [INFO] step=4220 loss=3.1147 lm=3.1142 tps=13196
2026-06-04 13:03:30,817 [INFO] step=4230 loss=3.0548 lm=3.0543 tps=13170
2026-06-04 13:03:42,323 [INFO] step=4240 loss=3.0958 lm=3.0953 tps=13143
2026-06-04 13:03:53,818 [INFO] step=4250 loss=3.0717 lm=3.0712 tps=13117
2026-06-04 13:04:05,282 [INFO] step=4260 loss=3.0439 lm=3.0434 tps=13091
2026-06-04 13:04:16,783 [INFO] step=4270 loss=3.1162 lm=3.1157 tps=13066
2026-06-04 13:04:28,272 [INFO] step=4280 loss=3.0394 lm=3.0389 tps=13040
2026-06-04 13:04:39,801 [INFO] step=4290 loss=3.0950 lm=3.0945 tps=13015
2026-06-04 13:04:51,276 [INFO] step=4300 loss=3.1726 lm=3.1721 tps=12990
2026-06-04 13:05:02,749 [INFO] step=4310 loss=3.0060 lm=3.0055 tps=12966
2026-06-04 13:05:14,239 [INFO] step=4320 loss=3.0040 lm=3.0035 tps=12941
2026-06-04 13:05:25,723 [INFO] step=4330 loss=3.0847 lm=3.0842 tps=12917
2026-06-04 13:05:37,269 [INFO] step=4340 loss=3.0462 lm=3.0457 tps=12892
2026-06-04 13:05:48,785 [INFO] step=4350 loss=3.0182 lm=3.0177 tps=12868
2026-06-04 13:06:00,276 [INFO] step=4360 loss=3.1092 lm=3.1087 tps=12845
2026-06-04 13:06:11,777 [INFO] step=4370 loss=3.0128 lm=3.0123 tps=12821
2026-06-04 13:06:23,273 [INFO] step=4380 loss=3.0440 lm=3.0435 tps=12798
2026-06-04 13:06:34,777 [INFO] step=4390 loss=3.0200 lm=3.0195 tps=12775
2026-06-04 13:06:46,261 [INFO] step=4400 loss=3.0337 lm=3.0332 tps=12752
2026-06-04 13:06:46,261 [INFO] 🧹 GPU belleği temizleniyor (step 4400)...
2026-06-04 13:06:46,524 [INFO] ✅ GPU belleği temizlendi
2026-06-04 13:06:58,011 [INFO] step=4410 loss=3.0355 lm=3.0350 tps=12728
2026-06-04 13:07:09,524 [INFO] step=4420 loss=3.0896 lm=3.0891 tps=12705
2026-06-04 13:07:21,062 [INFO] step=4430 loss=3.0542 lm=3.0537 tps=12682
2026-06-04 13:07:32,601 [INFO] step=4440 loss=3.0674 lm=3.0669 tps=12660
2026-06-04 13:07:44,073 [INFO] step=4450 loss=3.0549 lm=3.0544 tps=12638
2026-06-04 13:07:55,576 [INFO] step=4460 loss=3.0118 lm=3.0113 tps=12616
2026-06-04 13:08:07,065 [INFO] step=4470 loss=3.1046 lm=3.1042 tps=12594
2026-06-04 13:08:18,578 [INFO] step=4480 loss=3.0444 lm=3.0439 tps=12573
2026-06-04 13:08:30,054 [INFO] step=4490 loss=3.0411 lm=3.0406 tps=12552
2026-06-04 13:08:43,549 [INFO] step=4500 loss=3.0316 lm=3.0312 tps=12530
2026-06-04 13:08:55,054 [INFO] step=4510 loss=3.0137 lm=3.0132 tps=12501
2026-06-04 13:09:06,534 [INFO] step=4520 loss=3.0087 lm=3.0082 tps=12480
2026-06-04 13:09:18,015 [INFO] step=4530 loss=3.0180 lm=3.0175 tps=12459
2026-06-04 13:09:29,546 [INFO] step=4540 loss=3.0740 lm=3.0735 tps=12439
2026-06-04 13:09:41,038 [INFO] step=4550 loss=3.0376 lm=3.0372 tps=12418
2026-06-04 13:09:52,578 [INFO] step=4560 loss=3.0283 lm=3.0278 tps=12398
2026-06-04 13:10:04,058 [INFO] step=4570 loss=3.0633 lm=3.0628 tps=12378
2026-06-04 13:10:15,588 [INFO] step=4580 loss=3.0573 lm=3.0568 tps=12358
2026-06-04 13:10:27,076 [INFO] step=4590 loss=3.0255 lm=3.0250 tps=12338
2026-06-04 13:10:38,575 [INFO] step=4600 loss=3.0324 lm=3.0319 tps=12319
2026-06-04 13:10:38,575 [INFO] 🧹 GPU belleği temizleniyor (step 4600)...
2026-06-04 13:10:38,838 [INFO] ✅ GPU belleği temizlendi
2026-06-04 13:10:50,330 [INFO] step=4610 loss=3.0377 lm=3.0372 tps=12298
2026-06-04 13:11:01,821 [INFO] step=4620 loss=3.0058 lm=3.0053 tps=12279
2026-06-04 13:11:13,281 [INFO] step=4630 loss=3.0054 lm=3.0050 tps=12260
2026-06-04 13:11:24,794 [INFO] step=4640 loss=3.0050 lm=3.0045 tps=12241
2026-06-04 13:11:36,264 [INFO] step=4650 loss=3.0180 lm=3.0175 tps=12222
2026-06-04 13:11:47,776 [INFO] step=4660 loss=3.0224 lm=3.0219 tps=12203
2026-06-04 13:11:59,280 [INFO] step=4670 loss=3.0497 lm=3.0492 tps=12185
2026-06-04 13:12:10,797 [INFO] step=4680 loss=3.0157 lm=3.0153 tps=12166
2026-06-04 13:12:22,297 [INFO] step=4690 loss=2.9771 lm=2.9766 tps=12148
2026-06-04 13:12:33,798 [INFO] step=4700 loss=3.0544 lm=3.0539 tps=12130
2026-06-04 13:12:45,288 [INFO] step=4710 loss=3.0267 lm=3.0262 tps=12112
2026-06-04 13:12:56,799 [INFO] step=4720 loss=3.0321 lm=3.0316 tps=12094
2026-06-04 13:13:08,283 [INFO] step=4730 loss=3.0948 lm=3.0943 tps=12076
2026-06-04 13:13:19,815 [INFO] step=4740 loss=3.0245 lm=3.0240 tps=12058
2026-06-04 13:13:31,336 [INFO] step=4750 loss=3.0825 lm=3.0820 tps=12041
2026-06-04 13:13:42,817 [INFO] step=4760 loss=3.0040 lm=3.0035 tps=12023
2026-06-04 13:13:54,303 [INFO] step=4770 loss=3.0431 lm=3.0426 tps=12006
2026-06-04 13:14:05,819 [INFO] step=4780 loss=3.0418 lm=3.0414 tps=11989
2026-06-04 13:14:17,288 [INFO] step=4790 loss=3.0795 lm=3.0791 tps=11972
2026-06-04 13:14:28,771 [INFO] step=4800 loss=3.0407 lm=3.0403 tps=11955
2026-06-04 13:14:28,772 [INFO] 🧹 GPU belleği temizleniyor (step 4800)...
2026-06-04 13:14:29,037 [INFO] ✅ GPU belleği temizlendi
2026-06-04 13:14:40,572 [INFO] step=4810 loss=3.0388 lm=3.0383 tps=11937
2026-06-04 13:14:52,068 [INFO] step=4820 loss=3.0104 lm=3.0099 tps=11920
2026-06-04 13:15:03,590 [INFO] step=4830 loss=3.0267 lm=3.0262 tps=11904
2026-06-04 13:15:15,098 [INFO] step=4840 loss=3.0499 lm=3.0494 tps=11887
2026-06-04 13:15:26,578 [INFO] step=4850 loss=2.9843 lm=2.9839 tps=11871
2026-06-04 13:15:38,074 [INFO] step=4860 loss=3.0654 lm=3.0649 tps=11854
2026-06-04 13:15:49,604 [INFO] step=4870 loss=3.0371 lm=3.0367 tps=11838
2026-06-04 13:16:01,089 [INFO] step=4880 loss=3.0814 lm=3.0810 tps=11822
2026-06-04 13:16:12,615 [INFO] step=4890 loss=3.0066 lm=3.0061 tps=11806
2026-06-04 13:16:24,103 [INFO] step=4900 loss=3.0392 lm=3.0387 tps=11790
2026-06-04 13:16:35,638 [INFO] step=4910 loss=2.9940 lm=2.9935 tps=11775
2026-06-04 13:16:47,153 [INFO] step=4920 loss=3.0253 lm=3.0249 tps=11759
2026-06-04 13:16:58,689 [INFO] step=4930 loss=2.9938 lm=2.9933 tps=11743
2026-06-04 13:17:10,173 [INFO] step=4940 loss=2.9958 lm=2.9953 tps=11728
2026-06-04 13:17:21,647 [INFO] step=4950 loss=3.1089 lm=3.1084 tps=11713
2026-06-04 13:17:33,151 [INFO] step=4960 loss=2.9942 lm=2.9937 tps=11698
2026-06-04 13:17:44,673 [INFO] step=4970 loss=3.0593 lm=3.0589 tps=11682
2026-06-04 13:17:56,189 [INFO] step=4980 loss=3.0288 lm=3.0283 tps=11667
2026-06-04 13:18:07,655 [INFO] step=4990 loss=3.0196 lm=3.0192 tps=11653
2026-06-04 13:18:21,147 [INFO] step=5000 loss=3.0073 lm=3.0069 tps=11638
2026-06-04 13:18:21,148 [INFO] 🧹 GPU belleği temizleniyor (step 5000)...
2026-06-04 13:18:21,413 [INFO] ✅ GPU belleği temizlendi
2026-06-04 13:18:32,918 [INFO] step=5010 loss=3.0313 lm=3.0308 tps=11616
2026-06-04 13:18:44,397 [INFO] step=5020 loss=2.9939 lm=2.9934 tps=11601
2026-06-04 13:18:55,894 [INFO] step=5030 loss=2.9797 lm=2.9792 tps=11587
2026-06-04 13:19:07,418 [INFO] step=5040 loss=3.0072 lm=3.0067 tps=11572
2026-06-04 13:19:18,902 [INFO] step=5050 loss=3.0288 lm=3.0284 tps=11558
2026-06-04 13:19:30,380 [INFO] step=5060 loss=3.0497 lm=3.0493 tps=11544
2026-06-04 13:19:41,864 [INFO] step=5070 loss=2.9862 lm=2.9857 tps=11530
2026-06-04 13:19:53,384 [INFO] step=5080 loss=2.9904 lm=2.9900 tps=11516
2026-06-04 13:20:04,866 [INFO] step=5090 loss=3.0094 lm=3.0089 tps=11502
2026-06-04 13:20:16,375 [INFO] step=5100 loss=2.9915 lm=2.9911 tps=11488
2026-06-04 13:20:27,873 [INFO] step=5110 loss=3.0059 lm=3.0055 tps=11474
2026-06-04 13:20:39,553 [INFO] step=5120 loss=3.0107 lm=3.0102 tps=11460
2026-06-04 13:20:51,273 [INFO] step=5130 loss=3.0622 lm=3.0617 tps=11446
2026-06-04 13:21:02,939 [INFO] step=5140 loss=3.0076 lm=3.0072 tps=11432
2026-06-04 13:21:14,689 [INFO] step=5150 loss=3.0371 lm=3.0367 tps=11417
2026-06-04 13:21:26,238 [INFO] step=5160 loss=3.0563 lm=3.0558 tps=11404
2026-06-04 13:21:37,982 [INFO] step=5170 loss=3.0023 lm=3.0018 tps=11390
2026-06-04 13:21:49,875 [INFO] step=5180 loss=3.0453 lm=3.0448 tps=11376
2026-06-04 13:22:01,588 [INFO] step=5190 loss=3.0209 lm=3.0204 tps=11362
2026-06-04 13:22:13,354 [INFO] step=5200 loss=3.0448 lm=3.0444 tps=11348
2026-06-04 13:22:13,354 [INFO] 🧹 GPU belleği temizleniyor (step 5200)...
2026-06-04 13:22:13,620 [INFO] ✅ GPU belleği temizlendi
2026-06-04 13:22:25,361 [INFO] step=5210 loss=3.0361 lm=3.0357 tps=11334
2026-06-04 13:22:37,085 [INFO] step=5220 loss=3.0486 lm=3.0481 tps=11320
2026-06-04 13:22:48,827 [INFO] step=5230 loss=2.9922 lm=2.9917 tps=11307
2026-06-04 13:23:00,571 [INFO] step=5240 loss=3.1030 lm=3.1026 tps=11293
2026-06-04 13:23:12,309 [INFO] step=5250 loss=3.0443 lm=3.0438 tps=11280
2026-06-04 13:23:24,037 [INFO] step=5260 loss=3.0560 lm=3.0556 tps=11267
2026-06-04 13:23:35,785 [INFO] step=5270 loss=3.0130 lm=3.0125 tps=11254
2026-06-04 13:23:47,522 [INFO] step=5280 loss=3.0276 lm=3.0271 tps=11241
2026-06-04 13:23:59,270 [INFO] step=5290 loss=3.0584 lm=3.0579 tps=11228
2026-06-04 13:24:10,998 [INFO] step=5300 loss=3.0398 lm=3.0393 tps=11215
2026-06-04 13:24:22,719 [INFO] step=5310 loss=3.0177 lm=3.0172 tps=11202
2026-06-04 13:24:34,455 [INFO] step=5320 loss=3.0287 lm=3.0282 tps=11189
2026-06-04 13:24:46,196 [INFO] step=5330 loss=2.9989 lm=2.9984 tps=11177
2026-06-04 13:24:57,917 [INFO] step=5340 loss=3.0164 lm=3.0159 tps=11164
2026-06-04 13:25:09,624 [INFO] step=5350 loss=2.9969 lm=2.9965 tps=11152
2026-06-04 13:25:21,325 [INFO] step=5360 loss=3.0261 lm=3.0256 tps=11140
2026-06-04 13:25:33,021 [INFO] step=5370 loss=3.0415 lm=3.0410 tps=11127
2026-06-04 13:25:44,688 [INFO] step=5380 loss=2.9884 lm=2.9880 tps=11115
2026-06-04 13:25:56,366 [INFO] step=5390 loss=2.9989 lm=2.9984 tps=11103
2026-06-04 13:26:08,060 [INFO] step=5400 loss=3.0233 lm=3.0229 tps=11091
2026-06-04 13:26:08,061 [INFO] 🧹 GPU belleği temizleniyor (step 5400)...
2026-06-04 13:26:08,326 [INFO] ✅ GPU belleği temizlendi
2026-06-04 13:26:20,018 [INFO] step=5410 loss=3.0272 lm=3.0268 tps=11078
2026-06-04 13:26:31,710 [INFO] step=5420 loss=2.9964 lm=2.9960 tps=11067
2026-06-04 13:26:43,371 [INFO] step=5430 loss=3.0383 lm=3.0378 tps=11055
2026-06-04 13:26:55,055 [INFO] step=5440 loss=3.0561 lm=3.0556 tps=11043
2026-06-04 13:27:06,744 [INFO] step=5450 loss=3.0547 lm=3.0542 tps=11032
2026-06-04 13:27:18,449 [INFO] step=5460 loss=3.0283 lm=3.0278 tps=11020
2026-06-04 13:27:30,137 [INFO] step=5470 loss=3.0059 lm=3.0054 tps=11008
2026-06-04 13:27:41,854 [INFO] step=5480 loss=3.0253 lm=3.0248 tps=10997
2026-06-04 13:27:53,532 [INFO] step=5490 loss=3.0436 lm=3.0432 tps=10985
2026-06-04 13:28:07,270 [INFO] step=5500 loss=2.9856 lm=2.9852 tps=10974
2026-06-04 13:28:18,949 [INFO] step=5510 loss=3.0000 lm=2.9995 tps=10957
2026-06-04 13:28:30,644 [INFO] step=5520 loss=3.0969 lm=3.0964 tps=10946
2026-06-04 13:28:42,350 [INFO] step=5530 loss=2.9731 lm=2.9727 tps=10935
2026-06-04 13:28:54,051 [INFO] step=5540 loss=3.0533 lm=3.0529 tps=10924
2026-06-04 13:29:05,723 [INFO] step=5550 loss=3.0027 lm=3.0023 tps=10913
2026-06-04 13:29:17,396 [INFO] step=5560 loss=3.0250 lm=3.0245 tps=10902
2026-06-04 13:29:29,084 [INFO] step=5570 loss=2.9845 lm=2.9840 tps=10891
2026-06-04 13:29:40,786 [INFO] step=5580 loss=3.0706 lm=3.0701 tps=10881
2026-06-04 13:29:52,469 [INFO] step=5590 loss=2.9866 lm=2.9861 tps=10870
2026-06-04 13:30:04,189 [INFO] step=5600 loss=3.0161 lm=3.0157 tps=10859
2026-06-04 13:30:04,189 [INFO] 🧹 GPU belleği temizleniyor (step 5600)...
2026-06-04 13:30:04,457 [INFO] ✅ GPU belleği temizlendi
2026-06-04 13:30:16,154 [INFO] step=5610 loss=3.0236 lm=3.0232 tps=10848
2026-06-04 13:30:27,857 [INFO] step=5620 loss=3.0202 lm=3.0197 tps=10837
2026-06-04 13:30:39,534 [INFO] step=5630 loss=3.0508 lm=3.0503 tps=10827
2026-06-04 13:30:51,240 [INFO] step=5640 loss=3.0375 lm=3.0371 tps=10816
2026-06-04 13:31:02,902 [INFO] step=5650 loss=3.0270 lm=3.0265 tps=10806
2026-06-04 13:31:14,586 [INFO] step=5660 loss=3.0220 lm=3.0215 tps=10795
2026-06-04 13:31:26,291 [INFO] step=5670 loss=3.0434 lm=3.0429 tps=10785
2026-06-04 13:31:37,963 [INFO] step=5680 loss=3.0666 lm=3.0661 tps=10775
2026-06-04 13:31:49,654 [INFO] step=5690 loss=3.0193 lm=3.0189 tps=10765
2026-06-04 13:32:01,346 [INFO] step=5700 loss=3.0044 lm=3.0040 tps=10755
2026-06-04 13:32:13,046 [INFO] step=5710 loss=3.0302 lm=3.0297 tps=10745
2026-06-04 13:32:24,712 [INFO] step=5720 loss=3.0168 lm=3.0163 tps=10735
2026-06-04 13:32:36,414 [INFO] step=5730 loss=3.0489 lm=3.0484 tps=10725
2026-06-04 13:32:48,116 [INFO] step=5740 loss=2.9918 lm=2.9914 tps=10715
2026-06-04 13:32:59,813 [INFO] step=5750 loss=3.0270 lm=3.0266 tps=10705
2026-06-04 13:33:11,532 [INFO] step=5760 loss=2.9567 lm=2.9563 tps=10695
2026-06-04 13:33:23,224 [INFO] step=5770 loss=3.0512 lm=3.0508 tps=10685
2026-06-04 13:33:34,900 [INFO] step=5780 loss=3.0413 lm=3.0409 tps=10676
2026-06-04 13:33:46,579 [INFO] step=5790 loss=3.0448 lm=3.0443 tps=10666
2026-06-04 13:33:58,313 [INFO] step=5800 loss=3.0214 lm=3.0209 tps=10656
2026-06-04 13:33:58,313 [INFO] 🧹 GPU belleği temizleniyor (step 5800)...
2026-06-04 13:33:58,579 [INFO] ✅ GPU belleği temizlendi
2026-06-04 13:34:10,284 [INFO] step=5810 loss=3.0885 lm=3.0880 tps=10646
2026-06-04 13:34:21,971 [INFO] step=5820 loss=3.0441 lm=3.0437 tps=10637
2026-06-04 13:34:33,678 [INFO] step=5830 loss=3.0851 lm=3.0847 tps=10627
2026-06-04 13:34:45,366 [INFO] step=5840 loss=2.9978 lm=2.9974 tps=10618
2026-06-04 13:34:57,055 [INFO] step=5850 loss=3.0497 lm=3.0492 tps=10608
2026-06-04 13:35:08,743 [INFO] step=5860 loss=2.9993 lm=2.9988 tps=10599
2026-06-04 13:35:20,424 [INFO] step=5870 loss=3.0146 lm=3.0142 tps=10590
2026-06-04 13:35:32,125 [INFO] step=5880 loss=3.0646 lm=3.0642 tps=10581
2026-06-04 13:35:43,816 [INFO] step=5890 loss=3.0499 lm=3.0495 tps=10572
2026-06-04 13:35:55,525 [INFO] step=5900 loss=3.0340 lm=3.0336 tps=10562
2026-06-04 13:36:07,243 [INFO] step=5910 loss=3.0369 lm=3.0364 tps=10553
2026-06-04 13:36:18,917 [INFO] step=5920 loss=2.9837 lm=2.9833 tps=10544
2026-06-04 13:36:30,603 [INFO] step=5930 loss=3.0618 lm=3.0614 tps=10535
2026-06-04 13:36:42,315 [INFO] step=5940 loss=2.9990 lm=2.9985 tps=10526
2026-06-04 13:36:54,020 [INFO] step=5950 loss=3.0254 lm=3.0250 tps=10517
2026-06-04 13:37:05,711 [INFO] step=5960 loss=3.0276 lm=3.0271 tps=10509
2026-06-04 13:37:17,420 [INFO] step=5970 loss=3.0674 lm=3.0670 tps=10500
2026-06-04 13:37:29,119 [INFO] step=5980 loss=3.0383 lm=3.0378 tps=10491
2026-06-04 13:37:40,855 [INFO] step=5990 loss=3.0460 lm=3.0456 tps=10482
2026-06-04 13:37:54,724 [INFO] step=6000 loss=3.0501 lm=3.0497 tps=10473
2026-06-04 13:37:54,725 [INFO] 🧹 GPU belleği temizleniyor (step 6000)...
2026-06-04 13:37:54,997 [INFO] ✅ GPU belleği temizlendi
2026-06-04 13:38:06,777 [INFO] step=6010 loss=3.0223 lm=3.0218 tps=10459
2026-06-04 13:38:18,485 [INFO] step=6020 loss=3.0394 lm=3.0389 tps=10451
2026-06-04 13:38:30,208 [INFO] step=6030 loss=3.0694 lm=3.0689 tps=10442
2026-06-04 13:38:41,930 [INFO] step=6040 loss=3.0331 lm=3.0326 tps=10434
2026-06-04 13:38:53,690 [INFO] step=6050 loss=3.0476 lm=3.0472 tps=10425
2026-06-04 13:39:05,415 [INFO] step=6060 loss=3.0104 lm=3.0099 tps=10417
2026-06-04 13:39:17,154 [INFO] step=6070 loss=3.0474 lm=3.0470 tps=10408
2026-06-04 13:39:28,900 [INFO] step=6080 loss=3.0146 lm=3.0141 tps=10400
2026-06-04 13:39:40,608 [INFO] step=6090 loss=2.9802 lm=2.9798 tps=10391
2026-06-04 13:39:52,320 [INFO] step=6100 loss=2.9771 lm=2.9766 tps=10383
2026-06-04 13:40:04,068 [INFO] step=6110 loss=2.9963 lm=2.9959 tps=10375
2026-06-04 13:40:15,774 [INFO] step=6120 loss=3.0542 lm=3.0537 tps=10367
2026-06-04 13:40:27,499 [INFO] step=6130 loss=3.0101 lm=3.0096 tps=10358
2026-06-04 13:40:39,220 [INFO] step=6140 loss=3.0195 lm=3.0191 tps=10350
2026-06-04 13:40:50,971 [INFO] step=6150 loss=3.0512 lm=3.0508 tps=10342
2026-06-04 13:41:02,710 [INFO] step=6160 loss=3.0803 lm=3.0798 tps=10334
2026-06-04 13:41:14,469 [INFO] step=6170 loss=2.9951 lm=2.9947 tps=10326
2026-06-04 13:41:26,189 [INFO] step=6180 loss=2.9830 lm=2.9826 tps=10318
2026-06-04 13:41:37,915 [INFO] step=6190 loss=3.1059 lm=3.1055 tps=10310
2026-06-04 13:41:49,628 [INFO] step=6200 loss=2.9748 lm=2.9744 tps=10302
2026-06-04 13:41:49,629 [INFO] 🧹 GPU belleği temizleniyor (step 6200)...
2026-06-04 13:41:49,895 [INFO] ✅ GPU belleği temizlendi
2026-06-04 13:42:01,618 [INFO] step=6210 loss=3.0062 lm=3.0058 tps=10294
2026-06-04 13:42:13,363 [INFO] step=6220 loss=3.0369 lm=3.0364 tps=10286
2026-06-04 13:42:25,072 [INFO] step=6230 loss=3.0073 lm=3.0069 tps=10278
2026-06-04 13:42:36,807 [INFO] step=6240 loss=3.0356 lm=3.0352 tps=10270
2026-06-04 13:42:48,530 [INFO] step=6250 loss=3.0684 lm=3.0679 tps=10263
2026-06-04 13:43:00,270 [INFO] step=6260 loss=3.0225 lm=3.0220 tps=10255
2026-06-04 13:43:12,037 [INFO] step=6270 loss=3.0293 lm=3.0289 tps=10247
2026-06-04 13:43:23,776 [INFO] step=6280 loss=3.0269 lm=3.0264 tps=10240
2026-06-04 13:43:35,523 [INFO] step=6290 loss=3.0174 lm=3.0170 tps=10232
2026-06-04 13:43:47,268 [INFO] step=6300 loss=3.0115 lm=3.0111 tps=10224
2026-06-04 13:43:59,019 [INFO] step=6310 loss=3.0622 lm=3.0617 tps=10217
2026-06-04 13:44:10,774 [INFO] step=6320 loss=3.0430 lm=3.0426 tps=10209
2026-06-04 13:44:22,518 [INFO] step=6330 loss=3.0397 lm=3.0393 tps=10202
2026-06-04 13:44:34,260 [INFO] step=6340 loss=3.0134 lm=3.0130 tps=10194
2026-06-04 13:44:45,998 [INFO] step=6350 loss=3.0527 lm=3.0522 tps=10187
2026-06-04 13:44:57,736 [INFO] step=6360 loss=3.0024 lm=3.0019 tps=10180
2026-06-04 13:45:09,505 [INFO] step=6370 loss=3.0529 lm=3.0525 tps=10172
2026-06-04 13:45:21,243 [INFO] step=6380 loss=3.0880 lm=3.0876 tps=10165
2026-06-04 13:45:32,972 [INFO] step=6390 loss=3.0485 lm=3.0481 tps=10158
2026-06-04 13:45:44,765 [INFO] step=6400 loss=3.0596 lm=3.0592 tps=10150
2026-06-04 13:45:44,766 [INFO] 🧹 GPU belleği temizleniyor (step 6400)...
2026-06-04 13:45:45,032 [INFO] ✅ GPU belleği temizlendi
2026-06-04 13:45:56,754 [INFO] step=6410 loss=3.0415 lm=3.0411 tps=10143
2026-06-04 13:46:08,524 [INFO] step=6420 loss=3.0080 lm=3.0076 tps=10136
2026-06-04 13:46:20,229 [INFO] step=6430 loss=3.0228 lm=3.0224 tps=10128
2026-06-04 13:46:31,953 [INFO] step=6440 loss=3.0944 lm=3.0940 tps=10121
2026-06-04 13:46:43,698 [INFO] step=6450 loss=3.0030 lm=3.0025 tps=10114
2026-06-04 13:46:55,441 [INFO] step=6460 loss=3.0508 lm=3.0503 tps=10107
2026-06-04 13:47:07,170 [INFO] step=6470 loss=3.0789 lm=3.0784 tps=10100
2026-06-04 13:47:18,911 [INFO] step=6480 loss=2.9941 lm=2.9936 tps=10093
2026-06-04 13:47:30,655 [INFO] step=6490 loss=3.0550 lm=3.0546 tps=10086
2026-06-04 13:47:44,447 [INFO] step=6500 loss=3.0142 lm=3.0137 tps=10080
2026-06-04 13:47:56,147 [INFO] step=6510 loss=3.0590 lm=3.0586 tps=10069
2026-06-04 13:48:07,895 [INFO] step=6520 loss=3.0279 lm=3.0274 tps=10062
2026-06-04 13:48:19,612 [INFO] step=6530 loss=3.0526 lm=3.0522 tps=10055
2026-06-04 13:48:31,361 [INFO] step=6540 loss=3.0341 lm=3.0336 tps=10048
2026-06-04 13:48:43,098 [INFO] step=6550 loss=3.0332 lm=3.0327 tps=10042
2026-06-04 13:48:54,840 [INFO] step=6560 loss=2.9978 lm=2.9974 tps=10035
2026-06-04 13:49:06,552 [INFO] step=6570 loss=3.0652 lm=3.0647 tps=10028
2026-06-04 13:49:18,284 [INFO] step=6580 loss=2.9752 lm=2.9748 tps=10022
2026-06-04 13:49:30,016 [INFO] step=6590 loss=3.0182 lm=3.0178 tps=10015
2026-06-04 13:49:41,786 [INFO] step=6600 loss=3.0528 lm=3.0524 tps=10008
2026-06-04 13:49:41,787 [INFO] 🧹 GPU belleği temizleniyor (step 6600)...
2026-06-04 13:49:42,053 [INFO] ✅ GPU belleği temizlendi
2026-06-04 13:49:53,783 [INFO] step=6610 loss=3.0741 lm=3.0737 tps=10001
2026-06-04 13:50:05,494 [INFO] step=6620 loss=3.0645 lm=3.0640 tps=9995
2026-06-04 13:50:17,236 [INFO] step=6630 loss=3.0200 lm=3.0196 tps=9988
2026-06-04 13:50:28,954 [INFO] step=6640 loss=3.0132 lm=3.0128 tps=9982
2026-06-04 13:50:40,680 [INFO] step=6650 loss=3.0270 lm=3.0265 tps=9975
2026-06-04 13:50:52,431 [INFO] step=6660 loss=3.0686 lm=3.0681 tps=9969
2026-06-04 13:51:04,183 [INFO] step=6670 loss=3.0155 lm=3.0151 tps=9963
2026-06-04 13:51:15,887 [INFO] step=6680 loss=3.0233 lm=3.0228 tps=9956
2026-06-04 13:51:27,672 [INFO] step=6690 loss=3.0470 lm=3.0466 tps=9950
2026-06-04 13:51:39,388 [INFO] step=6700 loss=3.0197 lm=3.0192 tps=9944
2026-06-04 13:51:51,163 [INFO] step=6710 loss=3.0420 lm=3.0415 tps=9937
2026-06-04 13:52:02,906 [INFO] step=6720 loss=3.0558 lm=3.0553 tps=9931
2026-06-04 13:52:14,638 [INFO] step=6730 loss=3.0117 lm=3.0112 tps=9925
2026-06-04 13:52:26,407 [INFO] step=6740 loss=3.0413 lm=3.0409 tps=9918
2026-06-04 13:52:38,138 [INFO] step=6750 loss=3.0476 lm=3.0472 tps=9912
2026-06-04 13:52:49,849 [INFO] step=6760 loss=3.0115 lm=3.0111 tps=9906
2026-06-04 13:53:01,593 [INFO] step=6770 loss=3.0307 lm=3.0303 tps=9900
2026-06-04 13:53:13,342 [INFO] step=6780 loss=3.0343 lm=3.0339 tps=9894
2026-06-04 13:53:25,050 [INFO] step=6790 loss=2.9977 lm=2.9973 tps=9888
2026-06-04 13:53:36,777 [INFO] step=6800 loss=3.0229 lm=3.0225 tps=9882
2026-06-04 13:53:36,778 [INFO] 🧹 GPU belleği temizleniyor (step 6800)...
2026-06-04 13:53:37,044 [INFO] ✅ GPU belleği temizlendi
2026-06-04 13:53:48,795 [INFO] step=6810 loss=3.0282 lm=3.0278 tps=9875
2026-06-04 13:54:00,511 [INFO] step=6820 loss=3.0174 lm=3.0170 tps=9869
2026-06-04 13:54:12,268 [INFO] step=6830 loss=3.0268 lm=3.0263 tps=9863
2026-06-04 13:54:24,000 [INFO] step=6840 loss=3.0654 lm=3.0650 tps=9857
2026-06-04 13:54:35,785 [INFO] step=6850 loss=3.0267 lm=3.0263 tps=9851
2026-06-04 13:54:47,496 [INFO] step=6860 loss=3.0199 lm=3.0195 tps=9845
2026-06-04 13:54:59,253 [INFO] step=6870 loss=2.9887 lm=2.9882 tps=9840
2026-06-04 13:55:11,005 [INFO] step=6880 loss=3.0406 lm=3.0402 tps=9834
2026-06-04 13:55:22,739 [INFO] step=6890 loss=3.0287 lm=3.0283 tps=9828
2026-06-04 13:55:34,477 [INFO] step=6900 loss=3.0266 lm=3.0261 tps=9822
2026-06-04 13:55:46,207 [INFO] step=6910 loss=3.0457 lm=3.0452 tps=9816
2026-06-04 13:55:57,928 [INFO] step=6920 loss=2.9897 lm=2.9892 tps=9811
2026-06-04 13:56:09,668 [INFO] step=6930 loss=2.9859 lm=2.9855 tps=9805
2026-06-04 13:56:21,419 [INFO] step=6940 loss=3.0611 lm=3.0606 tps=9799
2026-06-04 13:56:33,154 [INFO] step=6950 loss=3.0322 lm=3.0318 tps=9793
2026-06-04 13:56:44,919 [INFO] step=6960 loss=3.0599 lm=3.0594 tps=9788
2026-06-04 13:56:56,662 [INFO] step=6970 loss=3.0234 lm=3.0230 tps=9782
2026-06-04 13:57:08,392 [INFO] step=6980 loss=3.0786 lm=3.0782 tps=9776
2026-06-04 13:57:20,119 [INFO] step=6990 loss=3.1002 lm=3.0997 tps=9771
2026-06-04 13:57:34,031 [INFO] step=7000 loss=3.0376 lm=3.0372 tps=9765
2026-06-04 13:57:34,032 [INFO] 🧹 GPU belleği temizleniyor (step 7000)...
2026-06-04 13:57:34,302 [INFO] ✅ GPU belleği temizlendi
2026-06-04 13:57:34,302 [INFO] 🔄 Faz geçişi: 2 -> 3
2026-06-04 13:57:34,302 [INFO] 🧹 Faz geçişi öncesi GPU belleği temizleniyor...
2026-06-04 13:57:34,934 [INFO] ✅ GPU belleği temizlendi
2026-06-04 13:57:34,937 [INFO] 🧩 ScalableJIT: 4 blok sarmalandi (period=0, tinyjit=on)
2026-06-04 13:57:34,937 [INFO] Faz 3 — strength=1.000 [ULTRA_WNN JIT]
2026-06-04 13:57:59,394 [INFO] step=7010 loss=3.0012 lm=3.0003 tps=9734
2026-06-04 13:58:11,274 [INFO] step=7020 loss=2.9996 lm=2.9987 tps=9728
2026-06-04 13:58:23,132 [INFO] step=7030 loss=3.0522 lm=3.0513 tps=9722
2026-06-04 13:58:34,990 [INFO] step=7040 loss=3.0282 lm=3.0273 tps=9717
2026-06-04 13:58:46,843 [INFO] step=7050 loss=2.9972 lm=2.9963 tps=9711
2026-06-04 13:58:58,665 [INFO] step=7060 loss=3.0094 lm=3.0085 tps=9705
2026-06-04 13:59:10,576 [INFO] step=7070 loss=3.0463 lm=3.0455 tps=9700
2026-06-04 13:59:22,415 [INFO] step=7080 loss=3.1023 lm=3.1014 tps=9694
2026-06-04 13:59:34,277 [INFO] step=7090 loss=3.0960 lm=3.0951 tps=9689
2026-06-04 13:59:46,134 [INFO] step=7100 loss=3.0162 lm=3.0153 tps=9683
2026-06-04 13:59:57,992 [INFO] step=7110 loss=3.0622 lm=3.0613 tps=9678
2026-06-04 14:00:09,846 [INFO] step=7120 loss=2.9870 lm=2.9861 tps=9672
2026-06-04 14:00:21,713 [INFO] step=7130 loss=3.0049 lm=3.0040 tps=9667
2026-06-04 14:00:33,511 [INFO] step=7140 loss=3.0832 lm=3.0824 tps=9662
2026-06-04 14:00:45,304 [INFO] step=7150 loss=3.0571 lm=3.0563 tps=9656
2026-06-04 14:00:57,206 [INFO] step=7160 loss=3.0238 lm=3.0229 tps=9651
2026-06-04 14:01:09,063 [INFO] step=7170 loss=3.0291 lm=3.0282 tps=9646
2026-06-04 14:01:20,941 [INFO] step=7180 loss=2.9976 lm=2.9967 tps=9640
2026-06-04 14:01:32,813 [INFO] step=7190 loss=3.0926 lm=3.0917 tps=9635
2026-06-04 14:01:44,671 [INFO] step=7200 loss=3.0289 lm=3.0280 tps=9630
2026-06-04 14:01:44,672 [INFO] 🧹 GPU belleği temizleniyor (step 7200)...
2026-06-04 14:01:45,009 [INFO] ✅ GPU belleği temizlendi
2026-06-04 14:01:56,841 [INFO] step=7210 loss=2.9659 lm=2.9650 tps=9624
2026-06-04 14:02:08,724 [INFO] step=7220 loss=3.0471 lm=3.0462 tps=9619
2026-06-04 14:02:20,571 [INFO] step=7230 loss=3.0336 lm=3.0328 tps=9613
2026-06-04 14:02:32,434 [INFO] step=7240 loss=2.9674 lm=2.9665 tps=9608
2026-06-04 14:02:44,278 [INFO] step=7250 loss=3.0514 lm=3.0506 tps=9603
2026-06-04 14:02:56,133 [INFO] step=7260 loss=3.0954 lm=3.0945 tps=9598
2026-06-04 14:03:07,990 [INFO] step=7270 loss=3.0100 lm=3.0091 tps=9593
2026-06-04 14:03:19,845 [INFO] step=7280 loss=2.9811 lm=2.9803 tps=9588
2026-06-04 14:03:31,706 [INFO] step=7290 loss=3.0476 lm=3.0467 tps=9583
2026-06-04 14:03:43,564 [INFO] step=7300 loss=3.0510 lm=3.0501 tps=9577
2026-06-04 14:03:55,416 [INFO] step=7310 loss=3.0191 lm=3.0182 tps=9572
2026-06-04 14:04:07,281 [INFO] step=7320 loss=3.0443 lm=3.0434 tps=9567
2026-06-04 14:04:19,162 [INFO] step=7330 loss=3.0471 lm=3.0462 tps=9562
2026-06-04 14:04:31,024 [INFO] step=7340 loss=3.0395 lm=3.0386 tps=9557
2026-06-04 14:04:42,882 [INFO] step=7350 loss=3.0440 lm=3.0431 tps=9552
2026-06-04 14:04:54,718 [INFO] step=7360 loss=3.0359 lm=3.0350 tps=9547
2026-06-04 14:05:06,603 [INFO] step=7370 loss=3.0268 lm=3.0259 tps=9542
2026-06-04 14:05:18,462 [INFO] step=7380 loss=3.0436 lm=3.0427 tps=9537
2026-06-04 14:05:30,334 [INFO] step=7390 loss=2.9875 lm=2.9866 tps=9533
2026-06-04 14:05:42,184 [INFO] step=7400 loss=3.0413 lm=3.0404 tps=9528
2026-06-04 14:05:42,185 [INFO] 🧹 GPU belleği temizleniyor (step 7400)...
2026-06-04 14:05:42,518 [INFO] ✅ GPU belleği temizlendi
2026-06-04 14:05:54,381 [INFO] step=7410 loss=2.9972 lm=2.9963 tps=9522
2026-06-04 14:06:06,238 [INFO] step=7420 loss=3.0375 lm=3.0366 tps=9517
2026-06-04 14:06:18,091 [INFO] step=7430 loss=3.0214 lm=3.0205 tps=9513
2026-06-04 14:06:29,917 [INFO] step=7440 loss=3.0680 lm=3.0671 tps=9508
2026-06-04 14:06:41,762 [INFO] step=7450 loss=3.0103 lm=3.0095 tps=9503
2026-06-04 14:06:53,651 [INFO] step=7460 loss=2.9937 lm=2.9928 tps=9498
2026-06-04 14:07:05,499 [INFO] step=7470 loss=2.9991 lm=2.9982 tps=9493
2026-06-04 14:07:17,358 [INFO] step=7480 loss=3.0080 lm=3.0071 tps=9489
2026-06-04 14:07:29,198 [INFO] step=7490 loss=3.0176 lm=3.0167 tps=9484
2026-06-04 14:07:43,633 [INFO] step=7500 loss=3.0008 lm=3.0000 tps=9479
2026-06-04 14:07:55,474 [INFO] step=7510 loss=2.9680 lm=2.9671 tps=9471
2026-06-04 14:08:07,353 [INFO] step=7520 loss=3.0046 lm=3.0038 tps=9466
2026-06-04 14:08:19,190 [INFO] step=7530 loss=2.9631 lm=2.9622 tps=9462
2026-06-04 14:08:31,041 [INFO] step=7540 loss=3.0171 lm=3.0162 tps=9457
2026-06-04 14:08:42,842 [INFO] step=7550 loss=3.0103 lm=3.0094 tps=9452
2026-06-04 14:08:54,673 [INFO] step=7560 loss=3.0444 lm=3.0435 tps=9448
2026-06-04 14:09:06,556 [INFO] step=7570 loss=2.9785 lm=2.9776 tps=9443
2026-06-04 14:09:18,392 [INFO] step=7580 loss=3.0110 lm=3.0101 tps=9439
2026-06-04 14:09:30,233 [INFO] step=7590 loss=3.1793 lm=3.1785 tps=9434
2026-06-04 14:09:42,060 [INFO] step=7600 loss=3.0620 lm=3.0611 tps=9430
2026-06-04 14:09:42,061 [INFO] 🧹 GPU belleği temizleniyor (step 7600)...
2026-06-04 14:09:42,393 [INFO] ✅ GPU belleği temizlendi
2026-06-04 14:09:54,255 [INFO] step=7610 loss=3.0233 lm=3.0225 tps=9425
2026-06-04 14:10:06,108 [INFO] step=7620 loss=3.0293 lm=3.0284 tps=9420
2026-06-04 14:10:17,964 [INFO] step=7630 loss=3.0257 lm=3.0249 tps=9416
2026-06-04 14:10:29,825 [INFO] step=7640 loss=3.0023 lm=3.0014 tps=9411
2026-06-04 14:10:41,691 [INFO] step=7650 loss=3.0229 lm=3.0220 tps=9407
2026-06-04 14:10:53,550 [INFO] step=7660 loss=2.9979 lm=2.9971 tps=9402
2026-06-04 14:11:05,404 [INFO] step=7670 loss=3.0390 lm=3.0381 tps=9398
2026-06-04 14:11:17,260 [INFO] step=7680 loss=3.0314 lm=3.0305 tps=9393
2026-06-04 14:11:29,095 [INFO] step=7690 loss=2.9990 lm=2.9982 tps=9389
2026-06-04 14:11:40,934 [INFO] step=7700 loss=3.0415 lm=3.0407 tps=9385
2026-06-04 14:11:52,764 [INFO] step=7710 loss=2.9760 lm=2.9751 tps=9380
2026-06-04 14:12:04,615 [INFO] step=7720 loss=3.0321 lm=3.0312 tps=9376
2026-06-04 14:12:16,473 [INFO] step=7730 loss=3.0449 lm=3.0440 tps=9372
2026-06-04 14:12:28,346 [INFO] step=7740 loss=3.0383 lm=3.0374 tps=9367
2026-06-04 14:12:40,206 [INFO] step=7750 loss=3.0134 lm=3.0125 tps=9363
2026-06-04 14:12:52,067 [INFO] step=7760 loss=3.0186 lm=3.0177 tps=9359
2026-06-04 14:13:03,893 [INFO] step=7770 loss=3.0298 lm=3.0289 tps=9355
2026-06-04 14:13:15,704 [INFO] step=7780 loss=3.0037 lm=3.0028 tps=9350
2026-06-04 14:13:27,569 [INFO] step=7790 loss=3.0132 lm=3.0123 tps=9346
2026-06-04 14:13:39,461 [INFO] step=7800 loss=3.0068 lm=3.0059 tps=9342
2026-06-04 14:13:39,462 [INFO] 🧹 GPU belleği temizleniyor (step 7800)...
2026-06-04 14:13:39,793 [INFO] ✅ GPU belleği temizlendi
2026-06-04 14:13:51,645 [INFO] step=7810 loss=3.0173 lm=3.0164 tps=9337
2026-06-04 14:14:03,516 [INFO] step=7820 loss=2.9848 lm=2.9839 tps=9333
2026-06-04 14:14:15,341 [INFO] step=7830 loss=2.9912 lm=2.9903 tps=9329
2026-06-04 14:14:27,212 [INFO] step=7840 loss=3.0777 lm=3.0768 tps=9325
2026-06-04 14:14:39,073 [INFO] step=7850 loss=3.0239 lm=3.0230 tps=9321
2026-06-04 14:14:50,927 [INFO] step=7860 loss=3.0146 lm=3.0137 tps=9316
2026-06-04 14:15:02,777 [INFO] step=7870 loss=2.9878 lm=2.9869 tps=9312
2026-06-04 14:15:14,620 [INFO] step=7880 loss=3.0430 lm=3.0421 tps=9308
2026-06-04 14:15:26,449 [INFO] step=7890 loss=3.0515 lm=3.0507 tps=9304
2026-06-04 14:15:38,272 [INFO] step=7900 loss=3.0022 lm=3.0013 tps=9300
2026-06-04 14:15:50,116 [INFO] step=7910 loss=3.0481 lm=3.0472 tps=9296
2026-06-04 14:16:01,944 [INFO] step=7920 loss=2.9924 lm=2.9915 tps=9292
2026-06-04 14:16:13,810 [INFO] step=7930 loss=3.0094 lm=3.0085 tps=9288
2026-06-04 14:16:25,705 [INFO] step=7940 loss=3.0131 lm=3.0122 tps=9284
2026-06-04 14:16:37,600 [INFO] step=7950 loss=3.0240 lm=3.0231 tps=9280
2026-06-04 14:16:49,437 [INFO] step=7960 loss=2.9667 lm=2.9658 tps=9276
2026-06-04 14:17:01,252 [INFO] step=7970 loss=2.9988 lm=2.9979 tps=9272
2026-06-04 14:17:13,056 [INFO] step=7980 loss=3.0120 lm=3.0111 tps=9268
2026-06-04 14:17:24,859 [INFO] step=7990 loss=2.9659 lm=2.9650 tps=9264
2026-06-04 14:17:38,783 [INFO] step=8000 loss=3.0276 lm=3.0267 tps=9260
2026-06-04 14:17:38,784 [INFO] 🧹 GPU belleği temizleniyor (step 8000)...
2026-06-04 14:17:39,117 [INFO] ✅ GPU belleği temizlendi
2026-06-04 14:17:50,919 [INFO] step=8010 loss=2.9989 lm=2.9980 tps=9253
2026-06-04 14:18:02,761 [INFO] step=8020 loss=3.0398 lm=3.0389 tps=9249
2026-06-04 14:18:14,562 [INFO] step=8030 loss=3.0168 lm=3.0159 tps=9246
2026-06-04 14:18:26,411 [INFO] step=8040 loss=2.9680 lm=2.9671 tps=9242
2026-06-04 14:18:38,246 [INFO] step=8050 loss=3.0872 lm=3.0863 tps=9238
2026-06-04 14:18:50,030 [INFO] step=8060 loss=3.0032 lm=3.0023 tps=9234
2026-06-04 14:19:01,901 [INFO] step=8070 loss=3.0055 lm=3.0046 tps=9230
2026-06-04 14:19:13,659 [INFO] step=8080 loss=2.9997 lm=2.9988 tps=9226
2026-06-04 14:19:25,493 [INFO] step=8090 loss=3.0069 lm=3.0060 tps=9223
2026-06-04 14:19:37,290 [INFO] step=8100 loss=2.9607 lm=2.9599 tps=9219
2026-06-04 14:19:49,116 [INFO] step=8110 loss=3.0249 lm=3.0240 tps=9215
2026-06-04 14:20:00,956 [INFO] step=8120 loss=3.0454 lm=3.0446 tps=9211
2026-06-04 14:20:12,783 [INFO] step=8130 loss=3.0188 lm=3.0179 tps=9208
2026-06-04 14:20:24,613 [INFO] step=8140 loss=2.9891 lm=2.9882 tps=9204
2026-06-04 14:20:36,390 [INFO] step=8150 loss=3.0480 lm=3.0471 tps=9200
2026-06-04 14:20:48,207 [INFO] step=8160 loss=2.9935 lm=2.9926 tps=9197
2026-06-04 14:21:00,009 [INFO] step=8170 loss=3.0296 lm=3.0288 tps=9193
2026-06-04 14:21:11,811 [INFO] step=8180 loss=2.9789 lm=2.9780 tps=9189
2026-06-04 14:21:23,611 [INFO] step=8190 loss=3.0171 lm=3.0163 tps=9186
2026-06-04 14:21:35,386 [INFO] step=8200 loss=2.9803 lm=2.9794 tps=9182
2026-06-04 14:21:35,387 [INFO] 🧹 GPU belleği temizleniyor (step 8200)...
2026-06-04 14:21:35,720 [INFO] ✅ GPU belleği temizlendi
2026-06-04 14:21:47,568 [INFO] step=8210 loss=2.9975 lm=2.9966 tps=9178
2026-06-04 14:21:59,394 [INFO] step=8220 loss=3.0244 lm=3.0236 tps=9174
2026-06-04 14:22:11,204 [INFO] step=8230 loss=3.0257 lm=3.0248 tps=9171
2026-06-04 14:22:22,980 [INFO] step=8240 loss=2.9861 lm=2.9852 tps=9167
2026-06-04 14:22:34,775 [INFO] step=8250 loss=2.9868 lm=2.9859 tps=9164
2026-06-04 14:22:46,584 [INFO] step=8260 loss=3.0056 lm=3.0047 tps=9160
2026-06-04 14:22:58,393 [INFO] step=8270 loss=2.9962 lm=2.9954 tps=9157
2026-06-04 14:23:10,224 [INFO] step=8280 loss=3.0038 lm=3.0029 tps=9153
2026-06-04 14:23:22,025 [INFO] step=8290 loss=3.0010 lm=3.0001 tps=9150
2026-06-04 14:23:33,819 [INFO] step=8300 loss=3.0218 lm=3.0209 tps=9146
2026-06-04 14:23:45,633 [INFO] step=8310 loss=3.0010 lm=3.0002 tps=9142
2026-06-04 14:23:57,428 [INFO] step=8320 loss=2.9695 lm=2.9686 tps=9139
2026-06-04 14:24:09,214 [INFO] step=8330 loss=3.0305 lm=3.0297 tps=9136
2026-06-04 14:24:21,002 [INFO] step=8340 loss=3.0117 lm=3.0108 tps=9132
2026-06-04 14:24:32,805 [INFO] step=8350 loss=3.0157 lm=3.0148 tps=9129
2026-06-04 14:24:44,626 [INFO] step=8360 loss=2.9890 lm=2.9882 tps=9125
2026-06-04 14:24:56,437 [INFO] step=8370 loss=2.9870 lm=2.9862 tps=9122
2026-06-04 14:25:08,283 [INFO] step=8380 loss=3.0660 lm=3.0651 tps=9118
2026-06-04 14:25:20,061 [INFO] step=8390 loss=3.0150 lm=3.0142 tps=9115
2026-06-04 14:25:31,873 [INFO] step=8400 loss=3.0084 lm=3.0076 tps=9112
2026-06-04 14:25:31,874 [INFO] 🧹 GPU belleği temizleniyor (step 8400)...
2026-06-04 14:25:32,205 [INFO] ✅ GPU belleği temizlendi
2026-06-04 14:25:44,020 [INFO] step=8410 loss=3.0209 lm=3.0201 tps=9108
2026-06-04 14:25:55,822 [INFO] step=8420 loss=2.9850 lm=2.9841 tps=9104
2026-06-04 14:26:07,657 [INFO] step=8430 loss=3.0315 lm=3.0306 tps=9101
2026-06-04 14:26:19,422 [INFO] step=8440 loss=3.0194 lm=3.0185 tps=9098
2026-06-04 14:26:31,202 [INFO] step=8450 loss=2.9910 lm=2.9902 tps=9094
2026-06-04 14:26:43,011 [INFO] step=8460 loss=2.9945 lm=2.9937 tps=9091
2026-06-04 14:26:54,814 [INFO] step=8470 loss=2.9672 lm=2.9663 tps=9088
2026-06-04 14:27:06,598 [INFO] step=8480 loss=3.0668 lm=3.0659 tps=9084
2026-06-04 14:27:18,430 [INFO] step=8490 loss=3.0579 lm=3.0570 tps=9081
2026-06-04 14:27:32,350 [INFO] step=8500 loss=3.0449 lm=3.0441 tps=9078
2026-06-04 14:27:44,149 [INFO] step=8510 loss=3.0384 lm=3.0375 tps=9072
2026-06-04 14:27:55,959 [INFO] step=8520 loss=3.0740 lm=3.0731 tps=9069
2026-06-04 14:28:07,822 [INFO] step=8530 loss=3.0130 lm=3.0121 tps=9065
2026-06-04 14:28:19,667 [INFO] step=8540 loss=3.0096 lm=3.0087 tps=9062
2026-06-04 14:28:31,545 [INFO] step=8550 loss=3.0520 lm=3.0511 tps=9059
2026-06-04 14:28:43,371 [INFO] step=8560 loss=3.0014 lm=3.0006 tps=9055
2026-06-04 14:28:55,246 [INFO] step=8570 loss=2.9795 lm=2.9786 tps=9052
2026-06-04 14:29:07,092 [INFO] step=8580 loss=3.0019 lm=3.0010 tps=9049
2026-06-04 14:29:18,944 [INFO] step=8590 loss=2.9900 lm=2.9891 tps=9046
2026-06-04 14:29:30,771 [INFO] step=8600 loss=3.0436 lm=3.0427 tps=9042
2026-06-04 14:29:30,772 [INFO] 🧹 GPU belleği temizleniyor (step 8600)...
2026-06-04 14:29:31,102 [INFO] ✅ GPU belleği temizlendi
2026-06-04 14:29:42,954 [INFO] step=8610 loss=2.9966 lm=2.9957 tps=9039
2026-06-04 14:29:54,780 [INFO] step=8620 loss=3.0335 lm=3.0326 tps=9036
2026-06-04 14:30:06,604 [INFO] step=8630 loss=3.0234 lm=3.0225 tps=9032
2026-06-04 14:30:18,401 [INFO] step=8640 loss=3.0302 lm=3.0294 tps=9029
2026-06-04 14:30:30,173 [INFO] step=8650 loss=2.9962 lm=2.9953 tps=9026
2026-06-04 14:30:41,957 [INFO] step=8660 loss=3.0585 lm=3.0576 tps=9023
2026-06-04 14:30:53,762 [INFO] step=8670 loss=2.9984 lm=2.9975 tps=9020
2026-06-04 14:31:05,578 [INFO] step=8680 loss=3.0088 lm=3.0079 tps=9017
2026-06-04 14:31:17,379 [INFO] step=8690 loss=2.9800 lm=2.9791 tps=9014
2026-06-04 14:31:29,192 [INFO] step=8700 loss=3.0151 lm=3.0142 tps=9011
2026-06-04 14:31:41,011 [INFO] step=8710 loss=3.0246 lm=3.0237 tps=9008
2026-06-04 14:31:52,820 [INFO] step=8720 loss=3.0093 lm=3.0084 tps=9004
2026-06-04 14:32:04,627 [INFO] step=8730 loss=3.0442 lm=3.0434 tps=9001
2026-06-04 14:32:16,427 [INFO] step=8740 loss=3.0183 lm=3.0175 tps=8998
2026-06-04 14:32:28,234 [INFO] step=8750 loss=3.0068 lm=3.0059 tps=8995
2026-06-04 14:32:40,039 [INFO] step=8760 loss=3.0085 lm=3.0076 tps=8992
2026-06-04 14:32:51,855 [INFO] step=8770 loss=3.0693 lm=3.0684 tps=8989
2026-06-04 14:33:03,672 [INFO] step=8780 loss=3.0275 lm=3.0266 tps=8986
2026-06-04 14:33:15,476 [INFO] step=8790 loss=3.0213 lm=3.0204 tps=8983
2026-06-04 14:33:27,280 [INFO] step=8800 loss=3.0211 lm=3.0202 tps=8980
2026-06-04 14:33:27,281 [INFO] 🧹 GPU belleği temizleniyor (step 8800)...
2026-06-04 14:33:27,612 [INFO] ✅ GPU belleği temizlendi
2026-06-04 14:33:39,631 [INFO] step=8810 loss=3.0280 lm=3.0271 tps=8977
2026-06-04 14:33:51,442 [INFO] step=8820 loss=2.9875 lm=2.9867 tps=8974
2026-06-04 14:34:03,250 [INFO] step=8830 loss=2.9976 lm=2.9968 tps=8971
2026-06-04 14:34:15,057 [INFO] step=8840 loss=3.0511 lm=3.0502 tps=8968
2026-06-04 14:34:26,899 [INFO] step=8850 loss=3.0148 lm=3.0139 tps=8965
2026-06-04 14:34:38,691 [INFO] step=8860 loss=3.0622 lm=3.0613 tps=8962
2026-06-04 14:34:50,499 [INFO] step=8870 loss=3.0110 lm=3.0101 tps=8959
2026-06-04 14:35:02,309 [INFO] step=8880 loss=3.0236 lm=3.0228 tps=8956
2026-06-04 14:35:14,147 [INFO] step=8890 loss=3.0324 lm=3.0315 tps=8953
2026-06-04 14:35:25,979 [INFO] step=8900 loss=3.0304 lm=3.0295 tps=8950
2026-06-04 14:35:37,795 [INFO] step=8910 loss=3.0379 lm=3.0371 tps=8947
2026-06-04 14:35:49,630 [INFO] step=8920 loss=3.0193 lm=3.0185 tps=8944
2026-06-04 14:36:01,430 [INFO] step=8930 loss=2.9802 lm=2.9794 tps=8941
2026-06-04 14:36:13,215 [INFO] step=8940 loss=3.0527 lm=3.0518 tps=8938
2026-06-04 14:36:24,995 [INFO] step=8950 loss=3.0322 lm=3.0313 tps=8935
2026-06-04 14:36:36,827 [INFO] step=8960 loss=2.9781 lm=2.9773 tps=8932
2026-06-04 14:36:48,614 [INFO] step=8970 loss=2.9868 lm=2.9859 tps=8930
2026-06-04 14:37:00,410 [INFO] step=8980 loss=3.0147 lm=3.0138 tps=8927
2026-06-04 14:37:12,204 [INFO] step=8990 loss=2.9664 lm=2.9656 tps=8924
2026-06-04 14:37:26,106 [INFO] step=9000 loss=3.0067 lm=3.0058 tps=8921
2026-06-04 14:37:26,108 [INFO] 🧹 GPU belleği temizleniyor (step 9000)...
2026-06-04 14:37:26,441 [INFO] ✅ GPU belleği temizlendi
2026-06-04 14:37:26,442 [INFO] 🔄 Faz geçişi: 3 -> 4
2026-06-04 14:37:26,442 [INFO] 🧹 Faz geçişi öncesi GPU belleği temizleniyor...
2026-06-04 14:37:27,239 [INFO] ✅ GPU belleği temizlendi
2026-06-04 14:37:27,244 [INFO] 🧩 ScalableJIT: 4 blok sarmalandi (period=0, tinyjit=on)
2026-06-04 14:37:27,244 [INFO] Faz 4 — strength=1.000 [ULTRA_WNN JIT]
2026-06-04 14:37:40,031 [INFO] step=9010 loss=2.9944 lm=2.9935 tps=8914
2026-06-04 14:37:51,859 [INFO] step=9020 loss=3.0633 lm=3.0624 tps=8911
2026-06-04 14:38:03,648 [INFO] step=9030 loss=3.0314 lm=3.0305 tps=8908
2026-06-04 14:38:15,473 [INFO] step=9040 loss=3.0010 lm=3.0001 tps=8905
2026-06-04 14:38:27,305 [INFO] step=9050 loss=3.0332 lm=3.0324 tps=8903
2026-06-04 14:38:39,119 [INFO] step=9060 loss=3.0341 lm=3.0333 tps=8900
2026-06-04 14:38:50,926 [INFO] step=9070 loss=3.0603 lm=3.0594 tps=8897
2026-06-04 14:39:02,735 [INFO] step=9080 loss=3.0398 lm=3.0389 tps=8894
2026-06-04 14:39:14,576 [INFO] step=9090 loss=2.9763 lm=2.9755 tps=8891
2026-06-04 14:39:26,403 [INFO] step=9100 loss=3.0120 lm=3.0111 tps=8889
2026-06-04 14:39:38,206 [INFO] step=9110 loss=3.0530 lm=3.0521 tps=8886
2026-06-04 14:39:50,009 [INFO] step=9120 loss=3.0288 lm=3.0279 tps=8883
2026-06-04 14:40:01,820 [INFO] step=9130 loss=3.0499 lm=3.0491 tps=8880
2026-06-04 14:40:13,626 [INFO] step=9140 loss=3.0429 lm=3.0421 tps=8878
2026-06-04 14:40:25,445 [INFO] step=9150 loss=3.0053 lm=3.0045 tps=8875
2026-06-04 14:40:37,246 [INFO] step=9160 loss=3.0248 lm=3.0239 tps=8872
2026-06-04 14:40:49,074 [INFO] step=9170 loss=3.0032 lm=3.0023 tps=8870
2026-06-04 14:41:00,913 [INFO] step=9180 loss=2.9794 lm=2.9786 tps=8867
2026-06-04 14:41:12,801 [INFO] step=9190 loss=2.9577 lm=2.9568 tps=8864
2026-06-04 14:41:24,690 [INFO] step=9200 loss=3.0523 lm=3.0514 tps=8861
2026-06-04 14:41:24,691 [INFO] 🧹 GPU belleği temizleniyor (step 9200)...
2026-06-04 14:41:25,025 [INFO] ✅ GPU belleği temizlendi
2026-06-04 14:41:36,855 [INFO] step=9210 loss=3.0158 lm=3.0149 tps=8858
2026-06-04 14:41:48,770 [INFO] step=9220 loss=3.0158 lm=3.0149 tps=8856
2026-06-04 14:42:00,644 [INFO] step=9230 loss=3.0382 lm=3.0373 tps=8853
2026-06-04 14:42:12,522 [INFO] step=9240 loss=3.0481 lm=3.0472 tps=8850
2026-06-04 14:42:24,386 [INFO] step=9250 loss=3.0053 lm=3.0045 tps=8847
2026-06-04 14:42:36,260 [INFO] step=9260 loss=3.0149 lm=3.0140 tps=8845
2026-06-04 14:42:48,125 [INFO] step=9270 loss=2.9956 lm=2.9948 tps=8842
2026-06-04 14:43:00,023 [INFO] step=9280 loss=3.0089 lm=3.0081 tps=8839
2026-06-04 14:43:11,908 [INFO] step=9290 loss=3.0079 lm=3.0070 tps=8837
2026-06-04 14:43:23,810 [INFO] step=9300 loss=3.0585 lm=3.0576 tps=8834
2026-06-04 14:43:35,708 [INFO] step=9310 loss=2.9637 lm=2.9628 tps=8831
2026-06-04 14:43:47,604 [INFO] step=9320 loss=3.0435 lm=3.0427 tps=8829
2026-06-04 14:43:59,474 [INFO] step=9330 loss=3.0173 lm=3.0164 tps=8826
2026-06-04 14:44:11,396 [INFO] step=9340 loss=3.0226 lm=3.0217 tps=8823
2026-06-04 14:44:23,276 [INFO] step=9350 loss=3.0205 lm=3.0196 tps=8821
2026-06-04 14:44:35,179 [INFO] step=9360 loss=3.0293 lm=3.0284 tps=8818
2026-06-04 14:44:47,050 [INFO] step=9370 loss=2.9879 lm=2.9871 tps=8815
2026-06-04 14:44:58,907 [INFO] step=9380 loss=3.0455 lm=3.0447 tps=8813
2026-06-04 14:45:10,780 [INFO] step=9390 loss=3.0010 lm=3.0002 tps=8810
2026-06-04 14:45:22,655 [INFO] step=9400 loss=3.0629 lm=3.0620 tps=8808
2026-06-04 14:45:22,656 [INFO] 🧹 GPU belleği temizleniyor (step 9400)...
2026-06-04 14:45:22,989 [INFO] ✅ GPU belleği temizlendi
2026-06-04 14:45:34,888 [INFO] step=9410 loss=2.9808 lm=2.9799 tps=8805
2026-06-04 14:45:46,756 [INFO] step=9420 loss=3.0472 lm=3.0464 tps=8802
2026-06-04 14:45:58,603 [INFO] step=9430 loss=2.9920 lm=2.9912 tps=8799
2026-06-04 14:46:10,472 [INFO] step=9440 loss=2.9691 lm=2.9682 tps=8797
2026-06-04 14:46:22,343 [INFO] step=9450 loss=3.0169 lm=3.0160 tps=8794
2026-06-04 14:46:34,247 [INFO] step=9460 loss=2.9894 lm=2.9885 tps=8792
2026-06-04 14:46:46,099 [INFO] step=9470 loss=3.0109 lm=3.0100 tps=8789
2026-06-04 14:46:57,970 [INFO] step=9480 loss=3.0116 lm=3.0107 tps=8787
2026-06-04 14:47:09,831 [INFO] step=9490 loss=3.0284 lm=3.0275 tps=8784
2026-06-04 14:47:23,882 [INFO] step=9500 loss=3.0715 lm=3.0706 tps=8782
2026-06-04 14:47:35,728 [INFO] step=9510 loss=3.0307 lm=3.0298 tps=8777
2026-06-04 14:47:47,607 [INFO] step=9520 loss=3.0215 lm=3.0206 tps=8774
2026-06-04 14:47:59,465 [INFO] step=9530 loss=3.0075 lm=3.0066 tps=8772
2026-06-04 14:48:11,336 [INFO] step=9540 loss=3.0039 lm=3.0030 tps=8770
2026-06-04 14:48:23,229 [INFO] step=9550 loss=3.0049 lm=3.0040 tps=8767
2026-06-04 14:48:35,085 [INFO] step=9560 loss=2.9703 lm=2.9694 tps=8765
2026-06-04 14:48:47,002 [INFO] step=9570 loss=3.0988 lm=3.0979 tps=8762
2026-06-04 14:48:58,893 [INFO] step=9580 loss=2.9902 lm=2.9893 tps=8760
2026-06-04 14:49:10,793 [INFO] step=9590 loss=3.0746 lm=3.0738 tps=8757
2026-06-04 14:49:22,651 [INFO] step=9600 loss=3.0380 lm=3.0371 tps=8755
2026-06-04 14:49:22,652 [INFO] 🧹 GPU belleği temizleniyor (step 9600)...
2026-06-04 14:49:22,985 [INFO] ✅ GPU belleği temizlendi
2026-06-04 14:49:34,902 [INFO] step=9610 loss=3.0200 lm=3.0192 tps=8752
2026-06-04 14:49:46,782 [INFO] step=9620 loss=3.0001 lm=2.9992 tps=8749
2026-06-04 14:49:58,659 [INFO] step=9630 loss=3.0730 lm=3.0721 tps=8747
2026-06-04 14:50:10,499 [INFO] step=9640 loss=3.0430 lm=3.0421 tps=8745
2026-06-04 14:50:22,384 [INFO] step=9650 loss=3.0006 lm=2.9997 tps=8742
2026-06-04 14:50:34,294 [INFO] step=9660 loss=3.0101 lm=3.0092 tps=8740
2026-06-04 14:50:46,187 [INFO] step=9670 loss=2.9557 lm=2.9548 tps=8737
2026-06-04 14:50:58,040 [INFO] step=9680 loss=3.0341 lm=3.0332 tps=8735
2026-06-04 14:51:09,902 [INFO] step=9690 loss=3.0868 lm=3.0859 tps=8732
2026-06-04 14:51:21,795 [INFO] step=9700 loss=3.0238 lm=3.0229 tps=8730
2026-06-04 14:51:33,595 [INFO] step=9710 loss=3.0300 lm=3.0291 tps=8728
2026-06-04 14:51:45,421 [INFO] step=9720 loss=3.0064 lm=3.0055 tps=8725
2026-06-04 14:51:57,240 [INFO] step=9730 loss=3.0298 lm=3.0289 tps=8723
2026-06-04 14:52:09,113 [INFO] step=9740 loss=3.0140 lm=3.0132 tps=8721
2026-06-04 14:52:20,994 [INFO] step=9750 loss=3.0328 lm=3.0319 tps=8718
2026-06-04 14:52:32,816 [INFO] step=9760 loss=3.0061 lm=3.0052 tps=8716
2026-06-04 14:52:44,526 [INFO] step=9770 loss=3.0022 lm=3.0013 tps=8714
2026-06-04 14:52:56,229 [INFO] step=9780 loss=3.0146 lm=3.0138 tps=8712
2026-06-04 14:53:07,994 [INFO] step=9790 loss=3.0505 lm=3.0497 tps=8709
2026-06-04 14:53:19,726 [INFO] step=9800 loss=3.0198 lm=3.0190 tps=8707
2026-06-04 14:53:19,727 [INFO] 🧹 GPU belleği temizleniyor (step 9800)...
2026-06-04 14:53:20,077 [INFO] ✅ GPU belleği temizlendi
2026-06-04 14:53:31,957 [INFO] step=9810 loss=3.0388 lm=3.0379 tps=8705
2026-06-04 14:53:43,726 [INFO] step=9820 loss=2.9833 lm=2.9824 tps=8702
2026-06-04 14:53:55,442 [INFO] step=9830 loss=3.0002 lm=2.9993 tps=8700
2026-06-04 14:54:07,192 [INFO] step=9840 loss=3.0095 lm=3.0087 tps=8698
2026-06-04 14:54:18,929 [INFO] step=9850 loss=3.0136 lm=3.0128 tps=8696
2026-06-04 14:54:30,742 [INFO] step=9860 loss=3.0385 lm=3.0376 tps=8694
2026-06-04 14:54:42,510 [INFO] step=9870 loss=3.0226 lm=3.0218 tps=8691
2026-06-04 14:54:54,238 [INFO] step=9880 loss=3.0235 lm=3.0226 tps=8689
2026-06-04 14:55:06,091 [INFO] step=9890 loss=3.0507 lm=3.0498 tps=8687
2026-06-04 14:55:17,984 [INFO] step=9900 loss=2.9873 lm=2.9865 tps=8685
2026-06-04 14:55:29,867 [INFO] step=9910 loss=3.0528 lm=3.0519 tps=8682
2026-06-04 14:55:41,702 [INFO] step=9920 loss=2.9981 lm=2.9973 tps=8680
2026-06-04 14:55:53,482 [INFO] step=9930 loss=2.9713 lm=2.9704 tps=8678
2026-06-04 14:56:05,237 [INFO] step=9940 loss=3.0303 lm=3.0294 tps=8676
2026-06-04 14:56:16,940 [INFO] step=9950 loss=3.0486 lm=3.0477 tps=8674
2026-06-04 14:56:28,665 [INFO] step=9960 loss=3.0115 lm=3.0106 tps=8672
2026-06-04 14:56:40,373 [INFO] step=9970 loss=2.9943 lm=2.9934 tps=8670
2026-06-04 14:56:52,150 [INFO] step=9980 loss=2.9981 lm=2.9972 tps=8667
2026-06-04 14:57:03,897 [INFO] step=9990 loss=3.0163 lm=3.0154 tps=8665
2026-06-04 14:57:18,302 [INFO] step=10000 loss=3.0218 lm=3.0209 tps=8663
2026-06-04 14:57:18,303 [INFO] 🧹 GPU belleği temizleniyor (step 10000)...
2026-06-04 14:57:18,654 [INFO] ✅ GPU belleği temizlendi
2026-06-04 14:57:18,938 [INFO] GPU belleği temizleniyor...
2026-06-04 14:57:19,306 [INFO] GPU belleği başarıyla temizlendi.
2026-06-04 15:05:14,491 [INFO] AI Hızlandırıcı Durumu: Active
2026-06-04 15:05:27,893 [INFO] AI Hızlandırıcı Durumu: Active
2026-06-04 15:05:28,621 [INFO] ✅ UltraWNN tekrar aktif (tinygrad, maksimum hiz modu)
2026-06-04 15:06:31,199 [INFO] AI Hızlandırıcı Durumu: Active
2026-06-04 15:06:31,989 [INFO] ✅ UltraWNN tekrar aktif (tinygrad, maksimum hiz modu)
2026-06-04 15:07:18,128 [INFO] AI Hızlandırıcı Durumu: Active
2026-06-04 15:07:18,926 [INFO] ✅ UltraWNN tekrar aktif (tinygrad, maksimum hiz modu)
2026-06-04 15:08:15,014 [INFO] AI Hızlandırıcı Durumu: Active
2026-06-04 15:08:15,819 [INFO] ✅ UltraWNN tekrar aktif (tinygrad, maksimum hiz modu)
2026-06-04 15:12:02,498 [INFO] AI Hızlandırıcı Durumu: Active
2026-06-04 20:47:53,164 [INFO] AI Hızlandırıcı Durumu: Active
2026-06-04 20:48:16,023 [INFO] Streaming dataset hazır: C:\Users\Administrator\Desktop\OTOYA\data_archive\eita_dataset.chatml.tokens.bin (87614005 token, prefetch=8, EFT=False, batch_size=64)
2026-06-04 20:48:17,032 [INFO] Backend hazır: CL
2026-06-04 20:48:17,032 [INFO] Backend tuning: CACHELEVEL=3 fast_math=on
2026-06-04 20:48:17,032 [INFO] AI Hızlandırıcılar: Vulkan (Direct) - Active
2026-06-04 20:48:17,032 [INFO] ✅ Doğrudan AI hızlandırıcı erişimi aktif (128 hızlandırıcı)
2026-06-04 20:48:17,118 [INFO] ✅ UltraWNN tekrar aktif (tinygrad, maksimum hiz modu)
2026-06-04 20:48:17,484 [INFO] ✅ Force JIT aktif (49.7M) — deneysel JIT yolu kullanılıyor.
2026-06-04 20:48:17,484 [INFO] Cekirdek hazirlaniyor...
2026-06-04 20:48:24,191 [INFO] Warmup tamamlandı.
2026-06-04 20:48:24,192 [INFO] 🔄 Faz geçişi: -1 -> 1
2026-06-04 20:48:24,193 [INFO] Faz 1 — strength=0.000 [ULTRA_WNN JIT]
2026-06-04 20:48:36,711 [INFO] step=1 loss=19.1329 lm=19.1329 tps=1309
2026-06-04 20:48:36,712 [INFO]   ↳ RAW: loss=19.132944 lm_loss=19.132944 lr=3.00e-04 phase=1
2026-06-04 20:48:36,712 [WARNING] ⚠️ Step 1 çok yavaş: 12.52s
2026-06-04 20:49:03,187 [INFO] step=10 loss=3.1034 lm=3.1034 tps=4202
2026-06-04 20:49:03,187 [INFO]   ↳ RAW: loss=3.103448 lm_loss=3.103448 lr=3.00e-04 phase=1
2026-06-04 20:49:03,187 [WARNING] ⚠️ Step 10 çok yavaş: 10.07s
2026-06-04 20:49:22,983 [INFO] step=20 loss=2.8661 lm=2.8661 tps=5574
2026-06-04 20:49:22,983 [WARNING] ⚠️ Step 20 çok yavaş: 12.41s
2026-06-04 20:49:42,785 [INFO] step=30 loss=2.6478 lm=2.6478 tps=6254
2026-06-04 20:49:42,786 [WARNING] ⚠️ Step 30 çok yavaş: 12.55s
2026-06-04 20:50:02,517 [INFO] step=40 loss=2.4741 lm=2.4741 tps=6665
2026-06-04 20:50:02,517 [WARNING] ⚠️ Step 40 çok yavaş: 12.35s
2026-06-04 20:50:22,278 [INFO] step=50 loss=2.1614 lm=2.1614 tps=6937
2026-06-04 20:50:22,278 [WARNING] ⚠️ Step 50 çok yavaş: 12.49s
2026-06-04 20:50:42,101 [INFO] step=60 loss=2.2009 lm=2.2009 tps=7128
2026-06-04 20:50:42,101 [WARNING] ⚠️ Step 60 çok yavaş: 12.46s
2026-06-04 20:51:01,932 [INFO] step=70 loss=1.9692 lm=1.9692 tps=7271
2026-06-04 20:51:01,932 [WARNING] ⚠️ Step 70 çok yavaş: 12.54s
2026-06-04 20:51:07,347 [INFO] Eğitim durduruldu, GPU belleği temizleniyor...
2026-06-04 20:51:07,644 [INFO] GPU belleği temizlendi.
2026-06-04 20:51:13,858 [INFO] Streaming dataset hazır: C:\Users\Administrator\Desktop\OTOYA\data_archive\eita_dataset.chatml.tokens.bin (87614005 token, prefetch=8, EFT=False, batch_size=64)
2026-06-04 20:51:13,869 [INFO] Backend hazır: CL
2026-06-04 20:51:13,869 [INFO] Backend tuning: CACHELEVEL=3 fast_math=on
2026-06-04 20:51:13,869 [INFO] AI Hızlandırıcılar: Vulkan (Direct) - Active
2026-06-04 20:51:13,870 [INFO] ✅ Doğrudan AI hızlandırıcı erişimi aktif (128 hızlandırıcı)
2026-06-04 20:51:14,333 [INFO] ✅ Force JIT aktif (49.7M) — deneysel JIT yolu kullanılıyor.
2026-06-04 20:51:14,333 [INFO] Cekirdek hazirlaniyor...
2026-06-04 20:51:15,274 [INFO] Warmup tamamlandı.
2026-06-04 20:51:15,274 [INFO] 🔄 Faz geçişi: -1 -> 1
2026-06-04 20:51:15,275 [INFO] Faz 1 — strength=0.000 [ULTRA_WNN JIT]
2026-06-04 20:51:18,427 [INFO] step=1 loss=19.0063 lm=19.0063 tps=5196
2026-06-04 20:51:18,427 [INFO]   ↳ RAW: loss=19.006279 lm_loss=19.006279 lr=3.00e-04 phase=1
2026-06-04 20:51:36,642 [INFO] step=10 loss=3.1260 lm=3.1260 tps=7667
2026-06-04 20:51:36,642 [INFO]   ↳ RAW: loss=3.125999 lm_loss=3.125999 lr=3.00e-04 phase=1
2026-06-04 20:51:36,643 [WARNING] ⚠️ Step 10 çok yavaş: 11.22s
2026-06-04 20:51:56,022 [INFO] step=20 loss=2.8326 lm=2.8326 tps=8042
2026-06-04 20:51:56,023 [WARNING] ⚠️ Step 20 çok yavaş: 12.12s
2026-06-04 20:52:15,538 [INFO] step=30 loss=2.6609 lm=2.6609 tps=8156
2026-06-04 20:52:15,539 [WARNING] ⚠️ Step 30 çok yavaş: 12.36s
2026-06-04 20:52:34,923 [INFO] step=40 loss=2.4870 lm=2.4870 tps=8228
2026-06-04 20:52:34,924 [WARNING] ⚠️ Step 40 çok yavaş: 12.13s
2026-06-04 20:52:54,361 [INFO] step=50 loss=2.1692 lm=2.1692 tps=8267
2026-06-04 20:52:54,362 [WARNING] ⚠️ Step 50 çok yavaş: 12.24s
2026-06-04 20:53:13,718 [INFO] step=60 loss=2.0308 lm=2.0308 tps=8300
2026-06-04 20:53:13,719 [WARNING] ⚠️ Step 60 çok yavaş: 12.10s
2026-06-04 20:53:33,098 [INFO] step=70 loss=1.9995 lm=1.9995 tps=8321
2026-06-04 20:53:33,099 [WARNING] ⚠️ Step 70 çok yavaş: 12.23s
2026-06-04 20:53:52,563 [INFO] step=80 loss=1.9483 lm=1.9483 tps=8333
2026-06-04 20:53:52,563 [WARNING] ⚠️ Step 80 çok yavaş: 12.18s
2026-06-04 20:54:11,966 [INFO] step=90 loss=1.8762 lm=1.8762 tps=8345
2026-06-04 20:54:11,967 [WARNING] ⚠️ Step 90 çok yavaş: 12.20s
2026-06-04 20:54:31,447 [INFO] step=100 loss=1.7161 lm=1.7161 tps=8352
2026-06-04 20:54:31,448 [WARNING] ⚠️ Step 100 çok yavaş: 12.20s
2026-06-04 20:54:50,952 [INFO] step=110 loss=1.6782 lm=1.6782 tps=8356
2026-06-04 20:54:50,953 [WARNING] ⚠️ Step 110 çok yavaş: 12.30s
2026-06-04 20:55:10,318 [INFO] step=120 loss=1.6583 lm=1.6583 tps=8365
2026-06-04 20:55:10,319 [WARNING] ⚠️ Step 120 çok yavaş: 12.16s
2026-06-04 20:55:29,785 [INFO] step=130 loss=1.6350 lm=1.6350 tps=8369
2026-06-04 20:55:29,785 [WARNING] ⚠️ Step 130 çok yavaş: 12.16s
2026-06-04 20:55:49,255 [INFO] step=140 loss=1.8223 lm=1.8223 tps=8372
2026-06-04 20:55:49,255 [WARNING] ⚠️ Step 140 çok yavaş: 12.29s
2026-06-04 20:56:08,655 [INFO] step=150 loss=1.6658 lm=1.6658 tps=8377
2026-06-04 20:56:08,656 [WARNING] ⚠️ Step 150 çok yavaş: 12.10s
2026-06-04 20:56:28,119 [INFO] step=160 loss=1.4977 lm=1.4977 tps=8379
2026-06-04 20:56:28,120 [WARNING] ⚠️ Step 160 çok yavaş: 12.28s
2026-06-04 20:56:47,553 [INFO] step=170 loss=1.4935 lm=1.4935 tps=8382
2026-06-04 20:56:47,554 [WARNING] ⚠️ Step 170 çok yavaş: 12.17s
2026-06-04 20:57:07,101 [INFO] step=180 loss=1.5770 lm=1.5770 tps=8382
2026-06-04 20:57:07,101 [WARNING] ⚠️ Step 180 çok yavaş: 12.34s
2026-06-04 20:57:26,616 [INFO] step=190 loss=1.4040 lm=1.4040 tps=8383
2026-06-04 20:57:26,617 [WARNING] ⚠️ Step 190 çok yavaş: 12.24s
2026-06-04 20:57:46,056 [INFO] step=200 loss=1.5676 lm=1.5676 tps=8385
2026-06-04 20:57:46,057 [WARNING] ⚠️ Step 200 çok yavaş: 12.26s
2026-06-04 20:57:46,057 [INFO] 🧹 GPU belleği temizleniyor (step 200)...
2026-06-04 20:57:46,300 [INFO] ✅ GPU belleği temizlendi
2026-06-04 20:58:05,868 [INFO] step=210 loss=1.4536 lm=1.4536 tps=8380
2026-06-04 20:58:05,869 [WARNING] ⚠️ Step 210 çok yavaş: 12.32s
2026-06-04 20:58:25,294 [INFO] step=220 loss=1.3695 lm=1.3695 tps=8382
2026-06-04 20:58:25,295 [WARNING] ⚠️ Step 220 çok yavaş: 12.24s
2026-06-04 20:58:44,745 [INFO] step=230 loss=1.3690 lm=1.3690 tps=8384
2026-06-04 20:58:44,746 [WARNING] ⚠️ Step 230 çok yavaş: 12.26s
2026-06-04 20:59:04,173 [INFO] step=240 loss=1.3738 lm=1.3738 tps=8386
2026-06-04 20:59:04,174 [WARNING] ⚠️ Step 240 çok yavaş: 12.18s
2026-06-04 20:59:23,566 [INFO] step=250 loss=1.3077 lm=1.3077 tps=8388
2026-06-04 20:59:23,567 [WARNING] ⚠️ Step 250 çok yavaş: 12.22s
2026-06-04 20:59:43,071 [INFO] step=260 loss=1.3788 lm=1.3788 tps=8389
2026-06-04 20:59:43,072 [WARNING] ⚠️ Step 260 çok yavaş: 12.25s
2026-06-04 21:00:02,548 [INFO] step=270 loss=1.3921 lm=1.3921 tps=8390
2026-06-04 21:00:02,549 [WARNING] ⚠️ Step 270 çok yavaş: 12.31s
2026-06-04 21:00:22,008 [INFO] step=280 loss=1.4175 lm=1.4175 tps=8391
2026-06-04 21:00:22,009 [WARNING] ⚠️ Step 280 çok yavaş: 12.20s
2026-06-04 21:00:41,477 [INFO] step=290 loss=1.3188 lm=1.3188 tps=8392
2026-06-04 21:00:41,478 [WARNING] ⚠️ Step 290 çok yavaş: 12.30s
2026-06-04 21:01:00,900 [INFO] step=300 loss=1.2907 lm=1.2907 tps=8393
2026-06-04 21:01:00,901 [WARNING] ⚠️ Step 300 çok yavaş: 12.16s
2026-06-04 21:01:20,341 [INFO] step=310 loss=1.3355 lm=1.3355 tps=8394
2026-06-04 21:01:20,342 [WARNING] ⚠️ Step 310 çok yavaş: 12.28s
2026-06-04 21:01:39,776 [INFO] step=320 loss=1.2552 lm=1.2552 tps=8395
2026-06-04 21:01:39,777 [WARNING] ⚠️ Step 320 çok yavaş: 12.16s
2026-06-04 21:01:59,320 [INFO] step=330 loss=1.3128 lm=1.3128 tps=8395
2026-06-04 21:01:59,321 [WARNING] ⚠️ Step 330 çok yavaş: 12.37s
2026-06-04 21:02:18,745 [INFO] step=340 loss=1.2951 lm=1.2951 tps=8396
2026-06-04 21:02:18,746 [WARNING] ⚠️ Step 340 çok yavaş: 12.16s
2026-06-04 21:02:38,201 [INFO] step=350 loss=1.2427 lm=1.2427 tps=8397
2026-06-04 21:02:38,202 [WARNING] ⚠️ Step 350 çok yavaş: 12.30s
2026-06-04 21:02:57,676 [INFO] step=360 loss=1.2810 lm=1.2810 tps=8397
2026-06-04 21:02:57,677 [WARNING] ⚠️ Step 360 çok yavaş: 12.18s
2026-06-04 21:03:17,106 [INFO] step=370 loss=1.2134 lm=1.2134 tps=8398
2026-06-04 21:03:17,107 [WARNING] ⚠️ Step 370 çok yavaş: 12.24s
2026-06-04 21:03:36,583 [INFO] step=380 loss=1.2422 lm=1.2422 tps=8399
2026-06-04 21:03:36,584 [WARNING] ⚠️ Step 380 çok yavaş: 12.22s
2026-06-04 21:03:56,031 [INFO] step=390 loss=1.2732 lm=1.2732 tps=8399
2026-06-04 21:03:56,032 [WARNING] ⚠️ Step 390 çok yavaş: 12.28s
2026-06-04 21:04:15,525 [INFO] step=400 loss=1.2876 lm=1.2876 tps=8399
2026-06-04 21:04:15,526 [WARNING] ⚠️ Step 400 çok yavaş: 12.25s
2026-06-04 21:04:15,526 [INFO] 🧹 GPU belleği temizleniyor (step 400)...
2026-06-04 21:04:15,768 [INFO] ✅ GPU belleği temizlendi
2026-06-04 21:04:35,445 [INFO] step=410 loss=1.2233 lm=1.2233 tps=8395
2026-06-04 21:04:35,446 [WARNING] ⚠️ Step 410 çok yavaş: 12.43s
2026-06-04 21:04:54,956 [INFO] step=420 loss=1.3270 lm=1.3270 tps=8395
2026-06-04 21:04:54,957 [WARNING] ⚠️ Step 420 çok yavaş: 12.32s
2026-06-04 21:05:14,442 [INFO] step=430 loss=1.2709 lm=1.2709 tps=8395
2026-06-04 21:05:14,443 [WARNING] ⚠️ Step 430 çok yavaş: 12.32s
2026-06-04 21:05:33,980 [INFO] step=440 loss=1.2206 lm=1.2206 tps=8395
2026-06-04 21:05:33,981 [WARNING] ⚠️ Step 440 çok yavaş: 12.30s
2026-06-04 21:05:53,434 [INFO] step=450 loss=1.2426 lm=1.2426 tps=8396
2026-06-04 21:05:53,435 [WARNING] ⚠️ Step 450 çok yavaş: 12.28s
2026-06-04 21:06:12,804 [INFO] step=460 loss=1.2830 lm=1.2830 tps=8397
2026-06-04 21:06:12,804 [WARNING] ⚠️ Step 460 çok yavaş: 12.10s
2026-06-04 21:06:32,316 [INFO] step=470 loss=1.2076 lm=1.2076 tps=8397
2026-06-04 21:06:32,317 [WARNING] ⚠️ Step 470 çok yavaş: 12.36s
2026-06-04 21:06:51,742 [INFO] step=480 loss=1.1523 lm=1.1523 tps=8398
2026-06-04 21:06:51,743 [WARNING] ⚠️ Step 480 çok yavaş: 12.17s
2026-06-04 21:07:11,128 [INFO] step=490 loss=1.1899 lm=1.1899 tps=8399
2026-06-04 21:07:11,128 [WARNING] ⚠️ Step 490 çok yavaş: 12.22s
2026-06-04 21:07:48,576 [INFO] step=500 loss=1.2268 lm=1.2268 tps=8399
2026-06-04 21:07:48,578 [WARNING] ⚠️ Step 500 çok yavaş: 30.19s
2026-06-04 21:08:08,386 [INFO] step=510 loss=1.1378 lm=1.1378 tps=8248
2026-06-04 21:08:08,387 [WARNING] ⚠️ Step 510 çok yavaş: 12.64s
2026-06-04 21:08:28,117 [INFO] step=520 loss=1.1247 lm=1.1247 tps=8249
2026-06-04 21:08:28,117 [WARNING] ⚠️ Step 520 çok yavaş: 12.45s
2026-06-04 21:08:47,869 [INFO] step=530 loss=1.1975 lm=1.1975 tps=8250
2026-06-04 21:08:47,870 [WARNING] ⚠️ Step 530 çok yavaş: 12.61s
2026-06-04 21:09:07,657 [INFO] step=540 loss=1.1966 lm=1.1966 tps=8250
2026-06-04 21:09:07,658 [WARNING] ⚠️ Step 540 çok yavaş: 12.53s
2026-06-04 21:09:27,392 [INFO] step=550 loss=1.1543 lm=1.1543 tps=8251
2026-06-04 21:09:27,393 [WARNING] ⚠️ Step 550 çok yavaş: 12.57s
2026-06-04 21:09:47,188 [INFO] step=560 loss=1.1857 lm=1.1857 tps=8252
2026-06-04 21:09:47,189 [WARNING] ⚠️ Step 560 çok yavaş: 12.56s
2026-06-04 21:10:06,817 [INFO] step=570 loss=1.1793 lm=1.1793 tps=8253
2026-06-04 21:10:06,818 [WARNING] ⚠️ Step 570 çok yavaş: 12.48s
2026-06-04 21:10:26,604 [INFO] step=580 loss=1.1001 lm=1.1001 tps=8254
2026-06-04 21:10:26,605 [WARNING] ⚠️ Step 580 çok yavaş: 12.55s
2026-06-04 21:10:46,317 [INFO] step=590 loss=1.1250 lm=1.1250 tps=8255
2026-06-04 21:10:46,317 [WARNING] ⚠️ Step 590 çok yavaş: 12.58s
2026-06-04 21:11:05,981 [INFO] step=600 loss=1.0904 lm=1.0904 tps=8256
2026-06-04 21:11:05,982 [WARNING] ⚠️ Step 600 çok yavaş: 12.42s
2026-06-04 21:11:05,982 [INFO] 🧹 GPU belleği temizleniyor (step 600)...
2026-06-04 21:11:06,248 [INFO] ✅ GPU belleği temizlendi
2026-06-04 21:11:26,085 [INFO] step=610 loss=1.1724 lm=1.1724 tps=8254
2026-06-04 21:11:26,086 [WARNING] ⚠️ Step 610 çok yavaş: 12.60s
2026-06-04 21:11:45,861 [INFO] step=620 loss=1.1247 lm=1.1247 tps=8255
2026-06-04 21:11:45,862 [WARNING] ⚠️ Step 620 çok yavaş: 12.64s
2026-06-04 21:12:05,712 [INFO] step=630 loss=1.1253 lm=1.1253 tps=8255
2026-06-04 21:12:05,713 [WARNING] ⚠️ Step 630 çok yavaş: 12.64s
2026-06-04 21:12:25,461 [INFO] step=640 loss=1.1960 lm=1.1960 tps=8255
2026-06-04 21:12:25,462 [WARNING] ⚠️ Step 640 çok yavaş: 12.64s
2026-06-04 21:12:45,109 [INFO] step=650 loss=1.1256 lm=1.1256 tps=8257
2026-06-04 21:12:45,110 [WARNING] ⚠️ Step 650 çok yavaş: 12.42s
2026-06-04 21:13:04,849 [INFO] step=660 loss=1.1578 lm=1.1578 tps=8257
2026-06-04 21:13:04,850 [WARNING] ⚠️ Step 660 çok yavaş: 12.58s
2026-06-04 21:13:24,522 [INFO] step=670 loss=1.1782 lm=1.1782 tps=8258
2026-06-04 21:13:24,522 [WARNING] ⚠️ Step 670 çok yavaş: 12.47s
2026-06-04 21:13:44,199 [INFO] step=680 loss=1.1207 lm=1.1207 tps=8259
2026-06-04 21:13:44,200 [WARNING] ⚠️ Step 680 çok yavaş: 12.58s
2026-06-04 21:14:03,900 [INFO] step=690 loss=1.1849 lm=1.1849 tps=8260
2026-06-04 21:14:03,901 [WARNING] ⚠️ Step 690 çok yavaş: 12.49s
2026-06-04 21:14:23,592 [INFO] step=700 loss=1.1538 lm=1.1538 tps=8261
2026-06-04 21:14:23,593 [WARNING] ⚠️ Step 700 çok yavaş: 12.59s
2026-06-04 21:14:43,289 [INFO] step=710 loss=1.1176 lm=1.1176 tps=8262
2026-06-04 21:14:43,290 [WARNING] ⚠️ Step 710 çok yavaş: 12.50s
2026-06-04 21:15:03,096 [INFO] step=720 loss=1.0838 lm=1.0838 tps=8262
2026-06-04 21:15:03,097 [WARNING] ⚠️ Step 720 çok yavaş: 12.67s
2026-06-04 21:15:22,916 [INFO] step=730 loss=1.1077 lm=1.1077 tps=8262
2026-06-04 21:15:22,917 [WARNING] ⚠️ Step 730 çok yavaş: 12.62s
2026-06-04 21:15:42,577 [INFO] step=740 loss=1.0744 lm=1.0744 tps=8263
2026-06-04 21:15:42,578 [WARNING] ⚠️ Step 740 çok yavaş: 12.53s
2026-06-04 21:16:02,273 [INFO] step=750 loss=1.0957 lm=1.0957 tps=8264
2026-06-04 21:16:02,274 [WARNING] ⚠️ Step 750 çok yavaş: 12.49s
2026-06-04 21:16:22,028 [INFO] step=760 loss=1.1404 lm=1.1404 tps=8264
2026-06-04 21:16:22,029 [WARNING] ⚠️ Step 760 çok yavaş: 12.66s
2026-06-04 21:16:41,749 [INFO] step=770 loss=0.9977 lm=0.9977 tps=8265
2026-06-04 21:16:41,750 [WARNING] ⚠️ Step 770 çok yavaş: 12.53s
2026-06-04 21:17:01,418 [INFO] step=780 loss=1.1069 lm=1.1069 tps=8265
2026-06-04 21:17:01,419 [WARNING] ⚠️ Step 780 çok yavaş: 12.58s
2026-06-04 21:17:21,099 [INFO] step=790 loss=1.0661 lm=1.0661 tps=8266
2026-06-04 21:17:21,100 [WARNING] ⚠️ Step 790 çok yavaş: 12.56s
2026-06-04 21:17:40,803 [INFO] step=800 loss=1.1715 lm=1.1715 tps=8267
2026-06-04 21:17:40,803 [WARNING] ⚠️ Step 800 çok yavaş: 12.61s
2026-06-04 21:17:40,804 [INFO] 🧹 GPU belleği temizleniyor (step 800)...
2026-06-04 21:17:41,070 [INFO] ✅ GPU belleği temizlendi
2026-06-04 21:18:00,974 [INFO] step=810 loss=1.0634 lm=1.0634 tps=8265
2026-06-04 21:18:00,975 [WARNING] ⚠️ Step 810 çok yavaş: 12.73s
2026-06-04 21:18:20,644 [INFO] step=820 loss=1.0336 lm=1.0336 tps=8266
2026-06-04 21:18:20,645 [WARNING] ⚠️ Step 820 çok yavaş: 12.55s
2026-06-04 21:18:40,415 [INFO] step=830 loss=1.1054 lm=1.1054 tps=8266
2026-06-04 21:18:40,416 [WARNING] ⚠️ Step 830 çok yavaş: 12.59s
2026-06-04 21:19:00,237 [INFO] step=840 loss=1.0346 lm=1.0346 tps=8266
2026-06-04 21:19:00,238 [WARNING] ⚠️ Step 840 çok yavaş: 12.73s
2026-06-04 21:19:19,925 [INFO] step=850 loss=1.0925 lm=1.0925 tps=8267
2026-06-04 21:19:19,926 [WARNING] ⚠️ Step 850 çok yavaş: 12.50s
2026-06-04 21:19:39,685 [INFO] step=860 loss=1.0564 lm=1.0564 tps=8267
2026-06-04 21:19:39,686 [WARNING] ⚠️ Step 860 çok yavaş: 12.67s
2026-06-04 21:19:59,425 [INFO] step=870 loss=1.1018 lm=1.1018 tps=8267
2026-06-04 21:19:59,426 [WARNING] ⚠️ Step 870 çok yavaş: 12.55s
2026-06-04 21:20:19,176 [INFO] step=880 loss=1.1287 lm=1.1287 tps=8268
2026-06-04 21:20:19,176 [WARNING] ⚠️ Step 880 çok yavaş: 12.63s
2026-06-04 21:20:38,874 [INFO] step=890 loss=1.1775 lm=1.1775 tps=8268
2026-06-04 21:20:38,875 [WARNING] ⚠️ Step 890 çok yavaş: 12.50s
2026-06-04 21:20:58,663 [INFO] step=900 loss=1.1569 lm=1.1569 tps=8268
2026-06-04 21:20:58,664 [WARNING] ⚠️ Step 900 çok yavaş: 12.70s
2026-06-04 21:21:18,488 [INFO] step=910 loss=1.0250 lm=1.0250 tps=8268
2026-06-04 21:21:18,489 [WARNING] ⚠️ Step 910 çok yavaş: 12.63s
2026-06-04 21:21:38,263 [INFO] step=920 loss=1.1024 lm=1.1024 tps=8268
2026-06-04 21:21:38,264 [WARNING] ⚠️ Step 920 çok yavaş: 12.70s
2026-06-04 21:21:57,991 [INFO] step=930 loss=0.9738 lm=0.9738 tps=8269
2026-06-04 21:21:57,992 [WARNING] ⚠️ Step 930 çok yavaş: 12.55s
2026-06-04 21:22:17,716 [INFO] step=940 loss=1.0645 lm=1.0645 tps=8269
2026-06-04 21:22:17,717 [WARNING] ⚠️ Step 940 çok yavaş: 12.66s
2026-06-04 21:22:37,384 [INFO] step=950 loss=1.0640 lm=1.0640 tps=8270
2026-06-04 21:22:37,385 [WARNING] ⚠️ Step 950 çok yavaş: 12.48s
2026-06-04 21:22:57,100 [INFO] step=960 loss=1.1317 lm=1.1317 tps=8270
2026-06-04 21:22:57,101 [WARNING] ⚠️ Step 960 çok yavaş: 12.61s
2026-06-04 21:23:16,857 [INFO] step=970 loss=1.1710 lm=1.1710 tps=8271
2026-06-04 21:23:16,858 [WARNING] ⚠️ Step 970 çok yavaş: 12.59s
2026-06-04 21:23:36,567 [INFO] step=980 loss=1.1033 lm=1.1033 tps=8271
2026-06-04 21:23:36,568 [WARNING] ⚠️ Step 980 çok yavaş: 12.60s
2026-06-04 21:23:56,295 [INFO] step=990 loss=1.0554 lm=1.0554 tps=8271
2026-06-04 21:23:56,296 [WARNING] ⚠️ Step 990 çok yavaş: 12.65s
2026-06-04 21:24:26,821 [INFO] step=1000 loss=0.9797 lm=0.9797 tps=8272
2026-06-04 21:24:26,822 [WARNING] ⚠️ Step 1000 çok yavaş: 23.43s
2026-06-04 21:24:26,822 [INFO] 🧹 GPU belleği temizleniyor (step 1000)...
2026-06-04 21:24:27,089 [INFO] ✅ GPU belleği temizlendi
2026-06-04 21:24:50,437 [INFO] step=1010 loss=1.0622 lm=1.0622 tps=8212
2026-06-04 21:24:50,438 [WARNING] ⚠️ Step 1010 çok yavaş: 16.09s
2026-06-04 21:25:13,580 [INFO] step=1020 loss=1.1048 lm=1.1048 tps=8199
2026-06-04 21:25:13,581 [WARNING] ⚠️ Step 1020 çok yavaş: 16.02s
2026-06-04 21:25:36,809 [INFO] step=1030 loss=1.0782 lm=1.0782 tps=8186
2026-06-04 21:25:36,810 [WARNING] ⚠️ Step 1030 çok yavaş: 16.02s
2026-06-04 21:25:59,863 [INFO] step=1040 loss=0.9777 lm=0.9777 tps=8174
2026-06-04 21:25:59,864 [WARNING] ⚠️ Step 1040 çok yavaş: 15.94s
2026-06-04 21:26:23,065 [INFO] step=1050 loss=1.1281 lm=1.1281 tps=8162
2026-06-04 21:26:23,066 [WARNING] ⚠️ Step 1050 çok yavaş: 15.98s
2026-06-04 21:26:46,197 [INFO] step=1060 loss=0.9313 lm=0.9313 tps=8150
2026-06-04 21:26:46,198 [WARNING] ⚠️ Step 1060 çok yavaş: 16.02s
2026-06-04 21:27:09,353 [INFO] step=1070 loss=1.1160 lm=1.1160 tps=8138
2026-06-04 21:27:09,354 [WARNING] ⚠️ Step 1070 çok yavaş: 15.93s
2026-06-04 21:27:32,483 [INFO] step=1080 loss=1.0739 lm=1.0739 tps=8127
2026-06-04 21:27:32,484 [WARNING] ⚠️ Step 1080 çok yavaş: 16.03s
2026-06-04 21:27:55,916 [INFO] step=1090 loss=0.9873 lm=0.9873 tps=8115
2026-06-04 21:27:55,917 [WARNING] ⚠️ Step 1090 çok yavaş: 16.21s
2026-06-04 21:28:18,983 [INFO] step=1100 loss=1.0848 lm=1.0848 tps=8105
2026-06-04 21:28:18,984 [WARNING] ⚠️ Step 1100 çok yavaş: 15.96s
2026-06-04 21:28:42,271 [INFO] step=1110 loss=1.0436 lm=1.0436 tps=8094
2026-06-04 21:28:42,271 [WARNING] ⚠️ Step 1110 çok yavaş: 16.08s
2026-06-04 21:29:05,433 [INFO] step=1120 loss=1.0356 lm=1.0356 tps=8083
2026-06-04 21:29:05,434 [WARNING] ⚠️ Step 1120 çok yavaş: 16.07s
2026-06-04 21:29:28,607 [INFO] step=1130 loss=0.9973 lm=0.9973 tps=8073
2026-06-04 21:29:28,608 [WARNING] ⚠️ Step 1130 çok yavaş: 15.94s
2026-06-04 21:29:51,757 [INFO] step=1140 loss=1.1302 lm=1.1302 tps=8063
2026-06-04 21:29:51,758 [WARNING] ⚠️ Step 1140 çok yavaş: 16.05s
2026-06-04 21:30:14,932 [INFO] step=1150 loss=1.0560 lm=1.0560 tps=8053
2026-06-04 21:30:14,933 [WARNING] ⚠️ Step 1150 çok yavaş: 15.96s
2026-06-04 21:30:38,080 [INFO] step=1160 loss=1.0107 lm=1.0107 tps=8044
2026-06-04 21:30:38,081 [WARNING] ⚠️ Step 1160 çok yavaş: 16.05s
2026-06-04 21:31:01,185 [INFO] step=1170 loss=1.0565 lm=1.0565 tps=8034
2026-06-04 21:31:01,186 [WARNING] ⚠️ Step 1170 çok yavaş: 15.91s
2026-06-04 21:31:24,517 [INFO] step=1180 loss=1.0655 lm=1.0655 tps=8025
2026-06-04 21:31:24,518 [WARNING] ⚠️ Step 1180 çok yavaş: 16.24s
2026-06-04 21:31:47,636 [INFO] step=1190 loss=1.0978 lm=1.0978 tps=8016
2026-06-04 21:31:47,637 [WARNING] ⚠️ Step 1190 çok yavaş: 15.99s
2026-06-04 21:32:10,770 [INFO] step=1200 loss=0.9695 lm=0.9695 tps=8007
2026-06-04 21:32:10,771 [WARNING] ⚠️ Step 1200 çok yavaş: 16.05s
2026-06-04 21:32:10,771 [INFO] 🧹 GPU belleği temizleniyor (step 1200)...
2026-06-04 21:32:11,035 [INFO] ✅ GPU belleği temizlendi
2026-06-04 21:32:34,323 [INFO] step=1210 loss=1.0174 lm=1.0174 tps=7997
2026-06-04 21:32:34,324 [WARNING] ⚠️ Step 1210 çok yavaş: 16.11s
2026-06-04 21:32:57,548 [INFO] step=1220 loss=0.9799 lm=0.9799 tps=7988
2026-06-04 21:32:57,549 [WARNING] ⚠️ Step 1220 çok yavaş: 16.06s
2026-06-04 21:33:20,667 [INFO] step=1230 loss=1.0230 lm=1.0230 tps=7980
2026-06-04 21:33:20,668 [WARNING] ⚠️ Step 1230 çok yavaş: 15.93s
2026-06-04 21:33:43,815 [INFO] step=1240 loss=1.0840 lm=1.0840 tps=7972
2026-06-04 21:33:43,816 [WARNING] ⚠️ Step 1240 çok yavaş: 16.03s
2026-06-04 21:34:07,031 [INFO] step=1250 loss=1.0482 lm=1.0482 tps=7963
2026-06-04 21:34:07,032 [WARNING] ⚠️ Step 1250 çok yavaş: 16.01s
2026-06-04 21:34:30,284 [INFO] step=1260 loss=0.9990 lm=0.9990 tps=7955
2026-06-04 21:34:30,285 [WARNING] ⚠️ Step 1260 çok yavaş: 16.16s
2026-06-04 21:34:53,561 [INFO] step=1270 loss=0.9816 lm=0.9816 tps=7947
2026-06-04 21:34:53,562 [WARNING] ⚠️ Step 1270 çok yavaş: 16.09s
2026-06-04 21:35:16,809 [INFO] step=1280 loss=0.9911 lm=0.9911 tps=7939
2026-06-04 21:35:16,810 [WARNING] ⚠️ Step 1280 çok yavaş: 16.14s
2026-06-04 21:35:39,950 [INFO] step=1290 loss=1.0205 lm=1.0205 tps=7932
2026-06-04 21:35:39,951 [WARNING] ⚠️ Step 1290 çok yavaş: 15.94s
2026-06-04 21:36:03,099 [INFO] step=1300 loss=1.0730 lm=1.0730 tps=7924
2026-06-04 21:36:03,100 [WARNING] ⚠️ Step 1300 çok yavaş: 16.06s
2026-06-04 21:36:26,401 [INFO] step=1310 loss=1.0541 lm=1.0541 tps=7917
2026-06-04 21:36:26,402 [WARNING] ⚠️ Step 1310 çok yavaş: 16.10s
2026-06-04 21:36:49,405 [INFO] step=1320 loss=1.1076 lm=1.1076 tps=7910
2026-06-04 21:36:49,406 [WARNING] ⚠️ Step 1320 çok yavaş: 15.93s
2026-06-04 21:37:12,481 [INFO] step=1330 loss=0.9555 lm=0.9555 tps=7903
2026-06-04 21:37:12,482 [WARNING] ⚠️ Step 1330 çok yavaş: 15.89s
2026-06-04 21:37:35,712 [INFO] step=1340 loss=0.9777 lm=0.9777 tps=7896
2026-06-04 21:37:35,713 [WARNING] ⚠️ Step 1340 çok yavaş: 16.16s
2026-06-04 21:37:58,919 [INFO] step=1350 loss=1.0238 lm=1.0238 tps=7889
2026-06-04 21:37:58,920 [WARNING] ⚠️ Step 1350 çok yavaş: 15.98s
2026-06-04 21:38:22,157 [INFO] step=1360 loss=0.9438 lm=0.9438 tps=7882
2026-06-04 21:38:22,158 [WARNING] ⚠️ Step 1360 çok yavaş: 16.16s
2026-06-04 21:38:45,403 [INFO] step=1370 loss=0.9931 lm=0.9931 tps=7875
2026-06-04 21:38:45,403 [WARNING] ⚠️ Step 1370 çok yavaş: 16.07s
2026-06-04 21:39:08,553 [INFO] step=1380 loss=1.0006 lm=1.0006 tps=7869
2026-06-04 21:39:08,554 [WARNING] ⚠️ Step 1380 çok yavaş: 16.09s
2026-06-04 21:39:31,633 [INFO] step=1390 loss=1.1000 lm=1.1000 tps=7863
2026-06-04 21:39:31,634 [WARNING] ⚠️ Step 1390 çok yavaş: 16.01s
2026-06-04 21:39:54,682 [INFO] step=1400 loss=1.0461 lm=1.0461 tps=7857
2026-06-04 21:39:54,683 [WARNING] ⚠️ Step 1400 çok yavaş: 15.98s
2026-06-04 21:39:54,683 [INFO] 🧹 GPU belleği temizleniyor (step 1400)...
2026-06-04 21:39:54,943 [INFO] ✅ GPU belleği temizlendi
2026-06-04 21:40:18,111 [INFO] step=1410 loss=0.9889 lm=0.9889 tps=7850
2026-06-04 21:40:18,112 [WARNING] ⚠️ Step 1410 çok yavaş: 16.02s
2026-06-04 21:40:41,279 [INFO] step=1420 loss=0.9336 lm=0.9336 tps=7844
2026-06-04 21:40:41,280 [WARNING] ⚠️ Step 1420 çok yavaş: 16.11s
2026-06-04 21:41:04,490 [INFO] step=1430 loss=1.0363 lm=1.0363 tps=7838
2026-06-04 21:41:04,491 [WARNING] ⚠️ Step 1430 çok yavaş: 16.04s
2026-06-04 21:41:27,669 [INFO] step=1440 loss=0.9678 lm=0.9678 tps=7832
2026-06-04 21:41:27,670 [WARNING] ⚠️ Step 1440 çok yavaş: 16.12s
2026-06-04 21:41:50,824 [INFO] step=1450 loss=1.0362 lm=1.0362 tps=7826
2026-06-04 21:41:50,825 [WARNING] ⚠️ Step 1450 çok yavaş: 15.94s
2026-06-04 21:42:14,117 [INFO] step=1460 loss=0.9813 lm=0.9813 tps=7820
2026-06-04 21:42:14,117 [WARNING] ⚠️ Step 1460 çok yavaş: 16.21s
2026-06-04 21:42:37,323 [INFO] step=1470 loss=0.9747 lm=0.9747 tps=7814
2026-06-04 21:42:37,323 [WARNING] ⚠️ Step 1470 çok yavaş: 16.03s
2026-06-04 21:43:00,509 [INFO] step=1480 loss=0.9985 lm=0.9985 tps=7809
2026-06-04 21:43:00,510 [WARNING] ⚠️ Step 1480 çok yavaş: 16.08s
2026-06-04 21:43:23,686 [INFO] step=1490 loss=0.9428 lm=0.9428 tps=7803
2026-06-04 21:43:23,687 [WARNING] ⚠️ Step 1490 çok yavaş: 15.99s
2026-06-04 21:43:58,071 [INFO] step=1500 loss=0.9660 lm=0.9660 tps=7798
2026-06-04 21:43:58,072 [WARNING] ⚠️ Step 1500 çok yavaş: 27.32s
2026-06-04 21:43:59,168 [INFO] Eğitim durduruldu, GPU belleği temizleniyor...
2026-06-04 21:43:59,465 [INFO] GPU belleği temizlendi.
